customer_tweet_id,customer_message,uber_response,created_at,suggested_intent,intent
353087,@Uber_Support See you guys making situation complicated. Pls confirm do you charge for UP toll charges when the cab is already in UP.????,@199948 Happy to help! Looks like you were charged the UP tax and our team has correctly advised you in your original support thread. Please reply to us in-app or by e-mail and we'll gladly follow up.,Sat Nov 25 07:36:55 +0000 2017,fare_payment,
2574972,@Uber_Support having an issue with my account. Trying to buy the ride pass but it’s saying that I have an outstanding payment that I shouldn’t have.,@730195 We're happy to check on this with you. Please connect with us at https://t.co/V8YvTNr37q so we can take a look directly.,Thu Nov 30 21:22:27 +0000 2017,fare_payment,
667900,@115873 hope there's a lag in my credit to my account because my app is telling me I've been credited $5.00 🙃 https://t.co/aFcdQBraC5,@279216 Happy to help! Please reach out to https://t.co/zUe0dj6yoX and fill out the 4 boxes at the bottom so we can get in touch.,Thu Nov 23 03:27:24 +0000 2017,fare_payment,
2950089,@115873 My phone is 954-554-4853. Last night my driver of Chevrolet Equinox DVDC57 was lost. I watched him on map. I cancelled after seeing him wander in other directions. Was charged both $13. + $24.19 for next ride. Pls refund $24.19.,@136346 We can take a look! Send us a note via https://t.co/1xM0TILvAI so our team can get in touch.,Wed Nov 29 17:03:51 +0000 2017,fare_payment,
2482773,@115873 @Uber_Support Driver staged vomiting in the car and charged me $150. Everybody was sober. Uber won’t refund. Help.,@709336 We can definitely take a closer look! Contact us here https://t.co/a6RfeBkKmr so we can help.,Sun Oct 29 23:15:24 +0000 2017,fare_payment,
1231047,So @Uber_Support why did you just cancel my trip for no reason? I can't afford to resend it again after you already charge my card. What the hell? So I'm late for work because of this.,"@408748 Sorry for the trouble! Send us a note here, https://t.co/e8HVorX5rh and our team will be in touch.",Sat Nov 25 19:23:16 +0000 2017,fare_payment,
679980,@Uber_Support I don't speed have no History of tickets and I'm surprised that I was sent a message today about my driving. At a loss. And that goes to show you that some of your riders aren't always the source for feedback as many of them are in a bad mood to begin with.,@282233 We can definitely take a look! Send us a DM with your email address so we can follow up.,Thu Nov 23 07:58:59 +0000 2017,fare_payment,
1362627,@115873 you have a bad driver Karen driving a bmw in Miami. He claimed he went by us and then said we had too many bags paid 2 cancel fees,@437276 Here to help! Send us a note here; https://t.co/e8HVorX5rh and our team will be able to help.,Fri Oct 27 20:33:06 +0000 2017,fare_payment,
1104466,Should I tip my uber eats driver or does that come out of the fee?,"@348328 Hey, Bailey. For more information please visit the following page https://t.co/zqswAfUkwJ.",Sun Oct 15 04:19:43 +0000 2017,fare_payment,
14353,@Uber_Support Over 90 minutes with no response to missing items with my eats delivery. Do you even have support? I feel like the name lies,@119064 Here to help. Send us a note at https://t.co/ZFaWy0Lkdu so our team can connect.,Wed Nov 01 01:27:40 +0000 2017,fare_payment,
1144843,@Uber_Support I lost money after cancelling a trip (no cancellation fee) on my Uber gift card. Whom do I contact?,@389446 Oh no! Thanks for bringing this to our attention. DM us your account email along with details for assistance.,Sat Oct 14 19:34:24 +0000 2017,fare_payment,
2811229,"@115873 @Uber_Support I cannot delete my credit card information from App , it says you cannot delete the only payment methode ! Why not ? I want to delete it or delete my account.",@783943 We're here to help! Send us a note via https://t.co/OhfgxSjmGy so our team can connect.,Wed Nov 22 07:25:51 +0000 2017,fare_payment,
2226891,"@115873 Emma does rent a car as an @115873 driver! Curiously, she doesn't count her fixed costs in working out her self-employed hourly rate? Really?!",@650032 Due to our privacy policy we're not able to address these concerns over social. Please have the account holder (or the person you're writing in for) contact us at https://t.co/OhfgxSAY58 so we can assist them further. Please let us know if you have any other questions.,Fri Nov 10 10:25:04 +0000 2017,fare_payment,
1087469,@115873 Hi uber…I want to know that why i was charged because the driver canceled the trip?,@318191 We can absolutely follow up! Can you please send us a note via https://t.co/e8HVorX5rh,Sun Oct 15 02:54:24 +0000 2017,fare_payment,
2855764,@115873 your company is a utter joke. Got charged almost £2 for a ‘wait time’ when I was the one who was waiting🤔,@793787 We can definitely take a look! Send us a note via https://t.co/WJq5jsdLlf so our team can get in touch.,Mon Nov 27 21:21:41 +0000 2017,fare_payment,
1612071,It beats logic for @Uber_Support to estimate fare then once at the destination the cost almost doubles @115873,"@494716 We can definitely take a closer look! Contact us here; https://t.co/oEOANqFpjc, so we can help.",Sun Nov 05 12:18:29 +0000 2017,fare_payment,
1297303,"@Uber_Support I have sent the required info, if you need more, feel free to call me. Thanks",@423167 We're here to help! Send us a DM with your email address and more details so we can follow up.,Thu Oct 26 23:39:03 +0000 2017,fare_payment,
2387500,@Uber_Support Not happy with the response from your team. Why must I pay the parking fee. It's better to take the yellow cabs. Not at all satisfied. This is cheating..,@687985 Sorry to hear about that! Send us a DM with your email address and we'll connect.,Tue Nov 14 12:16:58 +0000 2017,fare_payment,
1092390,@115873 why is the cost of my trip different in the app receipt and my bank charge?,@377779 We'll be happy to take a closer look. Send us a note via https://t.co/ue84RGNpRP so our team can connect.,Sun Oct 15 04:17:40 +0000 2017,fare_payment,
1016486,"@115873 I made two journeys with you today, why have I been charged three times? https://t.co/aV6nUbV3SB",@300593 We're here to help! Please send us a note here; https://t.co/zJ6aIZinzb so our team can connect.,Sun Oct 22 19:11:14 +0000 2017,fare_payment,
1451658,"@Uber_Support sent you a dm, app is telling me I have a payment issue.",@456877 Here to help. Kindly send a note here: https://t.co/76zx6Rm1i6 so our team will get in touch.,Thu Nov 02 17:15:28 +0000 2017,fare_payment,
1027634,"@115873 hi! just had to cancel a trip because the driver's car was full, got charged a fee--any way to fix?","@363176 Sorry to hear that! Send us a note here, https://t.co/e8HVorX5rh and our team will be in touch.",Mon Oct 23 00:46:24 +0000 2017,fare_payment,
483902,"@Uber_Support placed order, restaurant prepared order was with delivery driver and then it gave message saying could not fulfil order. I waited an hour, have I been charged? I can't even find the order number now..it's no longer under my upcoming orders or previous orders",@230116 We're sorry to hear this was your experience. Kindly contact us via https://t.co/EGiaYE5JMU and we'll be in touch.,Fri Dec 01 14:48:08 +0000 2017,fare_payment,
2901196,".@Uber_Support - just downloaded the app last night using my friend’s link. Used uber today, but never saw a place to use credits from my “FREE Uber ride” How does this work? https://t.co/xO6hYP0ER4",@617358 Hi there! Please visit; https://t.co/CSw3jYhCzc for more info. Please let us know if you have any other questions or concerns.,Tue Nov 28 17:54:52 +0000 2017,fare_payment,
339185,@115873 @115873 it should be the same price. Why can't I contact you! Don't be A coward. Please explain this to me. #uberimsayingbye,@196987 We can take a look! Send us a note via https://t.co/svfvGm0VDb so our team can get in touch.,Sat Oct 07 23:16:20 +0000 2017,fare_payment,
1843731,@Uber_Support Ur driver kpt roamin around places &amp; kpt me waitin wen he cud juz pik me up in 2 mins juz coz it was a near trip &amp; u guyz chargin me 4 cancellations?I got a call recordin in wich driver askd 2 cncel d trip. Neways Im not payin d charge neither am I usin uber again,@552419 Sorry to hear about that! Can you please contact us via https://t.co/h840Iouehc so our team can connect?,Sun Nov 26 07:48:35 +0000 2017,fare_payment,
1602388,"@115873 .. despite promocode ( 60% off) check the pool price in guwahati, Assam. Is this a joke @115873 ? https://t.co/aM0Lf9E7p3","@386807 We're here to help, Ravi! Send us a DM with your email address so we can assist.",Tue Oct 17 09:47:23 +0000 2017,fare_payment,
1416500,What’s up w/@115873?? Took #uberPool &amp; was charged 2x the quote! Was this cause of no 2nd rider? This is the 2nd time in 24hrs! #notCool,@449208 Hi there! Find out more info about dynamic pricing here: https://t.co/kkAwlbpH4B,Thu Nov 02 02:09:06 +0000 2017,fare_payment,
150102,@Uber_Support I have been charged cancellation fee incorrectly. Please see.,@150232 We're sorry to hear this was your experience. Contact us via https://t.co/JyzdtQmyxT and we'll be in touch.,Fri Nov 24 15:03:15 +0000 2017,fare_payment,
2729230,@Uber_Support How do I query the fare for a family trip please?,@414541 We're here to help! Send us a DM with your email address and more details so we can follow up.,Mon Nov 20 14:48:00 +0000 2017,fare_payment,
1168916,@Uber_Support The fee i was charged at the end of the journey was different to what i was told on the app at time of booking,@394957 We're here to help! Please send us a note here; https://t.co/1xM0TILvAI so our team can connect.,Tue Oct 24 18:36:10 +0000 2017,fare_payment,
1396296,@115873 Why are drivers allowed to give 1* feedback after you neg them for their mistake?,@163689 Here to help! Please visit https://t.co/kWptmPiR2h for more info.,Sat Oct 28 14:42:40 +0000 2017,fare_payment,
2549925,@Uber_Support Not only did the driver went another different route as you can see on the driving record. overcharged $30,@724476 We can take a look! Send us a note via https://t.co/y4EDPcVZOI so our team can get in touch.,Mon Oct 30 14:17:40 +0000 2017,fare_payment,
1867347,@115873 @146956 @135788 Uber see I paid 259 for a pool ride wt longer route where an individual cab would hv costed 300 n shorter travel time; so whr is the saving https://t.co/cyHriLs8Q9,"@319716 Here to help! Send us a note here, https://t.co/rkdKXGV1hT, and our team will follow up.",Wed Oct 18 08:30:16 +0000 2017,fare_payment,
2961948,@Uber_Support i think i was charged twice for the same trip,@418748 We're here to help! Please send us a note via https://t.co/DceIRNI6kV so we can connect.,Wed Nov 29 21:03:16 +0000 2017,fare_payment,
2753912,@115873 Why have I just had a bill adjustment for a extra $15 because 4 people were in the car when it was just 2 of us! Ridiculous 😡,@337270 We'll get this sorted out! Please send us a note at https://t.co/d5bcSs07DJ so we can connect right away.,Tue Oct 31 18:27:51 +0000 2017,fare_payment,
19741,"@Uber_Support I️ got charged for a ride I️ never took, I️ tried using the help portion of the app but nobody ever reached out to me.",@780507 We're here to help! Send us a DM with your email address so we can follow up.,Tue Nov 21 22:28:52 +0000 2017,fare_payment,
1559402,@Uber_Support I requested a trip but the driver was rude he refused to take a trip after i was in his car and he charged me for no reason https://t.co/1mrAsTHyxE,@481898 That doesn't sound right. DM us the email address connected with your account so our team can follow up with you!,Sat Aug 19 19:25:09 +0000 2017,fare_payment,
135678,@Uber_Support Why should I be billed in the first place?,"@146579 thanks for reaching out. As requested, the credit on your account was removed and you were refunded the full fare of the cancellation fee. You should see this return in the next 3-5 business days.",Fri Nov 24 09:46:29 +0000 2017,fare_payment,
785178,Uber driver was getting food after confirming so I cancelled. Cancellation took ages to go through. Still got charged £4. Thanks @115873 🙄 https://t.co/plGbNVxyKv,"@307361 We're here to help! Send us a note here, https://t.co/e8HVorX5rh and so our team will assist.",Thu Oct 12 08:36:11 +0000 2017,fare_payment,
2871082,@Uber_Support I can’t use my free ride it’s asks for a payment method when it’s free,@250109 Here to help! Find out more info here https://t.co/paDlcZi0nv,Tue Nov 28 02:42:53 +0000 2017,fare_payment,
2738042,"@115873 you guys charged my account twice for ONE ride and this isn’t the first this has been done!!! How can I get this resolved, I’ve done what I can in the actual app",@356090 Here to help! Please send us a DM with your email address so we can connect.,Mon Nov 20 20:38:17 +0000 2017,fare_payment,
2904370,@Uber_Support then ya’ll trying to force me to pay the extra charge before I can use my account !!,@566306 Happy to take a look! Send us a note via https://t.co/DceIRNI6kV so our team can connect.,Tue Nov 28 19:23:17 +0000 2017,fare_payment,
2961950,"@Uber_Support hello. You charged me almost $10 for a trip you told me was $2,54. I did not travel as much as you told me i did in the email you send me. How can we solve this?",@817363 Happy to take a closer look! Send us a DM with your email address so we can follow up.,Wed Nov 29 21:03:02 +0000 2017,fare_payment,
32001,@Uber_Support Since 12Oct you are saying that 2 reversals will b credited in 2-3 days. Its November guys. Where are the reversals?#UberSucks,"@123083 We can see a member of our team has reached out via email. Due to the nature of this issue, please follow up there. Thanks!",Tue Oct 31 19:25:20 +0000 2017,fare_payment,
2410602,@Uber_Support can you please contact me to help me. I was charged for nothing on my UberEATS account. Please give me a contact number to call. Or get back to me on Twitter,@693075 Hi there! We see your outreach via in-app. It seems a member of our team is currently reviewing your query and we'll follow shortly. We appreciate your patience.,Tue Nov 14 15:42:50 +0000 2017,fare_payment,
2086440,@Uber_Support so i get a driver that starts the trip without me in the vehicle makes no contact and then ends the trip and I'm charged for it????,"@616924 Here to help, Jessica! Send us a note here, https://t.co/1xM0TILvAI, and our team will follow up.",Wed Nov 08 05:50:36 +0000 2017,fare_payment,
524989,You ever notice all @115873 @115879 drivers are males ? I canceled a dozen rides tonight due to just receiving a women to take my girlfriend home and got charged for my cancellations. Bullshit. No safety assures what so ever.,"@241415 Here to help! To know more about cancellation fees, please visit; https://t.co/sSyGYn6Azn",Sat Dec 02 05:46:05 +0000 2017,fare_payment,
468284,"@Uber_Support why the hell am i not able to make a payment for my last trip. You are the first company i encountered that does not want the money customer is trying to pay. Not able to book another ride. tried all payment options from website login, still doesn't work. need help!","@226503 We're here to help! Send us a note here, https://t.co/xMxswVLBKT and our team will be in touch.",Fri Dec 01 06:07:55 +0000 2017,fare_payment,
416165,"@115873 @Uber_Support your drivers canceled on me...I only got back the $5 cancellation fee, can I have my $16 back please? ON MY CARD.",@214254 Sorry to hear about the troubles. Please DM us the email address linked to your Uber account so we can look into this for you.,Tue Oct 10 00:28:02 +0000 2017,fare_payment,
574676,That terrible feeling when your just outside the #UberEats app zoning. @115873,@255181 Hi Nicholas! We're working hard to expand our service area. Stay tuned to our website for updates: https://t.co/Mf9vzZ0uru,Sun Dec 03 07:09:09 +0000 2017,fare_payment,
2456809,@Uber_Support I was quoted £3-4 for my uber but I've been charged £5.75 😡,@216015 We apologize for the trouble! Can you please contact us via https://t.co/1xM0TJ36sg so our team can connect?,Sun Oct 29 18:08:18 +0000 2017,fare_payment,
2597203,@Uber_Support got charged for a ride I didn’t even take ???? What a joke you guys are,@735358 Here to help! Please send us a note at https://t.co/dInR3racif and we'll be happy to look into this for you.,Fri Nov 17 04:16:58 +0000 2017,fare_payment,
1515405,@115873 @133311 @115873 @133311 I want a refund as my bank account reflects I was charged a cancellation fee,"@471593 We want to follow up, Shane. Can you please send a note our way via https://t.co/QsI1vsvcif?",Fri Nov 03 18:36:24 +0000 2017,fare_payment,
2171767,It’s not fare for driver to demand after trip starts ( unless we agree they drop us in between) and @115873 is worried about your promise to customer. What’s the difference between #uber and local auto?,@636956 Here to help! Please send us DM your email address with details so we can follow up.,Thu Nov 09 12:14:33 +0000 2017,fare_payment,
683905,@Uber_Support If I am credited why do i need to pay the next driver. As a matter of fact if a driver is the one that cancels the trip why at all should a charge be on my account. Come on,@283219 Thanks for the quick response. Can you send us a DM (direct message) with your email address so we can follow up.,Thu Nov 23 12:25:46 +0000 2017,fare_payment,
2933207,@Uber_Support right now I going to Guwahati airport.. driver forcing me to cancel ride.. because I have selected online payment methods..,@683352 We're so sorry about that! Can you please send us a DM with your email address and additional details so we can assist?,Wed Nov 29 09:01:57 +0000 2017,fare_payment,
2609383,@Uber_Support hasn't sent me my bills in months! Repeated requests go unanswered.,@131094 Hi A$hWiNi! Find out more info here: https://t.co/mHNQLPUf5T,Fri Nov 17 10:30:19 +0000 2017,fare_payment,
1419157,@Uber_Support ... why does it show two charges for same ride? https://t.co/jYZhRfHX0G,@449873 Here to help! Send us a note via https://t.co/DceIRNI6kV so our team can connect.,Wed Nov 01 23:54:31 +0000 2017,fare_payment,
2642288,@115873 I have contacted multiple times through the app for being overcharged. My email is __email__ if you need it. Frustrated,"@745609 Hey, Ash. A member of our team has been in touch via email, so please check your inbox and follow up there directly.",Tue Oct 31 00:39:06 +0000 2017,fare_payment,
2735805,@Uber_Support I received the direct msg after checking of my charge and said it is surge price(doubled price). It is really unexpected charge. The estimate price was been given 20mins ago of the trip. It would be most accurate. How can we know if surge price before trip start?,@758335 We're currently reviewing your email and will connect shortly. Thanks!,Sun Nov 26 23:44:23 +0000 2017,fare_payment,
123143,@115873 @Uber_Support One of your driver named JERMAINE is attempting to scam with a fraudulent 'mess' charge. WHERE IS THE PROOF JERMAINE https://t.co/0eBWTvC51I,@143505 We'll be happy to take a closer look. Send us a note via https://t.co/a6RfeBkKmr so our team can connect.,Fri Nov 24 00:28:15 +0000 2017,fare_payment,
274145,@115873 @119983 launched #carpool in #Ahmedabad and shows same fare for #uberpool &amp; #ubergo #pathetic. Promised 40% reduced fares https://t.co/9yENlR9YV2,@181503 We're here to help! Send us a DM with your email address and phone number so we can connect.,Fri Oct 06 05:08:18 +0000 2017,fare_payment,
1823052,"One of your cars canceled on me and I was charged full rides (not the standard 5$) 4 times, You guys need to reimburse me! @Uber_Support",@394725 We're happy to review this for you. Please send us a note here; https://t.co/oEOANqFpjc and our team will get in touch to help you further.,Sun Oct 15 19:14:25 +0000 2017,fare_payment,
2392004,.@115877 You should let people know that you don't deliver to their area BEFORE they set up an account and enter payment information! Now I can't delete my account. #dataprotectionissue,@688887 Here to help! Send us a note at https://t.co/jzZ4eEM0T3 so our team can connect.,Tue Nov 14 10:05:59 +0000 2017,fare_payment,
1281504,bummer i can't make any of my credit cards work. any solution? I've tried solutions from forums t no avail. I'll take a cab instead @115873 https://t.co/Pewhx8LCA2,@419830 We can take a look! Send us a note via https://t.co/yqIhbGRNqi so our team can get in touch.,Thu Oct 26 17:06:10 +0000 2017,fare_payment,
937530,My uber last night charged me $17 when it said it was gonna be $4 I'm pissed. I lowkey think it's bc I curved the uber driver @115873 FIX THIS,"@342242 Here to help! Follow up here; https://t.co/1xM0TILvAI, and our team will connect right away.",Sat Oct 21 18:22:06 +0000 2017,fare_payment,
1502099,@Uber_Support Charged multiple times in Mexico City for rides I didn't take. Can't get any online help!!,"@241346 We're sorry to hear this was your experience! Send us a note here, https://t.co/dInR3racif, and our team will be in touch.",Fri Nov 03 14:15:43 +0000 2017,fare_payment,
1384863,@223149 5 drivers cancelled pick up. $30 in fees. No right to charge me. Refunded in uber credits. What a disgrace. Left stranded.,@442258 Here to help! Send us a note via https://t.co/e8HVorX5rh so our team can connect.,Sat Oct 28 08:51:38 +0000 2017,fare_payment,
1478433,@Uber_Support I had to cancel the trip at my cost as the driver never showed up ever after waiting for 39 Min,@463315 Please be sure to follow up with the link provided so we can make this right for you.,Thu Nov 02 23:11:01 +0000 2017,fare_payment,
613206,"@Uber_Support Hello that doesn't answer my question, why 2 prices when booked at the same time + journey same distance and time? It was over double the price.",@265816 Here to help! Send us a note here https://t.co/OhfgxSAY58 so we can assist.,Mon Nov 20 23:35:41 +0000 2017,fare_payment,
376851,@Uber_Support I reset my password and didn't see any charges.. should I do anything else?,@205414 We apologize for the trouble! Please DM us your email address and we'll follow up.,Mon Oct 09 01:46:44 +0000 2017,fare_payment,
2614364,"@115877 ubereats.. Whats going on!!! cant order from place i always order from because now its too far!!! then when it finally goes thru cant pay ""Error verifying payment profile"" then ""Could not find created order"" errors!!! wtf!!","@739054 We apologize for the trouble! Send us a note here, https://t.co/3eYc7uUEUm, and our team will be in touch.",Fri Nov 17 13:38:40 +0000 2017,fare_payment,
1790864,"@14667 I just had a $53 gift card on my account, i took an $18 ride and now its gone. I need my money back or i will dispute the charge","@537944 Hi, Em. Please reach out to us using the link at the bottom of this page: https://t.co/hwAiYDki1e and a member of our team will follow up!",Thu Oct 12 20:32:58 +0000 2017,fare_payment,
2857396,@Uber_Support. I have been waiting for this ride for more than an hour. I can't cancel this coz I will be charged R25. What do I do now. I'm running out of data here https://t.co/UxLr5wM2ek,@794148 Here to help! Can you please contact us via https://t.co/e8HVorX5rh so our team can connect.,Mon Nov 27 21:26:41 +0000 2017,fare_payment,
1461045,@115873 it is unfair to charge me 5 ringgit in the next trip.the uber driver i called told me he didn’t manage to take me to the place I wan.,@459113 Here to help. Send us a note at https://t.co/1xM0TILvAI so our team can connect.,Thu Nov 30 18:55:32 +0000 2017,fare_payment,
1231042,I have a question concerning a trip we took last night. We were charged 33 dollars and still had to walk 1.5 miles and cross several streets illegally. @Uber_Support,@408746 We're sorry to hear this was your experience. Please send us a note via https://t.co/WFtPA6RjWt so we can assist.,Sat Nov 25 19:22:42 +0000 2017,fare_payment,
1901740,@115873 my aunt’s card is being charged for rides we never took. Help!,"@566758 Due to our privacy policy, we will have to speak directly to the account holder. Please have them contact us via https://t.co/QDn91Hiowq",Tue Oct 24 03:26:45 +0000 2017,fare_payment,
34711,@115873 my trip &lt;8km was charged like &gt;30km trip,@123529 Here to help! Send us a note via https://t.co/ue84RGNpRP so our team can get in touch.,Wed Nov 01 13:23:00 +0000 2017,fare_payment,
1155715,@Uber_Support is a huge mess! My rides kept getting cancelled at the last minute because they said my credit cards were invalid. Idiots!!,@391868 Oh no! Thanks for bringing this to our attention. DM us your account email along with details for assistance.,Sun Oct 15 14:47:41 +0000 2017,fare_payment,
2981016,@115873 so how can I contact support? I had my friend use my code for a free ride and instead she got charged and I never got the credit.,"@822197 HI Frances, please provide details at; https://t.co/lqVgKo4ZO3 and a member of our team will be in touch.",Tue Oct 31 20:32:03 +0000 2017,fare_payment,
438177,"So the driver refused to goto our destination but I still had to pay a 100 pesos cancellation fee, even if he's the one who cancelled? @115873 fucking do something about this bullshit",@219102 Here to help! Send us a note here; https://t.co/iOszeeHZhQ and our team will be able to assist!,Sat Nov 25 06:03:59 +0000 2017,fare_payment,
2846357,Good evening @Uber_Support @115873 I was billed twice for one trip. Please explain.,"@791671 We can definitely take a closer look! Contact us here; https://t.co/DceIRNI6kV, so we can help.",Mon Nov 27 18:19:02 +0000 2017,fare_payment,
1454626,@115873 I was charged for a ride I don’t even know about. What do I do?,@457615 We can take a look on these. Kindly send a note here: https://t.co/dInR3racif so we can connect.,Thu Nov 02 14:58:27 +0000 2017,fare_payment,
587491,@Uber_Support Why was I charged an extra $27 to my fare after I was dropped off? What kind of business practice is that? I'll take my business else where if I don't get that charged back.,"@258783 Here to help! Send us a note here, https://t.co/Xp8oSaP01X and our team will follow up.",Sun Dec 03 15:41:30 +0000 2017,fare_payment,
1761480,Hey @115873 @Uber_Support know what sucks? When driver speeds off while you’re flagging them down in the rain &amp; you have to re-book at 2x cost,@160650 So sorry about that! Find out about our cancellation policy here; https://t.co/JyzdtQmyxT.,Tue Nov 07 20:21:23 +0000 2017,fare_payment,
2685882,"@Uber_Support Aaaaand 24hrs later - £8.00 and one delivery fee refunded. All-in, between the 2 attempts, that was a £42 meal that you totally trashed. Well done. @2350 we’re never cheating on you again https://t.co/OC2d9k3k4g","@755335 Hi, Krishna. We've followed up via DM.",Sun Nov 19 13:06:24 +0000 2017,fare_payment,
2777652,"@Uber_Support On Sunday morning, my ride literally left me in the rain at 1am and drove away. He didn't return to get me. I was not late. Support via app is useless and won't reply to me in English. Please reverse the cancellation fee. Thanks :)",@373083 We've refunded the cancellation fee. You should see the credit within 1-3 business days.,Tue Nov 21 15:42:51 +0000 2017,fare_payment,
2729203,@Uber_Support Please look at my specific account not generic instructions. I have had my payments depositEd immediately for months. Suddenly yesterday I changed my debit card and you froze my money. No creditable explanation given. Now my uber account shows 0 balance and my bank accounts 0,@284340 It seems a member of our team has reached out to you. Please check your email and follow up with them there.,Mon Nov 20 14:41:25 +0000 2017,fare_payment,
1175617,@Uber_Support Just got charged £5 cancellation fee because driver was in the wrong place and wouldn't move.. Can you refund please?,@139242 Here to help! Please send us a note at https://t.co/lyqXfccOQi and we'll be happy to look into this for you.,Tue Oct 24 20:39:37 +0000 2017,fare_payment,
2041099,"Hey @115873 I️ want to know why one of your drivers sped past my sister and I️ in the rain, and then “picked us up” and “dropped us off” in a matter of 30 seconds so SHE GOT CHARGED FOR IT????","@603506 Due to our privacy policy, we will have to speak directly to the account holder. Please have them contact us via https://t.co/WFtPA6RjWt",Wed Nov 08 00:48:55 +0000 2017,fare_payment,
2134222,another lovely move. @115873 will now force charge you cancellation fees when they repeatedly told you a pool is 2 minutes away and then matched you with someone 20 minutes away.,"@627914 Hey there, Nauzli. Let's take a closer look into this request for you. Please DM the email address to your Uber account so we can connect.",Wed Nov 08 17:16:28 +0000 2017,fare_payment,
1246914,Gotta love @115873 Eats: drink spills en route and only refunds the cost of the food. I guess I paid $4.99 to spend three hours complaining?,@412543 We have received your DM and will connect with you there. Thanks!,Thu Oct 26 00:53:47 +0000 2017,fare_payment,
1247347,@Uber_Support my card got charged 4 times...,@412658 Here to help! Send us a DM with your email address with more info so we can assist.,Thu Oct 26 00:47:35 +0000 2017,fare_payment,
2544059,"@115873 total fare &amp;amount reflecting in receipt both are different for 3 rides, got virtual credits which were never deducted from total fare",@723209 We're here to help! Please send us a note via https://t.co/1xM0TILvAI so we can take a closer look.,Thu Nov 16 13:32:22 +0000 2017,fare_payment,
2450616,@115873 @Uber_Support Why was I charged another $144?! No explanation on updated receipt. Comment was in Spanish. Not helpful. #needexplantion,@702307 We can definitely follow up! Send us a note here; https://t.co/mCbloZWiGj so our team can connect.,Sun Oct 29 16:32:44 +0000 2017,fare_payment,
997915,@115873 wtf? My driver cancelled on me when she arrived. When I requested a new uber she confirmed it so i had her twice and got charged twice.,@356296 Here to help! Send us a note here https://t.co/1xM0TILvAI so we can assist.,Mon Nov 20 04:32:52 +0000 2017,fare_payment,
2837745,So I don't use @115873 too much cuz I'm broke...do the drivers not make a portion of the fare? Is the tip option so that they make money or for extra $$ for a good experience...help!,"@789798 Happy to explain, Christopher. Uber partners earn money based on the trips that are taken whether or not a tip is offered. Tips are extra earnings and are sent directly to the partner with no service fee taken out.",Mon Nov 27 15:35:42 +0000 2017,fare_payment,
464435,"@Uber_Support ?? Naw, just pass on the feedback internally. No need to email",@225430 Here to help. Kindly send us a contact information with email address so we can connect.,Fri Dec 01 15:48:31 +0000 2017,fare_payment,
2596500,@Uber_Support I was charged 70% extra than displayed fare. Uber is so sneaky and shady!,@395965 So sorry for the trouble! Send us a note via https://t.co/oEOANqFpjc so our team can assist.,Fri Nov 17 03:35:07 +0000 2017,fare_payment,
1379957,@115873 is on some real bullshit sayin my ride is going to cost $6.99 but my receipt says $15.14 #lyft where you at #nofraud,@441242 Here to help! Send us a note here: https://t.co/6IqAxVj2X4 and our team will be in touch.,Sat Oct 28 04:33:11 +0000 2017,fare_payment,
2975053,@115873 I love how my uber driver at #PHX just told me he wouldn't make it and then refused to cancel so my card got charged full fare. Seems like fraud to me. And for the record this was Uber Black not Uber X. https://t.co/5TAoGmWaN0,@256906 Here to help. Send us a note at https://t.co/wW2bTlNcsR so our team can connect.,Thu Nov 30 02:30:25 +0000 2017,fare_payment,
1759728,"@Uber_Support hey uber, I take about 8-10 rides a week &amp; love using your new updated service. But I was just charged a $5 cancellation fee. https://t.co/yGPPz0DjtQ",@529657 We're sorry to hear this was your experience. Contact us via https://t.co/h840Iouehc and we'll be in touch.,Tue Nov 07 23:18:43 +0000 2017,fare_payment,
1660949,Already wrote to you there. Not only did I miss my train and first meeting in Philly but also had to pay a $19 change fee for tickets @115873 https://t.co/OvMVGuZNiY,@405881 We apologize for the trouble! Send us a DM with your email address and we'll follow up.,Wed Oct 25 14:55:27 +0000 2017,fare_payment,
2637048,Why do I have to pay a cancellation fee when the UberXL I order could not seat 6 people? @Uber_Support #uberXL,@744304 We're always here to help! Please send us a note at https://t.co/lyqXfbVdYK and we'll be happy to look into this for you.,Fri Nov 17 20:33:30 +0000 2017,fare_payment,
473390,@Uber_Support They gave me a $10 credit for a $57 meal that went to waste 🙄,@227717 Sorry for the trouble! Please send us a DM with your email address with details so we can follow up.,Sat Dec 02 03:57:48 +0000 2017,fare_payment,
2177806,"@115873 @Uber_Support imagine taking a 10 min drive and paying $30??? Listen, I didn’t tell your driver to take the toll!!! I’ve been taking @115873 for a yr now and NEVER paid 30 to go ANYWHERE!If I knew the fare would be 30 I wouldn’t have requested your @115873,This is unacceptable! https://t.co/99SPXu06pl",@635004 Hi there! We see your outreach via in-app. It seems that a member of our team has already responded. Please reply there for an additional question. Thanks.,Thu Nov 09 13:09:21 +0000 2017,fare_payment,
1588326,@Uber_Support Good evening I had placed a wrong address on my app and was charged for it all ready taken out of my bank account https://t.co/yS1c2Os0GO,@488481 @115873 We're so sorry about that! Please send us a DM with your email address with details so we can connect.,Sat Nov 04 22:50:45 +0000 2017,fare_payment,
996981,"@Uber_Support No matter how many times I contact you, I cannot get my AMEX credits to work. Your suggestions don't work. This is incredibly frustrating",@356079 So sorry about that! Send us a direct message (DM) with your email address so we can connect right away.,Tue Nov 21 18:11:15 +0000 2017,fare_payment,
2501010,@Uber_Support @115873 your services suck in the UAE. :/ you are not transparent AT ALL in your fare and you don't even adjust the fare once it is completed. The upfront payment is a disaster. Guess I will shift to @23706 services since they are more transparent.,@322367 We're so sorry about that! Can you please send us a DM with your email address and additional details so we can assist?,Wed Nov 15 19:14:17 +0000 2017,fare_payment,
1043132,@Uber_Support received a receipt which I cannot open for a cancelled trip today which the driver cancelled?,@311320 We're happy to connect. Please DM us the email on your account and we'll be in touch shortly.,Thu Oct 12 17:42:46 +0000 2017,fare_payment,
1769497,I have emailed uber 3 times but have not had any luck with getting at least a refund of the surcharge.Just wanted to warn people especially any girls as the situation could have ended so much worse. I've posted the guy from uber as an FYI @115873 @Uber_Support,@531997 Here to help! Please send us a DM with your email address and more info regarding your concern so we can assist.,Tue Nov 07 23:07:10 +0000 2017,fare_payment,
12628,@Uber_Support I did about 30 minutes ago. Have not heard anything or any response. I’ll just contest through my credit card.,@118528 Our team is reviewing your email from __email__' and will be in touch. We appreciate your patience!,Wed Nov 01 02:08:52 +0000 2017,fare_payment,
943641,@115877 order took over an hour to come for it to be wrong and I’ve been over charged for what got delivered 🙃,"@343731 Here to assist, Rhian! Please DM us the email address associated with your account to look further into this.",Sat Oct 21 16:18:11 +0000 2017,fare_payment,
2978376,"@Uber_Support I wasn’t charged a cancellation fee, they charged me for the ride.",@821421 We're here to help! Send us a DM with your email address so we can follow up.,Thu Nov 30 03:38:51 +0000 2017,fare_payment,
1948216,@Uber_Support Not happy at all. Reached out for support because of trip charge (You had the wrong location) and Support person did not 1/2,@204378 Hi there! It appears that our team has followed up with you via email regarding this matter. Please follow up with them there.,Mon Oct 30 14:28:28 +0000 2017,fare_payment,
554113,@uber_support I WAS OVERCHARGED FROM $12 TO $148+ ON NOV 30. YOU SAID I WILL GET MY MONEY BACK. BUT WHEN? I WANT MY MONEY NOW NOT LATER.,@249288 Sorry to hear about that! Send us a DM with your email address so we can follow up.,Sat Dec 02 20:01:16 +0000 2017,fare_payment,
139569,@Uber_Support i don’t understand why i’ve been charged it doesn’t make sense,"@124279 We're happy to follow up, Soph. Can you please send a note our way via https://t.co/wW2bTlNcsR?",Fri Nov 24 13:05:13 +0000 2017,fare_payment,
2783434,I had 2 drivers cancel on me b/c of it cc: @Uber_Support And before you tell me “put feedback in the app” - there is no good way to give this feedback in the app,@250666 Here to help! Send us a note here; https://t.co/e8HVorX5rh and our team will be able to help.,Tue Nov 21 17:25:41 +0000 2017,fare_payment,
2910859,"@Uber_Support Hello this was followed up however I do not feel this has been handled properly and all I have been asked to do is rate the driver, not good enough, you need to look into this ASAP @594417",@121165 We can assure you a member of our team will be in touch via in app support asap. Please direct any further questions or concerns there. Thank you for your patience.,Wed Nov 29 08:38:21 +0000 2017,fare_payment,
1298556,@115873 I had issues with a fare when the app froze and wouldn’t let me start the trip,"@423482 Sorry to hear of the trouble, James! Please reach out to us here: https://t.co/FF2YGTGjuA so we can follow up.",Thu Oct 26 22:20:59 +0000 2017,fare_payment,
843274,"Last night I paid Rs. 510 to @115873's cab from IGI Airport to Wazirabad Sec 52, didn't receive any SMS/invoice for the bill. Quite nonsensical!","@320535 Here to help, Bhaskar! Send us a note here; https://t.co/1ZhWn0IZsw and our team will be able to assist!",Mon Oct 09 10:09:53 +0000 2017,fare_payment,
827942,"@Uber_Support Do you have a UK headquarters address I can send a bill for, for dealing with your spam advertising your illegal operation?",@317233 For questions or concerns please reference the following page: https://t.co/HNUfK03sih. Thank you so much.,Sun Oct 08 20:52:06 +0000 2017,fare_payment,
1034218,"@115873 I was amazed, when standing on road last night. UBER driver didn't stop even I waved my hand at him and called him to pick me. On call he said going to your destination without picking me. App showed trip completed, but I didn't travelled. https://t.co/MM3Fh7LfEE",@364668 Sorry to hear about that! Can you please contact us via https://t.co/wW2bTlNcsR so our team can connect?,Sat Nov 25 11:17:53 +0000 2017,fare_payment,
1378762,@115873 Thanks for giving the uber credit. You are the best....😋🤗🤗🤗🤗 Insane fast response,@440977 We're sorry to hear this was your experience. Please send us a DM with your email address with details so we can follow up.,Sat Oct 28 03:23:45 +0000 2017,fare_payment,
2312611,@115873 @Uber_Support totally ripped off by your driver and no support. I won’t use Uber again for fear of false fare adjustments 😤,@670660 We're here to help! Send us a DM with your email address so we can assist.,Sun Nov 26 16:12:47 +0000 2017,fare_payment,
1060422,"@Uber_Support If I agree to a suggested dropoff, will my fare be reduced to reflect the new dropoff point and shorter trip?","@370369 Hey, there are several factors that will determine your fare. You can learn more here; https://t.co/hR0RoJFhX9",Fri Oct 13 01:29:37 +0000 2017,fare_payment,
1049966,@115873 @Uber_Support the driver cancelled on me and I got charged 5 dollars that’s not fair,@216662 Here to help! Please send us a note via https://t.co/h840Iouehc so our team can connect.,Mon Oct 23 00:49:48 +0000 2017,fare_payment,
2882280,@1562 @Uber_Support I was overcharged for my non-cash payment. While booking the trip fare was quoted Rs.109 but I had to pay Rs.145 at the end of trip. Please refund excess amount. https://t.co/vcW5FwWRkG,"@799697 Hi there! We're here to help. Send us a note here, https://t.co/oEOANqFpjc and so our team will assist.",Tue Nov 28 09:47:04 +0000 2017,fare_payment,
785527,@115873 unjust cancellation fee not reverted yet. The driver kept going in rounds - surely his gps stands as proof. https://t.co/xgikBMKEDe,"@307428 Hello Ishita, here to help! Please send us a note at https://t.co/w7r2O6dMbU and we'll be happy to look into this for you.",Thu Oct 12 08:53:37 +0000 2017,fare_payment,
1589460,@Uber_Support Hi what’s the situation on NYE will there be massive price surges all night? TIA,@488750 Dynamic pricing adjusts quickly based on demand and location. Checking the app is the best bet.,Sat Nov 04 23:03:28 +0000 2017,fare_payment,
780977,"Yo @115873 stop hiring driver can't speak English, i speak 3 languages so this is not some hillbillies complaint, it's about safety. Fix it dipshit.",@185159 Happy to help! Please confirm your email address or phone number through direct message so we can further assist.,Sat Nov 25 09:14:58 +0000 2017,fare_payment,
2933990,"@115873 how can you charge me £4 to cancel a trip when the driver is dropping someone off near me, before he comes to pick me up!? 😂 https://t.co/etzTvOqP5J",@811280 Here to help! Send us a note via https://t.co/h840Iouehc so we can help.,Wed Nov 29 09:27:52 +0000 2017,fare_payment,
2072570,"@115873 Today i booked a cab from Ghaziabad to south extension Delhi.. the fair which was reflecting in my application was 307 &amp; then i booked it &amp; when i reached to my destination, they charged 517 bucks &amp; dere was no jam &amp; nothing on the way to destination. I'm ver disappointed.",@613010 Here to help! Send us a note here; https://t.co/oEOANqFpjc and our team will be able to assist!,Sat Nov 25 14:39:07 +0000 2017,fare_payment,
557178,@Uber_Support How do I access the flat fares?,@213354 Here to help! Find out more info about ride pass here https://t.co/7HDCJkqO3i,Sat Dec 02 20:59:59 +0000 2017,fare_payment,
443082,WOW @115873 ur driver REFUSED to pick me up at the spot he accepted and you charged me a cancellation fee? @115879 here I come #badcustomerservice #toomanyoptionsforthis,@220002 Here to help! Please send us a note here; https://t.co/a2H78GHc13 so our team can assist.,Tue Nov 21 16:24:29 +0000 2017,fare_payment,
939670,Drivers are messing with Uber algorithm to get surcharge! put a stop to this! @Uber_Support,"@342753 Will you please DM us with more details about this? From there, we'll look into it.",Sat Oct 21 17:47:53 +0000 2017,fare_payment,
1693870,"@Uber_Support I had a credit that would pay for my ride, but the credits were never applied to my ride.","@514018 Here to help! Follow up here; https://t.co/OhfgxSAY58, and our team will connect right away.",Mon Nov 06 18:37:23 +0000 2017,fare_payment,
1795791,@115877 just got my order and it’s completely messed up! And had to order more food for my 2 daughters and it charged me again! WTH!,@539610 Sorry to hear about this! Send us a DM with your email address so we can take a look.,Tue Oct 17 23:52:25 +0000 2017,fare_payment,
1597396,"Why tf won’t Uber Eats accept my payments , I’m about to fight",@490706 Here to help! Send us a note here;https://t.co/3eYc7uUEUm and our team will be able to assist!,Sat Nov 04 22:27:59 +0000 2017,fare_payment,
2834946,called for an @115873. the driver took so long to come (he was 1km away). I cancelled it but charged for cancellation almost same price for my ride. #uber #sucks #amsterdam,@789124 Here to help. Send us a note at https://t.co/e8HVorX5rh so our team can connect.,Mon Nov 27 14:27:11 +0000 2017,fare_payment,
2857342,@115873 your a bitch. You charged me for a ride I️ never took. 🤬 always some shit with uber.,@482626 Here to help! Send us a note via https://t.co/dInR3racif and we'll be in touch.,Mon Nov 27 21:49:11 +0000 2017,fare_payment,
1736223,@Uber_Support I was abusively charged for a race cancellation initiated by the driver who didn't callme while I was on time @ the meeting pt,"@524188 So sorry to hear that, Matt! Please send us a message here; https://t.co/QsI1vsvcif and we'd be happy to take a look.",Tue Oct 17 17:38:42 +0000 2017,fare_payment,
2743118,@Uber_Support No contact email? Charged a cancellation but refunded as a credit and no use to me as I'm leaving the country.,@768355 We apologize for any inconvenience. Kindly send a note here: https://t.co/a2H78GHc13 so we can connect.,Mon Nov 20 18:44:42 +0000 2017,fare_payment,
2322678,"I got locked out of my uber account just now for literally no reason, so I feel bad for whoever I'm about to yell at until it gets unlocked",@673030 Here to help! Send us a note here; https://t.co/Md7v036OoC and our team will be able to assist!,Fri Oct 20 00:02:54 +0000 2017,fare_payment,
2458766,"@Uber_Support i want my money back y’all over charged me last night, AND i waited a long time for me uber to come and i tried to cancel I️t but he was going to charge me",@704174 Here to help! Please send us a note here; https://t.co/1xM0TILvAI so our team can connect.,Sun Nov 26 18:51:39 +0000 2017,fare_payment,
465209,@115873 Mine is that the driver will accept the ride but won't show up. And I'll be charged for the ride. And they won't pick my call. 😤,@225657 We're here to help! Send us a DM with your email address and more details so we can follow up.,Fri Dec 01 09:18:03 +0000 2017,fare_payment,
476487,@Uber_Support Nothing happened in the ride. The only thing that happened was that @115873 overcharged me. I want my money back!,@216010 Thank you for providing your account information. We have escalated your concern to a member of our team. They will be reaching out via in-app support/email. Please follow up there with any further concerns.,Fri Dec 01 21:37:10 +0000 2017,fare_payment,
2735809,@Uber_Support If your uber driver cancels you get charged a fiver which you can only receive back in credit? Scummy business tactic 😂 is it surprising tfl want you out? Enjoy your report to CTSI.. https://t.co/Rv9hDfyhWZ,@766677 Sorry to hear about that. Please send us a note at https://t.co/iOszeeHZhQ,Sun Nov 26 23:38:16 +0000 2017,fare_payment,
798483,@Uber_Support I added a prepaid card when the system said that my BOA Bank card was an invalid payment. I’ve deleted the prepaid card months ago.,"@310358 We have replied via DM with some information on this, please follow up with us there.",Thu Oct 12 21:56:19 +0000 2017,fare_payment,
2811185,"Hey, @115873 @Uber_Support, what's up with your system? You assigned me a car, waited for more than the 23mins you said it wld take, and then u changed cars w/o notice. And I end up paying P100 cancellation fee. Brilliant! 😡","@783935 Hi there! We're here to help. Send us a note here, https://t.co/e8HVoseGiP and so our team will assist.",Wed Nov 22 07:53:24 +0000 2017,fare_payment,
1419173,@115873 you charged me extra for a ride. FIX THIS!,"@449879 We're here to help! Send us a note here, https://t.co/1xM0TILvAI and our team will be in touch.",Wed Nov 01 23:20:00 +0000 2017,fare_payment,
325528,@115873 wtf yo! You guys charged me an additional $15 for my ride. I want my money back!!!,@193547 We're sorry to hear this was your experience. Contact us via https://t.co/zJ6aIZinzb and we'll be in touch.,Sat Oct 07 15:51:16 +0000 2017,fare_payment,
1632149,Such a pathetic &amp; unprofessional service by @115873. @Uber_Support i would like a refund of my cancellation fee. Ur Driver cancel trip. Nt me,"@499453 We're happy to connect, Chandan. Please reach out at https://t.co/QsI1vsvcif and a member of our team will be in touch shortly.",Sun Oct 22 11:55:19 +0000 2017,fare_payment,
500904,@115873 just charged me £8.50 to get in a car with my 10 year old and then be thrown out again as the driver wouldn’t wait for my wife to take my 7 year old daughter to the toilet. Appalled by the appalling rude service. Have been a loyal customer but now seriously reconsidering.,@234650 Here to help. Send us a note at https://t.co/TmWmJyGFaK so our team can connect.,Fri Dec 01 19:33:32 +0000 2017,fare_payment,
836529,@Uber_Support how did I get a charge of $193 for an Uber ride that I never requested?!!!!!,@319121 Happy to help. Send us a DM with your account email address and we'll be in touch.,Fri Oct 13 03:34:10 +0000 2017,fare_payment,
682678,@115877 Why do you think it's acceptable to charge £3.50?!?!?! For a McDonald's delivery? I live ten minutes away from it!,@282916 Please write us a note at https://t.co/3eYc7uUEUm and a member from our team will follow up with you.,Thu Oct 05 17:59:11 +0000 2017,fare_payment,
1026302,"@115873 maybe if 25 minutes after 'will arrive in 3 minutes' the Uber hasn't arrived, don't charge $5 to cancel. It's starting to get cold out","@362837 Sorry for the trouble! Send us a note here, https://t.co/e8HVorX5rh, and our team will be in touch.",Mon Oct 23 00:13:17 +0000 2017,fare_payment,
2698092,#Uber @115873 How does the image below permit a $150 clean up fee. I️ have always had a good experience with Uber until now. This is NOT OK. Can someone please point out the damage done? https://t.co/yqbgJ8tGHL,@757393 Here to help! We're currently reviewing your email and will be in touch shortly. We appreciate your patience!,Sun Nov 19 19:45:05 +0000 2017,fare_payment,
2162641,"@115873 @Uber_Support I dm you guys about being charged a ridiculous fare, you guys directed me to your website which is giving me no assistance whatsoever, now I’m taking it up here to the public, I need my issue to be kindly resolved as a loyal customer I’m obligated to that. Thx",@635004 We're here to help! Send us a DM with your email address so we can connect.,Thu Nov 09 07:00:04 +0000 2017,fare_payment,
1733196,@115873 why don’t you pay “inconvenience charge” every time a driver makes me wait &amp; cancels ride?,@523495 Sorry to hear about that! Can you please contact us via https://t.co/e8HVorX5rh so our team can connect.,Tue Nov 07 13:03:58 +0000 2017,fare_payment,
795911,@Uber_Support The hold of INR 350 on my PayTM account over and above my trip cost has not been returned. Need to book another ride. Pls help,@309770 Please send us a DM with your Uber account email address and phone number so we can follow up. https://t.co/sd7yH5jmbJ,Thu Oct 12 08:08:38 +0000 2017,fare_payment,
1159221,@115873 once again u r fraud! my uberdriver called me 2 cnxl uber charged me a cnxlfee But the best u can do is credit my acct. I think not!,@392699 So sorry about that! Find out about our cancellation policy here; https://t.co/JyzdtQmyxT.,Sun Oct 15 18:37:53 +0000 2017,fare_payment,
1398978,@Uber_Support had taken a pool ride from Friends colony to Amar colony. Was confirmed @ Rs 59 but was charged Rs 177. Pls chk n confirm,"@445313 Here to help! Follow up here; https://t.co/pT35thgjaj, and our team will connect right away. .",Sat Oct 28 16:08:06 +0000 2017,fare_payment,
175029,@115877 I’m really sad I ordered McDonald’s from you guys they charged me but I never got my order. Fuming 😡,@157072 Here to help. Send us a note at https://t.co/nFTc4ODH3P so our team can connect.,Fri Nov 24 23:43:21 +0000 2017,fare_payment,
2899781,"@Uber_Support I sent my friend an invite code but she didn't use it correctly, she signed up but didn't put her payment info in and hasn't used it yet. Now it won't let her sign up with my code. Can you help???",@803321 Here to help! Please reach out to https://t.co/QDn91HzZV0 and fill out the 4 boxes at the bottom so we can get in touch.,Tue Nov 28 17:31:41 +0000 2017,fare_payment,
564448,"@115873 I left my iPhone in an Uber earlier today. I have the ride receipt, but I can't sign into my Uber account to contact the driver because I can't see the verification code that gets texted to me because I don't have my phone. Help?",@252212 So sorry about that! Send us a DM with your email address so we can connect right away.,Sun Dec 03 00:22:18 +0000 2017,fare_payment,
2346473,@115873 you idiots charged me a $5 cancellation fee for a car that broke down in front of my house before I even got in it. Worst service ever,@678454 So sorry about that! Find out about our cancellation policy here; https://t.co/JyzdtQmyxT.,Mon Nov 13 16:19:53 +0000 2017,fare_payment,
948959,@Uber_Support my father has been misguided by Uber driver regarding pickup location in pool and charged in auto cancellation,@345047 Here to help. Send us a note at https://t.co/rkdKXGV1hT so our team can connect .,Thu Oct 26 04:07:42 +0000 2017,fare_payment,
338681,Dear @115873 - it's complete BS when drivers accept fares before they have even dropped off current passengers. WTF???,@196852 So sorry about the trouble! Please send us a DM with your email address and more details so we can connect.,Sat Oct 07 22:44:59 +0000 2017,fare_payment,
2720620,@Uber_Support your app and website will not let me delete my credit card info and account. Been trying for weeks. Time to sue!!,@418507 Hi there! Please reach out to https://t.co/zUe0dj6yoX and our team will be in touch.,Sun Nov 26 23:06:10 +0000 2017,fare_payment,
300725,@115877 can we just be honest and say this fee for all the restaurants in the mall is because of the stupid construction? Geez https://t.co/S0l46rtrhg,@187705 Here to help clarify! You can head here: https://t.co/gwEH0cpug2 for more info on EATS pricing.,Fri Oct 06 20:12:03 +0000 2017,fare_payment,
2341580,Hi @115873 why are Driver’s receipts different from customers? #criminal #illegal https://t.co/c8HpLfwYtg,@677317 We're here to help! Send us a DM with your email address so we can connect.,Sun Oct 29 07:10:56 +0000 2017,fare_payment,
2441981,"@Uber_Support Stopping ripping us off would be a start, like upping the price into Manchester at 5.30. All the traffic is coming the other way you bloody con artist","@700291 Hi, Neil. We definitely understand your concern and we assure you that we want to help in any way we can. Could you please DM us the email address linked to your account? We'll be happy to take a closer look.",Tue Nov 14 23:21:07 +0000 2017,fare_payment,
2756875,"@Uber_Support 520am, waited for more than 15 mins, driver refused to pick up 3 calls...paying extra charges, av just uninstalled the app.",@771560 Here to help! Send us a note here https://t.co/e8HVorX5rh so we can assist.,Tue Nov 21 02:54:06 +0000 2017,fare_payment,
594019,@Uber_Support today’s fare was charged more than the amount listed I paid INR 414...instead 129...GPS took us through a complete different route &amp; driver followed it blindly https://t.co/hDhgm3A3Vc,@260694 We're currently reviewing your email and will be in touch shortly. We appreciate your patience!,Sun Dec 03 18:08:52 +0000 2017,fare_payment,
2200883,"@Uber_Support There is no option to send a note on the URL which you have given. Moreover it doesn't talk about any details on fee collect under the header of ""Toll Fee"". I need a respose on this ASAP.","@643656 Happy to further assist, Gaurav! Tolls will either be listed as an individual item or included in the item Tolls, Surcharges &amp; Fees on the trip receipts. See here: https://t.co/q7zvxM8QjZ for more. Hope this helps.",Sun Nov 26 14:17:13 +0000 2017,fare_payment,
97644,@Uber_Support I've been getting duplicate suspicious email receipts after rides. Something is wrong. Here is the screenshot. Please let me know. Looks like something is compromised on your end. https://t.co/CNAZXsTvH3,@137372 Here to help! Send us a note via; https://t.co/kGIXas5Cxg so our team can connect.,Thu Nov 30 16:22:52 +0000 2017,fare_payment,
97655,"Charged £100 cleaning fee for a mess we didn’t make 12 hours after our journey, no evidence to prove it was us shows pics which could be anything by anyone. @115873 complete bullshit @Uber_Support replied with blatant PR automatic responses. Probably just a scam from the driver",@137377 We apologize for the trouble! Send us a DM with your email address and we'll connect.,Thu Nov 30 16:26:11 +0000 2017,fare_payment,
127223,@Uber_Support I received multiple fraudulent charges on my credit card from Uber. Trying to find an @115873 customer service number.,@144566 We can definitely follow up! Send us a note here: https://t.co/dInR3racif so our team can connect.,Fri Nov 24 03:30:41 +0000 2017,fare_payment,
2631668,@Uber_Support Thanks Uber... but I wasn't notified of the change. Every time I check the price has gone up?,@743104 Here to help! Can you please send us a DM with your email address so we can connect?,Fri Nov 17 18:20:38 +0000 2017,fare_payment,
926825,@115873 how the hell does my rate jump from $23 to $42 in 30 mins on Long Island? Guess what? lindys always charges $35 so fuck you!,@117908 Here to help. Send us a note at https://t.co/wW2bTlNcsR so our team can connect.,Fri Oct 13 21:57:18 +0000 2017,fare_payment,
36676,Took @115873 POOL yesterday. They tell me $3 &amp;change. End up charging $33.01. UberPOOL prices agreed upon before rider accepts. What the hell?,"@123996 Hi there! We're here to help. Send us a note here, https://t.co/W7UWSUTsIz and so our team will assist.",Wed Nov 01 14:11:15 +0000 2017,fare_payment,
808948,@Uber_Support We disputed the charge and we were refunded. Thank you!,"@312757 No problem, Joe! We are glad we could help. Have a wonderful week.",Mon Oct 16 03:20:38 +0000 2017,fare_payment,
184143,"@Uber_Support Hi, I just replied regarding half the fare refund but I deserve a FULL refund, please let get back to me ASAP",@159331 We'd be happy to take a second look at this for you. Please send us your email address via DM so we can follow up right away.,Sat Oct 14 20:54:04 +0000 2017,fare_payment,
83626,"@Uber_Support there's no option to reply back there...case id showed as closed. Moreover, I didn't accepted any surge pricing. You charged my extra money...which is really bad and ridiculous.",@134370 Sorry to hear about the trouble. Our team has received your recent support message and have followed up. Please connect with us there if you have any questions.,Wed Nov 29 16:12:57 +0000 2017,fare_payment,
1230433,@Uber_Support I’m trying to request a ride using a promotion and it keeps saying there’s something wrong with the payment. HELP!,@254782 Here to help. Send us a note at https://t.co/yqIhbH9ohQ so our team can connect.,Wed Oct 25 20:36:43 +0000 2017,fare_payment,
19719,@Uber_Support Price gouges. Thieving robbers. I hate this company. $154 for a freakin airport ride. Never again! Pieces of SHIT.,"@723207 We take this very seriously, Yvonne. Please DM us your email address so we can follow up immediately.",Thu Nov 16 13:33:45 +0000 2017,fare_payment,
2846352,my @115873 driver charged me and my girlfriend 90 dollars and claimed we trashed his car. all because we didn’t tip him. 🤬,@791670 We can take a look! Send us a DM with your email address so we can follow up.,Mon Nov 27 18:18:04 +0000 2017,fare_payment,
2458791,@Uber_Support i have never used an Uber account yet i have an Uber charge on my PayPal account. How can i find out more info? Who do i contact at Uber?,@704182 Sorry to hear that! Send us a note here: https://t.co/dInR3racif so we can follow up.,Sun Nov 26 18:36:16 +0000 2017,fare_payment,
1133759,@115873 @Uber_Support I was charged. Such a rude driver who refused to pickup and later drier cancelled the trip without even informing https://t.co/Zgd5fVvOyM,@364306 Oh no! Please send us a note at https://t.co/lyqXfbVdYK and we'll be happy to look into this for you.,Sun Oct 15 10:20:14 +0000 2017,fare_payment,
437052,.@115873 is low key a scam. Like why am I charged a cancellation fee when YOUR driver told me to cancel bc his app froze??,"@218791 Here to help, Malcolm. We see your DM and will be in touch shortly.",Tue Oct 10 14:55:56 +0000 2017,fare_payment,
2957813,@115873 what do I have to do to actually get my money back? My driver canceled why am I being charged? I don’t want an uber credit I want the money back in my bank account! This is absurd.,@816400 Here to help. Kindly send a note at https://t.co/JyzdtQmyxT so we can connect.,Wed Nov 29 19:30:22 +0000 2017,fare_payment,
1139860,Good to see @115877 upped their delivery charge to ensure you wait an hour for your cold food 👌🏻👍🏻,@388314 Sorry to hear about this! Send us a DM with your email address so we can take a look.,Sun Oct 15 12:23:11 +0000 2017,fare_payment,
957705,"@Uber_Support my uber took ages despite saying 1 minute away. Couldn’t cancel &amp; rebook or would have been charged. Now late, can u refund? https://t.co/wSRTUCwDt1",@347237 Happy to help. Please send us a DM with your account email address + phone number and we'll connect.,Sat Oct 21 18:01:16 +0000 2017,fare_payment,
508788,"Why no option to give feedback/bugs about @115873 app in your support pages?? Also, annoying that drivers can cancel on you anytime without penalty(?) and you have to wait for them to drive around funny routes and finally cancel. 30min wasted yesterday waiting for 2 different cars",@236854 Here to help! Send us a note via https://t.co/QDn91HzZV0 and we'll be in touch.,Fri Dec 01 22:05:33 +0000 2017,fare_payment,
1668945,@Uber_Support Dear I would like to change my credit card in Uber account. I tried many times but I couldn't,@508197 Here to help! Find more info here; https://t.co/paDlcZi0nv. Please let us know if you have any other questions or concerns.,Mon Nov 06 11:58:23 +0000 2017,fare_payment,
2510925,@115873 i ve paid extra 125₹ as a toll fee for my ride...whom sld i complain....,@715706 Here to help! Contact us here; https://t.co/ijTJHFJJTx so we can take a closer look.,Mon Oct 30 04:19:26 +0000 2017,fare_payment,
1666717,@Uber_Support why did you randomly do a £1 test payment on my account without authorization?,"@345301 Hey, James. We want to look into this a little deeper please DM us the date and time and screen shot of this so we can investigate.",Tue Oct 17 06:56:19 +0000 2017,fare_payment,
1854615,@131434 @115873 @Uber_Support This is the standard rate so 5 x surcharge . Crazy amount https://t.co/LsYCQSZiSx,@554875 We're here to help! Please visit; https://t.co/kkAwlbpH4B for more info.,Sun Oct 29 13:52:00 +0000 2017,fare_payment,
1119057,@384020 @115873 On my complaint. @115873 charges cancellation fee if cancelled after 5 minutes. Can any @115873 cab reach in 5 minutes. Another way of looting?,@434001 Here to help. Send us a note at https://t.co/h840Iouehc so our team can connect.,Mon Oct 16 13:56:02 +0000 2017,fare_payment,
1843766,@Uber_Support What if I get a cab which is 1 minute away from me and the driver denies my destination and asks me to cancel. Issue is that why should I cancel when its not my problem and he cancels the same after 5 mins and I get charged for not showing.,@552429 Here to help! Send us a note via https://t.co/h840Iouehc and we'll be in touch.,Sun Nov 26 07:29:29 +0000 2017,fare_payment,
2941468,"@Uber_Support not impressed with a cancellation charge for a driver that failed to turn up. You have GPS settings etc, he drove past me and in the wrong direction. Refund requested - totally dissatisfied. this needs resolution now",@325577 Here to help! Please send us a DM with your email address so our team can connect right away.,Wed Nov 29 13:32:14 +0000 2017,fare_payment,
2715246,"@Uber_Support ordered an uber to pick me up from the Dr., they went to the wrong address, tried to blame me when I gave them instructions, said they'd come to correct address on the phone &amp; then canceled the trip after I waited for ages. And now of course the fare has doubled. 😑","@762213 We can definitely take a closer look! Contact us here; https://t.co/593jusCquh , so we can help.",Mon Nov 20 04:59:43 +0000 2017,fare_payment,
2094321,@115873 y'all charged me full price twice for rides the driver cancelled on both times thanks pals,@618778 Here to help! Please send us a note via https://t.co/h840IoLP8K so our team can connect.,Thu Oct 19 03:25:48 +0000 2017,fare_payment,
939485,@115873 almost 30min before booked uber cab. Driver insted of coming to location point parked his car some other location asked me reach over there. When i refused he asked me to cancel and i did that now cancellation fee has taken from why? Is it business model? Frequency is high.,@342701 We're sorry to hear this was your experience. Please send us a note at https://t.co/QsI1vsvcif and our team will be in touch.,Sat Nov 25 16:31:28 +0000 2017,fare_payment,
791978,@115873 driver started the trip even before he arrives. Had to cancel it but I was charged for the trip. How refund?,@308850 Here to help! Please send us a note at https://t.co/FDTXFthjTD and we'll be happy to look into this for you.,Sun Oct 08 02:04:58 +0000 2017,fare_payment,
2171711,@115873 @Uber_Support Updated my uberPool receipt and insist on claiming it to be right despite a clear issue in the route used by the driver. #deleteUber #cheat,@636942 Here to further assist you. Can you please send us a DM with your email address so we can follow up?,Thu Nov 09 13:07:49 +0000 2017,fare_payment,
999791,"#Uber , I was charged for the trip which didn’t even happen, driver cancelled but I was charged.. kindly help... PFA https://t.co/8jFp8UIa1z",@356731 Here to help! Please send us a note via https://t.co/h840Iouehc so our team can connect.,Thu Oct 12 04:50:36 +0000 2017,fare_payment,
135671,@116288 @115873 A very unpleasant experience with Uber India. Cant book the ride stating too many cancellations. Charged me even when driver was not around. Please resolve immediately,@146578 Here to help! Send us a note via https://t.co/xMxswVLBKT and we'll be in touch.,Fri Nov 24 09:10:24 +0000 2017,fare_payment,
347538,Yo @Uber_Support My issue hasn't been resolved. I am not about to incur a $150 charge for nothing. DM Me,@198761 Please check our DM correspondence as we've followed up there with more info.,Sun Oct 08 05:04:12 +0000 2017,fare_payment,
700239,"Seriously, goin to have to delete @115873,just saw my receipt I was show it would be $28.39 and got charged double,he use the wrong route 😡 https://t.co/Hj44ecnsJ2",@287093 Here to help. Send us a note at https://t.co/y4EDPcVZOI so our team can connect.,Fri Oct 06 00:23:22 +0000 2017,fare_payment,
125054,@115873 I can't find answer to my question; I forgot to write the referral link when I signed up. How can it be credited to the one who referred me. Thanks.,@144034 Happy to help! Please reach out to https://t.co/zUe0dj6yoX and fill out the 4 boxes at the bottom so we can get in touch.,Fri Nov 24 02:07:28 +0000 2017,fare_payment,
2071521,@118730 do u not operate a phone b/c your email help is not working. Each time I'm being asked for something diff&amp;no longer feel secure,"@612643 Hey, Anna. We do not currently offer phone support. Please send us a DM with your account email address + details and we'll connect.",Mon Oct 09 03:50:06 +0000 2017,fare_payment,
1340931,@Uber_Support first ride is mean to be free yet I was charged,@432768 Let's take a closer look! Send us a note via https://t.co/1xM0TILvAI so our team can follow up.,Fri Oct 27 15:34:46 +0000 2017,fare_payment,
808296,@115873 we have just been charged a £70 cleaning fee- we had no drinks or food and wasn't sick in the car- what a scam! Off to the papers 👋🏻,@312598 We'll be happy to take a closer look. Send us a note via https://t.co/a6RfeBkKmr so our team can connect.,Thu Oct 12 17:58:20 +0000 2017,fare_payment,
317148,"@Uber_Support I really need an answer. I'm about to sue the driver. I feel unsafe, he insulted me and wanted to fight.",@191689 We've received your DM and a member of our team has reached out. Please review your messages for our response.,Sat Oct 07 08:17:04 +0000 2017,fare_payment,
504213,@115877 charged me twice last night 😡,@235544 We can take a look! Send us a note here; https://t.co/DceIRNI6kV so we can help.,Fri Dec 01 20:42:43 +0000 2017,fare_payment,
2716456,"When @115873 and @Uber_Support does nothing to help you figure out why your 5mile, 12minute ride receipt says $16.56 and you paid that amount but then they charge you an additional $80!!! Then won’t respond to your emails about why u were charged $80 more and won’t refund your $$$","@613357 A member of our team has been in touch via email, please check your inbox and follow up there directly.",Mon Nov 20 05:15:40 +0000 2017,fare_payment,
1395159,@Uber_Support Not charged until after event but can’t update payment before? Promo code already on wedding invites. Won’t use uber event again after this.,@444452 Sorry for the trouble! Send us a DM with your email address and our team will follow up.,Mon Oct 16 20:52:12 +0000 2017,fare_payment,
2449752,MY @115873 CHARGED ME $45 DOLLARS WHEN I WAS ONLY SUPPOSED TO PAY $12,@702113 Here to help! Contact us via https://t.co/6IqAxVj2X4 so we can connect,Sun Oct 29 16:01:24 +0000 2017,fare_payment,
1677150,@Uber_Support I'm staying near an airport for a few days and keep getting $5 airport fee. Help?,@510155 We're happy to look into this - send us a note at https://t.co/jm4ITwt95w so we can follow up!,Tue Oct 17 16:04:45 +0000 2017,fare_payment,
945000,"@Uber_Support Tried using riders portal multiple times, it always gave error cannot charge to card, paytm etc .. seems some bug there ..",@344075 Happy to help! Please visit here: https://t.co/NmNIrUjWIY for more on your inquiry.,Sat Oct 21 16:17:58 +0000 2017,fare_payment,
581508,Hey @Uber_Support you've charged my Eats order twice and have it a 3rd time as pending. How do I get my money back?,@257037 We're so sorry for the trouble. Send us a note via https://t.co/LxUyK8VN9J so we can assist.,Tue Nov 14 05:24:42 +0000 2017,fare_payment,
2067956,@115873 why is it when your drivers get lost cuz they dont know where theyre going I get charged more for a ride might want to look into that,@611538 Here to help! Send us a note here: https://t.co/y4EDPcVZOI and our team will be in touch.,Thu Oct 19 01:26:41 +0000 2017,fare_payment,
2770891,@115877 have you got a uk contact #? Order was outside and then the delivery driver cancelled w. no warning. Tried to re-order which was cancelled again and have now been charged 3 times,@774592 Here to help! Send us a note via https://t.co/SVTX1Ab5Mr to assist you further.,Tue Nov 21 12:54:16 +0000 2017,fare_payment,
2814942,@Uber_Support hello I'd always pay for the toll fee of my drivers why is my refund less than what I paid for?,@784786 Here to help! Send us a note via https://t.co/1xM0TILvAI so we can connect right away.,Mon Nov 27 02:52:19 +0000 2017,fare_payment,
575071,@Uber_Support @119720 I just got charged $5 for my driver waiting less that 2min. I don’t get a call or text. #nonsense,@255301 Here to help. Send us a note at https://t.co/1xM0TILvAI so our team can connect.,Sun Dec 03 07:44:26 +0000 2017,fare_payment,
580939,Why you don't count distance for picking up customer. You just only count where the riders go. It cost lit of time and money. Sometime we store twice or more than riders ride. @115873 @115873 should I stop to do this?,@256876 Here to help. Send us a note at https://t.co/FF2YGTGjuA so our team can connect.,Tue Nov 28 15:21:54 +0000 2017,fare_payment,
156068,@115873 charged us a $150 dollar cleaning fee for a ride to the airport. Best believe I’ll never use them again and bash them every chance l get :) Hope someone shits in our drivers car so he can put that undeserved cash to good use.,@151833 We'll be happy to take a closer look. Send us a note via https://t.co/a6RfeBkKmr so our team can connect.,Fri Nov 24 17:16:54 +0000 2017,fare_payment,
573155,@Uber_Support i would like to know how my uber cost me ksh 5150 yet it had estimated ksh 1400 on requesting.. email __email__ https://t.co/V0k9d4NzZ6,@254698 Here to help. Send us a note at https://t.co/0qkrx8eiTk so our team can connect.,Sun Dec 03 05:49:44 +0000 2017,fare_payment,
1166816,@Uber_Support I am unable to see prospected fares on the fares screen for New Orleans. I am also unable to see if we have the Long Pickups,@394459 Here to help! Send us a note via https://t.co/u3MyknJaaN so we can connect.,Tue Oct 24 18:17:38 +0000 2017,fare_payment,
653016,@Uber_Support hello .. i ride with you and it shows as 1 trip but being charged twice in my credit statement @115873,@275277 Happy to take a look! Send us a note via https://t.co/zJ6aIZinzb so our team can connect.,Wed Nov 22 21:50:30 +0000 2017,fare_payment,
1415324,@Uber_Support this is the second time they have gotten my order wrong ... And they overcharged me!!! I need help,@448907 That's not what we like to hear. Please send us a DM with your email address so we can assist.,Thu Nov 02 01:06:39 +0000 2017,fare_payment,
273696,"@Uber_Support Can you please explain this logic ? Fare in Receipt is X, payment is Y ? https://t.co/lGQ3qZFurF","@181391 Let's take a look, Gaurav! Please reach out at https://t.co/wW2bTlNcsR and we'll follow up.",Fri Oct 06 04:44:16 +0000 2017,fare_payment,
2059579,@Uber_Support I shown a fare of Rs59 theu promo by invoiced Rs.108.25 as per scrnshot. Kindly reverse https://t.co/4enKXyPJgm,"@609116 We'd like to look into this, Ramit. Please send us a note at: https://t.co/XijNMfvSmO and a member of our team will follow up shortly.",Sat Oct 07 12:34:39 +0000 2017,fare_payment,
676267,Why it is showing wrong in my past rides?I paid 153.52 INR. Actually estimated fare is 67.33 INR. Why driver forced me to pay 153.52. These are the screenshots of estimated fare and actually paid fare...I demand explanation..@119983 @116288 @Uber_Support https://t.co/JdsaQ3uCKl,@281312 Here to help! Send us a note here; https://t.co/oEOANqFpjc and our team will be able to assist!,Thu Nov 23 11:00:39 +0000 2017,fare_payment,
181578,"@Uber_Support driver just canceled my trip even though I've been waiting outside for 15 minutes. I was charged a cancellation fee, can that be refunded?","@158658 Sorry for the trouble! Send us a note here, https://t.co/h840Iouehc, and our team will be in touch.",Sat Nov 25 01:48:59 +0000 2017,fare_payment,
1178419,@Uber_Support Please feel free to continue contacting me instead of sending me false info and then not answering for hours. Less impressed every minutesmh,"@397150 We're sorry to hear about the frustration, Michelle. Please respond directly to our in-app/email support for further questions on this.",Sun Oct 15 21:14:46 +0000 2017,fare_payment,
1251355,"@Uber_Support Our trip last night was a distance of 4.59km, 10 minutes, that usually costs R50-R60. I've been charged for 122km, an hour?! https://t.co/jrIGqoNB8z",@413564 Here to help! Our team is reviewing your email and will be in touch. We appreciate your patience!,Thu Oct 26 04:13:09 +0000 2017,fare_payment,
275048,@115873 why did you charge me double when you told me one price? I’m about to be loyal to @115879 man,@181713 Here to help! Send us a note via https://t.co/J1002AnpAT and our team will be able to assist.,Sat Nov 25 03:13:04 +0000 2017,fare_payment,
2229795,.@115873 how the hell do I remove #androidpay as a payment method? Seems impossible #help #uber,@119453 Happy to help! For more info visit https://t.co/paDlcZi0nv,Fri Nov 10 15:36:10 +0000 2017,fare_payment,
2162597,"Love when @Uber_Support @115877 gives you a $10 promo code, says it’s accepted it, then just charges you the full price anyway🙄 why y’all lie to me like that",@634997 That doesn't sound right. Can you please send us a DM with your email address so we can look into this with you?,Thu Nov 09 07:25:09 +0000 2017,fare_payment,
943649,@115873 @Uber_Support - I paid Rs. 730/- for my last trip but got a receipt of only Rs. 296/-. How is that possible?,"@343734 Here to help, Vicky! Please send us a detailed note here; https://t.co/wW2bTlNcsR so we can look into this for you.",Sat Oct 21 15:40:27 +0000 2017,fare_payment,
2970673,Lmfaooooooooo he went to the moon i cannot 😭😭😭😭 RT @236850: Um... @115873 I've been trying to reach someone at your company for hours now...I think you made a big mistake...this is an expensive (and extremely incorrect) receipt for a car service... https://t.co/dxCp7ZeU3z,@819398 Here to help! Send us a note here; https://t.co/1xM0TILvAI and our team will be able to assist!,Thu Nov 30 00:41:50 +0000 2017,fare_payment,
2045084,So @115873 you’re just gonna charge me what you feel like with no regard for the fare I agreed to? Wtf?!?,"@604782 Here to help! Send us a note here, https://t.co/1xM0TILvAI, and our team will follow up.",Wed Oct 18 23:12:05 +0000 2017,fare_payment,
1557496,@Uber_Support I'm very angry. I paid twice for the same fare. Want an immediate refund : I have sent the details via message,"@481437 We've replied via DM, please follow up there.",Tue Oct 17 01:26:59 +0000 2017,fare_payment,
2599779,"@Uber_Support Used uberPOOL last night. Driver ended my trip at other person's destination instead of mine and charged me $4.44 over the app fare $3.90. If I don't use uberPOOL, usually fare is $6.00. Charged $8.34. I want app fare to be honored.",@392934 Happy to help! Please confirm your email address or phone number so we can further assist.,Fri Nov 17 06:33:35 +0000 2017,fare_payment,
791649,@115873 what does it take to get a return call when you email that your account has been hacked and your debit card is charged? #FAIL https://t.co/vXSk1pIt1c,"@308762 Here to help! Send us a note here, https://t.co/kGIXas5Cxg and our team will follow up.",Thu Oct 12 12:46:38 +0000 2017,fare_payment,
2721820,"@Uber_Support I did. Looks like I was charged for the time it took the driver to get to my house... But, since this was my first time using Uber, I want to make sure I understand how it all works.",@354511 We can assure you a member of our team will be in touch via in app support asap. Thank you for your patience.,Mon Nov 20 10:15:16 +0000 2017,fare_payment,
1156264,@115873 why did we have just have two guys cancel on us after waiting 10 minutes for each of their rides🙄,@391990 Here to help! Send us a note here: https://t.co/e8HVorX5rh and our team will be in touch.,Sun Oct 15 04:12:03 +0000 2017,cancellation,
619623,Hey @115873 you know what’s awesome? Booking a ride to the airport the night before &amp; then having it cancelled at the end of the window bc the driver didn’t want to go to the airport. Not like thanksgiving is the busiest travel day of the year or anything...,"@267053 We're sorry to hear this was your experience. Send us a note here, https://t.co/iOszeeHZhQ, and our team will be in touch.",Wed Nov 22 14:34:21 +0000 2017,cancellation,
2206414,i hate @115873 so much who do I bill for the fucking 30 mins i️ spent waiting for a ride to be requested after the app glitched and cancelled my car that was 3 mins away,@645123 Sorry for the trouble! Send us a note at; https://t.co/e8HVorX5rh so we can assist.,Thu Nov 09 23:44:20 +0000 2017,cancellation,
1391419,"Had to pay $5 to cancel an @115873 that never showed up, or answered their phone. Smh. WTF @115873!?!!!",@443620 Hi there! Here to help. Please send us a note via https://t.co/h840Iouehc so we can connect.,Mon Oct 16 16:09:28 +0000 2017,cancellation,
2256100,@115877 I placed order with/ @88645 and driver mixed up and delivered the wrong order. Restaurant says it's not their problem and they refuse to resend order. Driver said only options were to take wrong order or cancel. #help #hungry,@657101 We see your outreach and a member of our team will be following up via email as soon as possible. We appreciate your patience.,Fri Nov 10 22:12:11 +0000 2017,cancellation,
1714967,"@Uber_Support If a driver cancels on a rider, the rider doesn't get a credit. But if a driver cancels on a rider, they're charged a fee?","@519394 Hello, Patrick! To find more info on cancellation fees, please visit us at https://t.co/YqGC6qQdzI.",Tue Oct 17 16:08:20 +0000 2017,cancellation,
1628048,@Uber_Support Is there a way of notifying Uber Au as to an incorrect charge? An email address? My alternative is to cancel payment by CC,"@498419 Hey, Rob. Send us a message via https://t.co/aJtaJUwNEK. A member of our team will follow up as soon as possible.",Tue Oct 17 06:20:40 +0000 2017,cancellation,
1568876,"@Uber_Support There was an option on your app which-The driver cancelled the trip, alas the option cannot be seen anymore. Look into it",@484012 Hi there! Please send us a note at https://t.co/QsI1vsvcif and we'll be happy to look into this for you.,Sat Nov 04 16:32:29 +0000 2017,cancellation,
1345713,@Uber_Support The driver himself cancelled the ride aftr nt shown up on confirm location nd i got a fine of 42. @Uber_Support Seriously worst experience,@433792 We see your outreach and a member of our team will be following up via email as soon as possible. We appreciate your patience.,Fri Oct 27 16:54:09 +0000 2017,cancellation,
1414615,"@Uber_Support hey, our uber driver never showed up and cancelled on us, but then we got charged for a trip we never went on https://t.co/XqFmq3ects",@448745 Our team is currently reviewing your email and will follow up. Thanks!,Thu Nov 02 00:58:35 +0000 2017,cancellation,
64277,@115873 in #delhi is ridiculously unpunctual &amp; unprofessional. Multiple late arrivals &amp; even a cancellation after waiting.,@130746 We're here to help! Send us a note via https://t.co/593jusCquh so our team can connect.,Thu Nov 30 08:22:43 +0000 2017,cancellation,
452039,@115877 AYO I been tryna cancel my fuckin order for like 20 minutes and y'all dumbasses picked up the phone and said some random shit in English gimme my fuckin money back,@222214 Sorry for any trouble this has caused you. Please visit this link; https://t.co/Hav1JwFfkX so we can connect.,Thu Nov 30 22:07:11 +0000 2017,cancellation,
325520,@Uber_Support I am livid!!! Everytime an uber driver cancels....I am charged. How do I get my money back?,"@193545 Hello, Amanda. We've followed up with you via DM regarding this matter.",Sat Oct 07 15:32:26 +0000 2017,cancellation,
1347433,"@13644 my driver showed up, told me I had the wrong car ( I didn’t) and then canceled my ride in front of me while I watched. Seriously?",@434215 Here to help. Send us a note at https://t.co/e8HVorX5rh so our team can connect.,Sat Nov 25 20:54:55 +0000 2017,cancellation,
2901165,did i just actual wait 1 hour 20 minutes (when it said 30-40 minutes) for an @115877 for the restaurant to cancel it haha yep fuck right off,@803619 Sorry to hear that! Send us a note here: https://t.co/qK0ko3cxjk so we can follow up.,Tue Nov 28 18:13:38 +0000 2017,cancellation,
1530066,@Uber_Support I booked uber cab. The Driver told to cancel the trip.. He cant move the cab. Thats y i cancelled.,@474869 Happy to help! Please send us a note at https://t.co/QsI1vsvcif and a member of our team will follow up.,Sat Jul 29 09:01:42 +0000 2017,cancellation,
1504055,"@115873 says I owe money Amount is confidential, uber cancels account. Glad there is competition","@469104 Happy to connect. Send us a note here; https://t.co/76zx6Rm1i6, and we'll be in touch!",Fri Nov 03 15:56:43 +0000 2017,cancellation,
1146147,"@115873 first Im in one of your cars that smells like a porapotty, the same drive cancels my ride - he's @ pickup &amp; we get caught by train",@389773 That's definitely not okay! Please send us a note via https://t.co/SjsQQ8ofRq so we can connect.,Tue Oct 24 12:49:49 +0000 2017,cancellation,
106210,"@Uber_Support My driver refused to drive me to my destination, but I was charged a cancellation fee. How can I refund it?",@139527 We're sorry to hear this was your experience. Please send us a note at https://t.co/QsI1vsvcif and our team will be in touch.,Thu Nov 30 18:48:34 +0000 2017,cancellation,
841362,@119720 twice you have cancelled my drive and you keep lowering my rating. Is it my fault you and your drivers mess up constantly????,"@320162 Sorry to hear about the trouble, Erik! Please send us a note at https://t.co/z3CPPtLGoq and a member of our team will follow up.",Fri Oct 13 11:52:52 +0000 2017,cancellation,
691404,Literally chased my @115873 down the street waving my arms as he sped by my location...and then I got charged a cancellation fee @1582,@285211 Here to help. Send us a note at https://t.co/h840Iouehc so our team can connect.,Sat Nov 04 01:29:14 +0000 2017,cancellation,
1996557,"@115873 Florida, 3 different drivers canceled pickups from aventura Jewish center. I hope you are not violating non discrimination rules. Please be aware, thanks",@590373 Here to help. Send us a note at https://t.co/iOszeeHZhQ team can connect.,Sun Nov 26 10:47:11 +0000 2017,cancellation,
345327,@115873 driver said he was where I requested pick up. Wasn't. Then cancelled when I said I would walk down. Worst service I've ever had,@198172 Sorry to hear about that! Can you please contact us via https://t.co/e8HVorX5rh so our team can connect.,Sun Oct 08 02:19:00 +0000 2017,cancellation,
317643,"@115873 for past 10 mins it's 10 mins, if you cancel then @115873 slams cancellation fee every damn time!","@191809 Send us a note here; https://t.co/e8HVorX5rh, and our team will be able to help!",Sat Oct 07 08:58:21 +0000 2017,cancellation,
72059,"@115877 @23417 @132173 Thx for screwing up our food order twice in two weeks. We place or order, the food gets picked up, and then the driver cancels the order.",@807589 We're here to help! Send us a DM with your email address so we can connect.,Wed Nov 29 00:11:40 +0000 2017,cancellation,
1224643,@115877 And now it’s cancelled it😡😡😡,"@405723 So sorry to hear of the trouble, Emma! Please reach out here: https://t.co/BjBRiTu5jM for more info on cancelled orders.",Wed Oct 25 15:54:19 +0000 2017,cancellation,
2806711,@Uber_Support can you guys just cancel that order?,@474186 We're here to help! Send us a DM with your email address so we can connect.,Wed Nov 22 03:44:57 +0000 2017,cancellation,
2790756,@Uber_Support can you let me know how to get my £4 back from your driver who no showed today &amp; then gave me a cancellation fee? #Jnimpressed,@778891 Hi there! Please send us a note at https://t.co/QsI1vsvcif and we'll be happy to look into this for you.,Tue Nov 21 20:02:00 +0000 2017,cancellation,
1271195,"@Uber_Support you guys add cancellation fees, with me doing this. This is suck","@417618 Sorry to hear this, Mustafa. Please go here https://t.co/h840Iouehc, so we can take a look.",Thu Oct 26 14:31:26 +0000 2017,cancellation,
1498698,@Uber_Support is it nirmal to have three drivers cancel adding 30 min of wait time and unneeded anxiety to my trip to LGA?,"@467972 Sorry for the trouble! Send us a note here, https://t.co/e8HVorX5rh, and our team will be in touch.",Fri Nov 03 12:58:54 +0000 2017,cancellation,
944389,I ordered @115877 and they told me my order was cancelled for no reason? Definitely not happy. Won’t be ordering from there again,"@343929 Let's take a closer look at this for you, Lily. Please DM us your email address, we'll follow up: https://t.co/6v96p5e65s.",Sat Oct 21 16:09:18 +0000 2017,cancellation,
2821969,@115873 is it reasonable to get a car 15 min away when the estimate before was 2?? can't cancel for free either https://t.co/otZQGLY0oi,"@346127 We're here to help! Send us a note here, https://t.co/e8HVorX5rh and our team will be in touch.",Mon Nov 27 07:28:49 +0000 2017,cancellation,
1854566,so my driver cancels and you still charge me ? @Uber_Support,@554868 Here to help! Send us a note here; https://t.co/e8HVorX5rh and our team will be able to assist!,Sun Oct 29 01:03:03 +0000 2017,cancellation,
2241729,@Uber_Support having issues with this app. Driver earlier today charged me cancellation fee and he never called. Then he showed up after I had already requested another Uber. Now I got $10 back to use for another ride which my husband Is on now. And it charged me full amounT,"@124142 Hi there, we're here to help! Send us a note at https://t.co/wW2bTlNcsR so our team can connect right away.",Fri Nov 10 19:40:50 +0000 2017,cancellation,
2122656,@115873 uber Bangalore...uber services also becoming like ola.. driver's don't come for pickup and on calling them they ask to cancel the booking...one driver even shouted when i said what is this drama..he said call uber and tell them to increase incentive of drivers...,@625335 Here to help! Send us a note here; https://t.co/e8HVorX5rh and our team will be able to help.,Wed Nov 08 15:15:29 +0000 2017,cancellation,
2229715,@Uber_Support Check driver parvinder he just cancelled my booking as well as in morning after asking destinations. Block his id,@650718 Sorry to hear this was your experience! Please send us a note at https://t.co/e8HVorX5rh so our team can connect right away.,Wed Nov 15 14:17:26 +0000 2017,cancellation,
2414672,@115877 ERM EXCUSE ME I DID NOT CANCEL THIS ORDER IT WAS CANCELLED INTERNALLY HOW RIDICULOUS #KRISPYKREME #UBEREATS https://t.co/7ErFiQgwnG,"@694078 We’re sorry to hear that. Please try and re-order again. If you would like us to look into it, send a note through the ""Help"" section in the UberEATS app.",Tue Nov 14 14:30:55 +0000 2017,cancellation,
679957,"@119983 @115873 waited for 20mins for my cab and then called him, got to know that my ride got cancelled when he was about to reach my destination.",@282235 Here to help. Send us a note at https://t.co/e8HVorX5rh so our team can connect.,Thu Nov 23 08:14:42 +0000 2017,cancellation,
1048154,"Tried to get @115873 ...started out 150 feet from us, 1 min away. Then became 20 minutes and 10 blocks. Cancel Cost: $5. Back to @115879.",@367729 Hi there! Please send us a note at https://t.co/QsI1vsvcif and we'll be happy to look into this for you.,Sat Oct 14 19:45:57 +0000 2017,cancellation,
658133,Alright now me and @115873 have a problem. How you charge me for a ride I never went on and a ride I didn't cancel 😤,@276689 Here to help! Follow up here; https://t.co/dInR3racif and our team will connect right away.,Wed Nov 22 22:57:33 +0000 2017,cancellation,
723001,@Uber_Support Hi want to cancel my account completely from your website. I can't seem to find an area to delete my account,"@254839 Hi Brian, please reach out at https://t.co/fULAWEsXtW so we can help.",Tue Oct 10 23:29:42 +0000 2017,cancellation,
1145236,@Uber_Support Why I'm still charged RM5 for cancellation fee while the driver is still 9 minutes away from me ? This is ridiculous!!,@389546 It seems a member of our team has reached out to you. Please check your email and follow up with them there.,Tue Oct 24 12:41:12 +0000 2017,cancellation,
677709,Super cool that my @115873 just canceled my ride to pick up some attractive women standing next to me. Your service is a dumpster fire.,@281673 Here to help! Please send us a note via https://t.co/593jusCquh so we can assist.,Thu Nov 23 06:26:43 +0000 2017,cancellation,
2573983,@Uber_Support Done. Why can't we cancel honestly this is so stupid,@448276 We see your outreach and a member of our team will be following up via email as soon as possible. We appreciate your patience.,Thu Nov 16 20:30:45 +0000 2017,cancellation,
796647,"@116288 @115873 why am I experiencing insanely high waiting time everyday ?After 10 minutes,drivers are calling me to cancel https://t.co/TGjbwB83CV",@309967 We're sorry to hear this was your experience. Contact us via https://t.co/fS660rQ8NQ and we'll be in touch.,Thu Oct 12 14:51:58 +0000 2017,cancellation,
906668,@115873 why do I get charged for Cancel on my driver completing another trip nearby? Reason given “using drivers time”,@335276 Here to help. Send us a note at https://t.co/h840Iouehc so our team can connect.,Sat Oct 21 01:46:59 +0000 2017,cancellation,
780983,Horrible experience with @115873 . Waited 15 minutes right at the location in blistering sun still Driver cancelled without a single call! Is there a customer care number i can call? @Uber_Support,@306460 Here to help! Send us a note via https://t.co/tgDW7w7MHb to assist you further.,Sat Nov 25 09:10:13 +0000 2017,cancellation,
728145,"Hey @32715, I’ve had 3 drivers cancel on me. I’m now late for my meeting, thanks a lot cc @115873",@294431 We can definitely take a closer look! Contact us here; .https://t.co/e8HVorX5rh so we can help,Wed Oct 11 07:39:31 +0000 2017,cancellation,
2750556,Hey @144886 ... just had a confirmed driver call me to ask where I was headed &amp; then cancel because “he’s too busy to go there” ... he then snapped @ me &amp; hung up. Thoughts?? Sounds like a model employee. 🤔👎🏼,@770067 Sorry to hear about that! Can you please contact us via https://t.co/iOszeeHZhQ so our team can connect?,Tue Nov 21 00:10:25 +0000 2017,cancellation,
947022,And somehow @115877 cancels the order 5 minutes after it was supposed to get here. Back to GrubHub I guess. 🙄 #sohungry,"@344579 Sorry to hear about this! Please connect with our team here; https://t.co/oiSPjYW97i, so we can further assist.",Fri Oct 13 22:59:21 +0000 2017,cancellation,
17285,@115873 still outside in the cold waiting after 24 minutes. I’m trying to give y’all the benefit of the doubt. But y’all won’t let me cancel,"@119807 Sorry for the trouble! Send us a note here, https://t.co/593jusCquh, and our team will follow up.",Wed Nov 01 04:18:21 +0000 2017,cancellation,
2708548,.@115873 Do drivers in Anaheim not know how to get to the Disneyland Hotel? First driver got lost and cancelled and the second seemed to drive around randomly. Wasted 25 minutes and ended up in a regular cab. #fail,@760603 Here to help. Send us a note at https://t.co/e8HVorX5rh so our team can connect.,Mon Nov 20 00:36:41 +0000 2017,cancellation,
2324808,"Take what you will from this but I just made eye contact with my @115873 driver from across the road, whilst standing next to my autistic neighbour who jumps up and down with excitement when he sees cars, and he cancelled the ride.",@673449 We can take a look! Send us a note via https://t.co/fS660rQ8NQ so our team can get in touch.,Tue Oct 31 00:25:33 +0000 2017,cancellation,
2494939,@115873 thanks for charging me $5 for the driver not showing and not responding to my text and cancelled by not showing up. I’m done with you,@712098 So sorry to hear about! Can you please contact us via https://t.co/h840Iouehc so our team can connect.,Mon Oct 30 00:04:39 +0000 2017,cancellation,
148318,@Uber_Support My driver cancelled my trip since he cannot point my location despite several instructions. Now I’m charged with cancellation fee. GREAT,"@149750 That doesn't sound right, Jessy. Contact us through https://t.co/h840Iouehc so we can assist.",Fri Nov 24 14:35:15 +0000 2017,cancellation,
1849482,Thanks a lot @115873 for the A1 experience. When cabs most needed drivers cancel back to back. How come they don’t incur cancel fees? https://t.co/DR7nVvSQIC,"@553753 That doesn't sound right, Sid. Contact us via https://t.co/e8HVorX5rh so we can assist.",Wed Oct 18 19:53:07 +0000 2017,cancellation,
1683665,Why do @115873 charge you when they cancel the trip that’s such bullshit,"@511753 Hi there, we're here to help! Please send us a note via https://t.co/h840Iouehc so our team can assist you with this.",Mon Nov 06 16:49:48 +0000 2017,cancellation,
1071365,@Uber_Support please can someone get back to me about a wrongly taken cancellation fee. you can't just charge my credit card and not refund!,@372824 We've followed up via DM. Please check your messages for an update.,Mon Oct 23 13:12:06 +0000 2017,cancellation,
920665,"Tried @115877 for the first time. No easy cancellation button for order errors, meal was mixed up, bad CS. prob won't use again.",@317986 Oh no! Please DM us the email linked to your account so we can look into this for you. We look forward to your response.,Sat Oct 21 03:54:26 +0000 2017,cancellation,
833680,3 x @115873 drivers cancelled a trip after I waited for 10-12mins each. Waited 40 mins &amp; you want to charge me a small fee to cancel? Really!?,"@318528 Sorry for the trouble! Send us a note here, https://t.co/h840Iouehc and our team will be in touch.",Fri Oct 13 07:05:11 +0000 2017,cancellation,
1582836,@Uber_Support I did and she/he missed the main point of my question. I was not questioning about the cancellation fee.,"@487171 Hi, Paul. We have replied to your in-app inquiry with some new information, please follow up with us there.",Wed Oct 18 03:57:44 +0000 2017,cancellation,
564445,Hey @115873 &amp; @Uber_Support - had two Uber Black drivers cancel after 5-10 min of waiting tonight. Seems like drivers need better training. https://t.co/UuXDGnzj60,@252211 Here to help. Send us a note at https://t.co/e8HVorX5rh so our team can connect.,Sun Dec 03 00:21:31 +0000 2017,cancellation,
2701107,@115873 your driver couldnt locate me and didnt answer when i called then proceeded to cancel the ride and now im charged 5$?! this isnt cool wtf,@758753 We're sorry to hear this was your experience. Contact us via https://t.co/h840Iouehc and we'll be in touch.,Sun Nov 19 20:54:20 +0000 2017,cancellation,
320937,@115873 On 6:00 he is 4 min away.On 6:12 ..he is 10 min away.I hv cancelld that ride https://t.co/G9j7q0ym8Y,"@192463 We're here to help, Shubham. Please DM us with the email address linked to your Uber account, so we can connect. https://t.co/sd7yH5jmbJ",Sat Oct 07 12:49:55 +0000 2017,cancellation,
605248,@Uber_Support Hi guys i just place an order fir delivery. An hour later i got a message says my order has been cancelled. Why was my order cancelled? And how do i get my refund? Please include the the process in you FAQ. This is just a bad experience for 1st time customer.,@263857 Sorry for the trouble! Send us a note via https://t.co/P4hKbg8c3n so our team can get in touch.,Wed Nov 22 10:44:38 +0000 2017,cancellation,
1374205,@115873 how do I complain about a driver who canceled a trip in an unprofessional way?,@439854 Here to help! Send us a note here: https://t.co/TmWmJyGFaK and our team will be in touch.,Sat Oct 28 00:07:43 +0000 2017,cancellation,
1146795,@115873 I hailed a ride 13 mins away. A few mins after I accepted it said the driver is 23 mins away. Then tells me it’s $5 to cancel TOTAL BS,@389916 We're here to help! Send us a note via https://t.co/e8HVorX5rh so our team can assist.,Sun Oct 15 16:50:16 +0000 2017,cancellation,
445725,@Uber_Support Okay seems like it wasn't a cancellation fee - then why am I charged? For sign-up? That's a lot for a sign-up. I need my money back. Thanks.,@220551 We're here to help! Send us a DM with your email address so we can connect.,Wed Nov 22 10:08:49 +0000 2017,cancellation,
1521263,Two uber drivers have cancelled on me I'm sure that they don't get charged. I cancel and I'm slapped with a £4 charge. Please explain? @115873,@472860 Happy to clarify. Please check out https://t.co/h840Iouehc for additional details.,Fri Nov 03 17:25:50 +0000 2017,cancellation,
1295170,@115873 driver came to my house and refused to drive me because of my destination. Then #uber charged me a $7 cancellation fee! #rude,"@422778 Sorry for the trouble! Send us a note here, https://t.co/e8HVorX5rh, and our team will be in touch.",Fri Oct 27 20:49:37 +0000 2017,cancellation,
1110960,So @115873 @Uber_Support driver kept on going away after accepting the trip. Idiots at uber charged me for cancellation. #WorstExperience https://t.co/QzeygGltfl,"@382205 Hey, Dheeraj. That is not right, we want to help! Please DM us your email address so we can take a deeper look.",Sun Oct 15 05:39:02 +0000 2017,cancellation,
910706,@115877 Hi have you cancelled the free food section? I can't find my referral code anywhere on the app?,"@336301 Hi, Megan. Please DM us the city you are located in so we may check on this for you.",Fri Oct 13 18:36:11 +0000 2017,cancellation,
2106345,"@115877 managed to somehow order food I didn’t order. And the support “couldn’t” cancel the order. Sorry, but I’m not down to paying $10 for a one mcmuffin.",@621668 We're here to help. Can you please send us a DM with your email address so we can connect?,Wed Nov 08 13:26:14 +0000 2017,cancellation,
2728323,@Uber_Support I have attached the screenshot after going through the link. It says I have not been charged with cancellation fees. However in my trip details the cancellation charge is clearly visible... Is your reply baseless?,@765001 Sorry to hear about that. Can you please send us a DM with your email address? From there we'll be able to assist further.,Mon Nov 20 14:14:22 +0000 2017,cancellation,
2232351,if i have to pay when i cancel my trip then why dont yall pay me when my driver cancels the trip ???? @115873,@651330 We’re here to help! Can you please contact us via https://t.co/h840Iouehc so our team can connect.,Sun Oct 29 05:01:58 +0000 2017,cancellation,
1399408,@Uber_Support my taxi never turned up to my location point and charged me a cancellation fee. Not happy.,@445399 Sorry about that! Please send us a note at https://t.co/QsI1vsvcif and we'll be happy to look into this for you.,Sat Oct 28 16:31:23 +0000 2017,cancellation,
2569737,"@115873 I want my 5 dollars back...App said ""arriving in 2 minutes"" i basically waited about 2 years so I had to cancel, don't make me switch to @115879 ..do u know how much i can get with 5 dollars cmon now https://t.co/vqdaRRrpP3",@188602 Hi there! Please send us a note at https://t.co/QsI1vsvcif and we'll be happy to look into this for you.,Mon Oct 30 16:16:38 +0000 2017,cancellation,
334556,Disappointed @Uber_Support refused to reverse cancellation fee after driver passed me by last night after I waited 2x ETA in the rain 1/,"@195724 Sorry to hear about this. We can definitely take another look, Paul. Please DM us your account email address so we can assist.",Sat Oct 07 19:19:26 +0000 2017,cancellation,
2208088,"Last time I use @115873. Your driver adds 10 mins to arrival time, but you want to charge £5 to cancel, and only refund to my uber account, not my bank. Absolute joke.","@645528 Here to help, Chris! Send us a note at https://t.co/hr88X1ZGuG so our team can connect.",Fri Nov 10 00:34:41 +0000 2017,cancellation,
1266553,@Uber_Support 24 sept 2017 uber driver cancelled my ride as i refused to pay 150 inr extra.Till 2day I couldn't book ride due to outstanding,@416555 Here to help. Send us a note at https://t.co/yqIhbGRNqi so our team can connect.,Thu Oct 26 12:04:23 +0000 2017,cancellation,
1312587,@115873 i shouldn’t get charged for cancelling a ride when the driver refused to meet me at the pick up location.,@426705 Happy to take a look! Send us a note via https://t.co/JyzdtQmyxT so our team can connect.,Fri Oct 27 05:07:25 +0000 2017,cancellation,
2518365,"@115873 what's up with cancellation fees? I'll bbb you if I get another driver in Miami that cant speak English, has the wrong directions, and you want me to pay a fee? GTFOH",@717360 We're here to help! Send us a DM with your email address so we can follow up.,Thu Nov 16 00:36:11 +0000 2017,cancellation,
2736519,@115877 what's your customer support number? Order cancelled once on route and no explanation!,"@766855 Here to help! Send us a note here, https://t.co/nFTc4ODH3P and our team will follow up.",Mon Nov 20 20:00:42 +0000 2017,cancellation,
2481483,"@Uber_Support Your driver cancelled, you charged me a cancellation fee. I DON'T want a credit, I want a refund @115873 @Uber_Support",@709039 Here to help. Send us a note at https://t.co/e8HVorX5rh so our team can connect.,Sun Oct 29 22:00:30 +0000 2017,cancellation,
314300,@115873 @Uber_Support @133311 your driver is stuck but refuses to cancel. I am missing my appointment because of your shit service. https://t.co/OL4y1c4Hpz,"@191035 Hey Ivanna, please reach out with the details at https://t.co/593jusCquh so we can connect.",Sat Oct 07 06:16:27 +0000 2017,cancellation,
2110757,@115873 wassup with more and more 🇳🇱 drivers calling to ask for destination upfront and cancel 👹,@622658 Here to help. Send us a note at https://t.co/593jusCquh so our team can connect.,Thu Oct 19 05:00:22 +0000 2017,cancellation,
2929787,When you get charged for making the uber driven wait 2 minutes but also £4 fee for cancelling a trip when driver hasn't moved from his place for 13' (wait 14' now). Makes sense @Uber_Support .... 👌🏽,"@810479 Happy to connect. Send us a note here; https://t.co/e8HVorX5rh, and we'll be in touch!",Wed Nov 29 06:32:39 +0000 2017,cancellation,
543079,"@Uber_Support 10 minutes into the trip, the driver's car broke down and Had to cancel the ride. Ended up paying 100 bucks for nothing???",@246100 Sorry for the trouble! Send us a note here: https://t.co/K05RdmK3t4 and our team will be in touch.,Sat Dec 02 16:09:22 +0000 2017,cancellation,
2816674,"@108043 @115873 I’ve decided that you’re right. This was so ridiculous, it took an hour to finally find a driver who wouldn’t cancel on me. LIVID",@785190 Here to help! Send us a note here https://t.co/e8HVorX5rh so we can assist.,Mon Nov 27 03:43:59 +0000 2017,cancellation,
2412787,@148768 @115877 Order cancelled now.. disappointed @148768 :(,"@693621 We're sorry to hear that. We're working hard to sort a technical issue caused by high demand. Please doughnut worry, there will still be plenty of time to order. If you're not immediately connected, do try again.",Tue Nov 14 14:51:52 +0000 2017,cancellation,
926736,".@11970 left me stranded in Davis after driver cancelled. then charged $5. Tried 2 dispute &amp; was told ""it's in accordance w/rules"" WTF",@339898 We apologize for the trouble! Send us a DM with your email address with additional details and we'll follow up.,Sat Oct 21 14:38:49 +0000 2017,cancellation,
1185936,@Uber_Support Really? After an hour I just got 2 messages: 1 saying your driver (who u said 2 mins away) cancelled. The second a £5 charge from you!!,@396722 We're here to help! Send us a note via https://t.co/h840Iouehc so our team can connect.,Tue Oct 24 23:45:34 +0000 2017,cancellation,
1337389,@Uber_Support why should I go ahead and make the payment of Rs42 when your driver asked me to go ahead and cancel the cab,@431950 We can definitely follow up! Send us a note here; https://t.co/h840Iouehc so our team can connect.,Sun Oct 29 09:41:15 +0000 2017,cancellation,
344894,@115873 my driver didn’t arrive nor answer my 4 calls yet I was charged $5 cancellation fee. How do I get a refund? https://t.co/WKioOJpG0G,@198055 Here to help! Send us a note here: https://t.co/e8HVorX5rh and our team can assist.,Sun Oct 08 02:00:22 +0000 2017,cancellation,
2253989,"@115873 my mom tried to Uber earlier and our female “driver” was sitting I️n the passenger seat and a man was driving. Disputed cancellation fee but there’s no option for “not the right driver”. Also, the “driver” did not appear fit to operate a vehicle.",@282760 Here to help! Send us a note here; https://t.co/fS660rQ8NQ and our team will be able to assist!,Sat Nov 11 03:49:06 +0000 2017,cancellation,
2381974,@686707 @Uber_Support @151271 No cool #uber ! Been supporting you guys for years. Don’t me my #grill like that. She specially spends $1000s each month on your company and I spend a lot of time getting cancellations as well. I hope you DM us both with some credits 💳 #DoTheRightThing,@686706 We're so sorry about that! Please send us a DM with your email address with details so we can connect.,Tue Nov 14 05:49:39 +0000 2017,cancellation,
1592508,"£5 charge to cancel Uber @Uber_Support, despite cancelling after 2 mins and driver still finishing a previous trip?! Rediculous.",@489486 Here to help! Send us a note here https://t.co/h840Iouehc so we can further assist.,Sun Nov 05 00:56:00 +0000 2017,cancellation,
139530,"@115877 what fucking shit show do you run. I’ve waited for a breakfast order for 40 minutes only to watch the cyclist ride up to my road and then cancel my order. I now can’t reorder my breakfast. This is my first order and judging by your lack of support, also the last.","@147468 Happy to help! Send us a note here, https://t.co/aZ6Ktyb1LN, and our team will follow up.",Fri Nov 24 11:06:00 +0000 2017,cancellation,
931988,"I ordered an @115873 and the guy straight up said,""Your location is too far, cancel the trip, I am going home"". He wouldn't cancel it.",@264877 Here to help! Send us a note via https://t.co/pCZ12w4Rxo to assist you further.,Sat Oct 21 11:50:40 +0000 2017,cancellation,
137775,@Uber_Support shocking service this morning. Waited over an hour for an order to just be cancelled for no reason. Nowhere to complain and no info on your website. Wonder why you don’t want us to be able to get in touch.. #UberEATS,"@147037 We're here to help! Send us a note here, https://t.co/EGiaYE5JMU and so our team will assist.",Fri Nov 24 10:14:43 +0000 2017,cancellation,
2805275,"At Newark Penn. @115873 driver literally less than half a block away before canceling and now I have to wait another 15 minutes. Eat a bag of dicks, Ali",@782429 Here to help! Please send us a note at https://t.co/e8HVorX5rh and we'll be happy to look into this for you.,Wed Nov 22 02:35:46 +0000 2017,cancellation,
536102,@Uber_Support a complaint against wrongly charged cancellation fee has been made in DM. Please respond. It makes no sense to change me for the mistake of your driver.,"@244204 Hi there! We're here to help. Send us a note here, https://t.co/e8HVorX5rh and so our team will assist.",Sat Dec 02 13:20:19 +0000 2017,cancellation,
1913962,ive literally only ever cancelled uber because the driver is 3 mins away but drives circles around my house for 10+,"@570112 On it, Taylor! Our team is constantly working to improve your experience and we couldn't do it without hearing from our riders first hand.",Wed Oct 25 20:13:28 +0000 2017,cancellation,
1065397,"@115873 just had an Uber, waited for 5 minutes, and then he cancelled... now another one with a 15 min wait... that's not cool.",@213412 Sorry to hear about that! Can you please contact us via https://t.co/e8HVorX5rh so our team can connect.,Sat Oct 14 22:39:52 +0000 2017,cancellation,
1153511,"You Guys Kept Cancellin’ My Trip Yesterday, And Still Charged Me ! Pls What The Fuck Are You Chargin’ Me For @115873 x @Uber_Support",@391405 We're always here to help! You can send us a note with the trip details at https://t.co/QsI1vsvcif and we can follow up on this.,Sun Oct 15 14:19:23 +0000 2017,cancellation,
281467,@115873 @Uber_Support This is pathetic when customer has to bear the charges for cancelling of ride by the driver. WTF.,"@183063 Happy to help, Neeraj. Please send us a DM with your account email address + details and we'll be in touch.",Fri Oct 06 10:11:22 +0000 2017,cancellation,
1147111,@Uber_Support the driver cancelled the trip midway for no reason and demanded nearly 1.5 times fare. Now my accnt shows outstanding payment.,"@182116 Sorry to hear about the troubles, Aniket. Please send us a note at https://t.co/V8YvTNr37q so we can take a closer look for you.",Sun Oct 22 05:21:19 +0000 2017,cancellation,
2354016,@Uber_Support I signed up with my email address but with my friend from Africa’s credit card and phone number. I forgot the password and can’t get back in to the account. We canceled his trip but his credit card is still showing a charge. Please help!,@196516 Here to help! Send us a note via https://t.co/JyzdtQmyxT so we can connect.,Mon Nov 13 18:39:39 +0000 2017,cancellation,
2167824,"When the uber driver rings me to ask my address, I tell him yet he cancels the uber and I still get charged? Are u actually joking @115873 ???",@636119 Here to help. Send us a note at https://t.co/iOszeeHZhQ so our team can connect.,Sun Oct 29 04:03:36 +0000 2017,cancellation,
931449,.@115873 how long ya'll been charging when drivers cancel? How much $ u make ripping off people that don't check? https://t.co/51DkiZVOoi,@340968 Here to help! Please send us a note at https://t.co/h840Iouehc and we'll be happy to look into this for you.,Tue Oct 10 23:28:03 +0000 2017,cancellation,
127158,"@Uber_Support Booked this cab, before the driver decided to cancel the ride for no absolute reason? What the actual fuck? Can you guys take some action?? https://t.co/inEQNnPdjD",@144556 Oh no! Please send us a note at https://t.co/lyqXfbVdYK and we'll be happy to look into this for you.,Fri Nov 24 03:54:22 +0000 2017,cancellation,
1874990,"@115877 spent 1.25 hours on the phone with your overseas support who didn’t know how to use hold, cancel an order or do a refund...",@559740 So sorry about the trouble! Please send us a DM with the email address associated to your account and more details so we can connect.,Sat Oct 21 21:43:48 +0000 2017,cancellation,
2069346,@Uber_Support you guys are a fucking rip off. Charging me 17$ for 2 rides that I canceled and never even rode in.,"@611961 We're here to help, Sunny. Please DM us with the email address linked to your Uber account, so we can connect. https://t.co/sd7yH5jmbJ",Sun Oct 08 19:07:52 +0000 2017,cancellation,
1302472,@115873 driver cancellee. Why I am charged 8 rial? https://t.co/wRXjKhO1f5,@424386 Hello there! Here to help. Please send us a note at https://t.co/w7r2O6dMbU and we'll be happy to look into this for you.,Mon Oct 16 09:50:16 +0000 2017,cancellation,
2641051,"First Paris @115873 driver passed us on the street then cancelled, 2nd driver activated the trip and drove off without us! Crazy! @Uber_Support",@745318 Hi there! Please reach out to https://t.co/zUe0dj6yoX and fill out the 4 boxes at the bottom so we can get in touch.,Fri Nov 17 21:58:45 +0000 2017,cancellation,
1831825,"@115877 after waiting 2 hours order is cancelled, never using again!!!!",@549625 Here to help! Send us a note via https://t.co/P4hKbfQBbP and we'll be in touch.,Sat Nov 25 22:24:45 +0000 2017,cancellation,
119561,@Uber_Support my phone keeps randomly alerting me to 'finding your uber' hours after I've already completed the trip. When I press cancel it then says 'trip already cancelled'?? Why does this keep happening?,"@134222 Hi, Richard! Sorry for the trouble. Kindly send us a note here; https://t.co/u3MyknJaaN so our team can assist.",Thu Nov 23 22:40:01 +0000 2017,cancellation,
979083,@115873 The ride I set cancelled on its own tonight. I ended up having to reset the trip and pay a higher price. Can you refund difference?,@352194 Here to help. Send us a note at https://t.co/h840Iouehc so our team can connect.,Sun Oct 22 05:17:59 +0000 2017,cancellation,
729267,@Uber_Support Pathetic experience. Incorrect Cancellation charges are imposed. No resolution yeh.Not able to book ride w/o paying charges.,"@294670 Hi, Yogita. Your support inquiry has been escalated to the appropriate team that will be following up as soon as possible.",Wed Oct 11 06:12:49 +0000 2017,cancellation,
2578810,I should be able to cancel a ride if my ride is on a trip without getting a fee @115873,@275897 Here to help. Send us a note at https://t.co/QsI1vsvcif so our team can connect.,Thu Nov 16 21:49:35 +0000 2017,cancellation,
2517162,@115873 @Uber_Support #metoo my fiancé was charged for a cancellation fee when their app chose the wrong starting point #racket,"@717037 Due to our privacy policy, we will have to speak directly to the account holder. Please have them contact us via https://t.co/balq3Eyso6",Thu Nov 16 00:06:22 +0000 2017,cancellation,
441148,"@Uber_Support Hello. I would much prefer my incorrect cancellation fee be fully refunded, not an account credit. Please advise.",@219655 We've sent you a DM.,Fri Oct 27 12:42:39 +0000 2017,cancellation,
376314,@115873: I have a driver who refuses to cancel and won’t come pick me up because my ride will be too short. Any suggestions?,@205272 So sorry about that! Can you please contact us via https://t.co/e8HVorX5rh so our team can connect.,Mon Oct 09 02:43:33 +0000 2017,cancellation,
596309,@168587 I once got charged $5 when a driver canceled on me. That was my last straw with @115873. Have been @115879 ever since.,"@261317 Here to help, Mike! Send us a note at; https://t.co/h840Iouehc so that our team can assist.",Sun Dec 03 19:12:30 +0000 2017,cancellation,
2162637,@Uber_Support canceled my uber pool cuz that fool passed me twice and kept going after 10 mins. Need my 2 bucks back bruh,"@462226 Here to help! Send us a note here, https://t.co/h840Iouehc, and our team will follow up.",Thu Nov 09 06:58:31 +0000 2017,cancellation,
58873,Last night I ordered Uber Eats and 25 minutes in when I was about to get my food they CANCELLED on me. You've hurt me @115877,@129406 Here to help! Send us a note via https://t.co/StKy7B0k57 so our team can get in touch.,Wed Nov 01 20:29:02 +0000 2017,cancellation,
2701110,@Uber_Support no wonder your license has been rejected - 4 cancelled Uber’s after waiting 30 minutes in the cold after a flight #shocking,@758754 Sorry for the trouble! Send us a note via https://t.co/e8HVorX5rh so we can connect.,Sun Nov 19 20:54:17 +0000 2017,cancellation,
540335,@115873 our driver cancelled on us just after the surge rose from 1.2x to 1.5x 😩 is this how your drivers are expected to behave?,@245349 Here to help! Send us a note via https://t.co/e8HVorX5rh and we'll be in touch.,Sat Dec 02 15:05:07 +0000 2017,cancellation,
913002,"@115873 I was charged £4 last night after my driver failed to turn up to the pick up and cancelled the trip, why? Can this be reimbursed pls","@336821 Hello John, here to help! Please send us a note at https://t.co/w7r2O6dMbU and we'll be happy to look into this for you.",Sat Oct 21 07:47:21 +0000 2017,cancellation,
2639768,@Uber_Support @115873 in birmingham - driver not answering call and been stood for 10 mins and car not moving! £5 to cancel! Are you kidding me?,"@324931 We can definitely take a look for you. Please provide details here; https://t.co/QsI1vsvcif, so our team can further assist.",Fri Nov 17 21:25:20 +0000 2017,cancellation,
2502182,@115873 I was at my destination and The Last Driver cancelled cuz he couldn't find me and I was there waiting there for about 10 minutes couldn't find me call the guy he didn't answer and then he cancelled and I got charged Uber you're sad,@225668 We're sorry to hear this was your experience. Please send us a note at https://t.co/QsI1vsvcif and our team will be in touch.,Wed Nov 15 20:00:26 +0000 2017,cancellation,
274920,"Dear Uber_Support Uber what the hell? Your driver cancel my trip and you charged me as cancellation rs 42 , 42 two times. Plse reverse",@181679 Here to help! Please send us a note via https://t.co/h840Iouehc so our team can connect.,Fri Oct 06 06:22:18 +0000 2017,cancellation,
171830,@Uber_Support It says I wasnt charged a cancellation fee but a message popped up at the beggining of my current trip telling they will charge me the cancellation fee https://t.co/bnmJUqvY2t,@156131 Let's take a closer look! Send us a DM with your email address so we can connect.,Fri Nov 24 22:18:24 +0000 2017,cancellation,
2458802,@Uber_Support im worried a troubling trend is emerging amongst your drivers at Brussels airport — they cancel when they know where you want to go...,"@462204 Here to help! Send us a note here, https://t.co/fS660rQ8NQ and our team will follow up.",Sun Nov 26 18:24:12 +0000 2017,cancellation,
2583263,@Uber_Support I wasn't charged a cancellation fee. You raised the price significantly to move up my pick-up time by a half hour. Maybe I'll try you again in the future. Cheers!,@732063 Happy to take a look! Send us a note via https://t.co/oEOANqFpjc so our team can connect.,Thu Nov 16 23:35:19 +0000 2017,cancellation,
2967083,"Waiting for an @115873 for over 30mins at Gatwick. First one was in a crash, 2nd couldn’t start the car and the next 2 Canceled after 5 mins! Freezing!",@818527 We're sorry to hear this was your experience. Contact us via https://t.co/e8HVorX5rh and we'll be in touch.,Wed Nov 29 23:04:26 +0000 2017,cancellation,
965828,"@349201 Firstly, liar. Secondly, bastards! Ubereats cancelled my other tonight - 70 minutes after ordering!","@349200 Let's take a closer look at this for you, Sean. Please DM us your email address and issue details; we'll follow up.",Sat Oct 21 21:33:22 +0000 2017,cancellation,
1612075,"@Uber_Support driver made me wait for 20 mins and then he cancelled the trip, uber charged me Rs. 35 for cancellation. #Harassment","@494718 Here to help, Sanjay! Send us a note here, https://t.co/h840Iouehc, and our team will follow up.",Sun Nov 05 12:16:00 +0000 2017,cancellation,
548628,@Uber_Support and why the fee is charged if driver cancel? You guys are fraud?? https://t.co/JLTe4IDBbq,"@247682 At this time we don't offer phone support, as communication is streamlined via email. Visit this link https://t.co/1xM0TILvAI so our team can assist. You can also send us a DM (Direct Message) with your email address and we'll connect.",Sat Dec 02 18:16:14 +0000 2017,cancellation,
2910843,@115873 why can’t your drivers figure out where to pick people up at the San Antonio airport. This isn’t rocket science. Two drivers in a row cancelled on me and I haven’t left the spot I have been standing.,@805830 We're sorry to hear this was your experience. Contact us via https://t.co/e8HVorX5rh and we'll be in touch.,Tue Nov 28 21:31:14 +0000 2017,cancellation,
560877,@115873 So this just sent me to you cancellation policy. This charge is bogus if a driver falsely gives the time he will be there. Estimated 13 mins. After 5-7 mins it was still 13 mins (once jumping to 17 mins) and the driver was still in his original location.,@251231 Hi there! Please send us a DM with your email address so our team can connect.,Sun Dec 03 17:39:10 +0000 2017,cancellation,
482382,"@Uber_Support Hey! ANOTHER driver just called me, asked where we’re going and cancelled. Not cool. You need to fix this.",@229723 We're sorry to hear about your experience! Can you please contact us via https://t.co/iOszeeHZhQ so our team can connect.,Sat Dec 02 20:00:02 +0000 2017,cancellation,
2888868,"@Uber_Support @133311 Same thing happened to My mom, she has an outstanding payment of R25 for the Driver cancelling 🙆🏾 https://t.co/0xO4omczhE",@801001 Here to help! Can you please provide us your email address? From there we'll be able to assist further.,Tue Nov 28 13:45:22 +0000 2017,cancellation,
1247345,"@115873 hi. I ordered through uber eats and the courier cancelled the delivery. Not only that, i was charged twice!!! Whats this abt????",@187145 We've followed up via DM!,Sun Oct 15 23:22:29 +0000 2017,cancellation,
330211,@115873 had 2 drivers call and cancel on me cause I'm not in there exact Location.... shady mofos,@194613 Here to help! Send us a note via https://t.co/e8HVorX5rh so our team can get in touch.,Wed Oct 11 14:00:25 +0000 2017,cancellation,
1602415,"Not very happy with this ""completing near by trip"" status on @115873. Takes forever! And dare I cancel! I'll be slapped with an amount! 👎","@491854 Here to help, Madhav! Send us a note here, https://t.co/e8HVorX5rh, and our team will follow up.",Sun Nov 05 06:38:08 +0000 2017,cancellation,
1928142,My uber user rating dropped from 4.83 to 4.71 after a driver cancelled ON ME. Bloody nugget @115873 @Uber_Support,"@573818 Hi, Benneth! Please visit; https://t.co/kWptmPiR2h for more info. Please let us know if you have any other questions or concerns.",Fri Oct 27 19:03:24 +0000 2017,cancellation,
2756867,@Uber_Support your drivers are becoming what Ola was a few months back. Booked and cancelled three share in morning. They just weren’t moving from their location. So annoying and irritating. Even worse you don’t want to talk to your customers.,@116274 Sorry to hear about what happened. Send us a note here; https://t.co/h840Iouehc and our team will be able to assist!,Tue Nov 21 02:42:53 +0000 2017,cancellation,
1901707,So @115877 cancel my order then I go outside my house to find this....please explain why I must pick up your rubbish when you didn't bother delivering my food https://t.co/WiGHbZnqcg,@566748 Sorry to hear about that! Send us a DM with your email address so we can connect.,Sun Nov 26 08:48:36 +0000 2017,cancellation,
2764517,"@115873 very poor service, the driver has cancelled the trip and uber asking me to pay for cancellations charge. https://t.co/FusneqjYwT",@773265 Sorry for the trouble! Send us a note here: https://t.co/h840Iouehc and our team will be in touch.,Tue Nov 21 08:34:18 +0000 2017,cancellation,
541619,Waited ALL day to order myself @24709 (my fave) via @115877 as a treat at work (for my tea) &amp; it’s cancelled twice. You know when you could cry. And you know it’s only food. But you just needed something good today? Maaaaaaan! 😭🙈🔫,@245672 We're sorry to hear about your experience! Can you please contact us via https://t.co/P4hKbfQBbP so our team can connect.,Sat Dec 02 15:50:44 +0000 2017,cancellation,
2394258,My @115873 driver showed up late and asked me to cancel the ride. Said he would drive me to the airport at Uber’s estimated fare but I’d have to stomach the cancellation charge. Didn’t argue because I didn’t want to miss my flight. https://t.co/ItNaSljpoT,@258934 Here to help. Send us a note at https://t.co/xguILK85B3 so our team can connect.,Sun Nov 26 17:15:23 +0000 2017,cancellation,
2400126,@115873 how do I not get charged a cancel fee when the driver never moved. Waited 7 minutes he hadn't moved. Was suppose to be here already,@309791 Here to help! Send us a note here; https://t.co/h840Iouehc and our team will be able to help.,Fri Oct 20 12:05:10 +0000 2017,cancellation,
2822666,@Uber_Support I was charged a cancellation fee of £4 after your driver told me to cancel because he felt he was too far away to pick me up? Why do I have to pay for him accidentally accepting? Am I being scammed or what? 😡,"@752803 We're here to help! Send us a note here, https://t.co/h840Iouehc and our team will be in touch.",Mon Nov 27 07:57:30 +0000 2017,cancellation,
1542762,@Uber_Support uber driver canceled and charged me $8.00,@158665 Here to help! Send us a note here https://t.co/e8HVorX5rh and our team will be in touch.,Fri Nov 03 23:01:34 +0000 2017,cancellation,
2162855,@Uber_Support please cancel my two account in UBER. Eloy Viegas,"@635054 Hi, Eloy. In order for us to further assist you, please follow up with us here: https://t.co/LECWe2nuKg.",Thu Oct 19 11:14:51 +0000 2017,cancellation,
2221242,"@Uber_Support hi ,why do I have to meet the cost when the driver cancels the trips? I think u HV to review ur policies.Av also heard of several other complaints.pliz fix it https://t.co/ECYg79WV2M","@648759 Happy to assist. Please follow the link below to for additional cancellation info, or to dispute a cancellation charge. https://t.co/QsI1vsvcif",Fri Nov 10 13:24:47 +0000 2017,cancellation,
423594,Driver misbheviour n cancelled the booking and uber charged me extra amount driver parveen number 9643138381 on 10 oct @115873 @Uber_Support,@215842 Send us a message via https://t.co/QsI1vsvcif. A member of our team will follow up as soon as possible.,Tue Oct 10 09:46:31 +0000 2017,cancellation,
1379187,"@Uber_Support Doesn't really apply to my situation, they cancelled on me, took like 3 tries to get a driver.",@441089 Here to help! Please send us a DM of the email address connected to your account so we can take a closer look.,Sat Oct 28 04:38:20 +0000 2017,cancellation,
2407078,"- Me patiently waiting for @115877 to confirm my order, then all of a sudden they cancel it. https://t.co/DMpuHf2C2q",@692236 We're here to help! Please send us a note here; https://t.co/StKy7B0k57 so our team can assist.,Tue Nov 14 14:31:21 +0000 2017,cancellation,
1067057,What a surprise @115873 cancelled my trip so they could surge even more. #uberdrivercancelled #londonuber #Uber #uberlondon,"@371807 Sorry for the trouble! Send us a note here, https://t.co/h840Iouehc and our team will be in touch.",Sat Oct 14 22:50:59 +0000 2017,cancellation,
938043,How can a driver accept a call for a ride and not even be finished with his/her current ride wtf? @115873 #canceledagain #uber 2 @115879 #mojo,@342352 Here to help! Send us a note via https://t.co/fS660rQ8NQ so our team can connect.,Fri Oct 13 23:03:49 +0000 2017,cancellation,
1133771,"Hey @115873 my driver has been sitting in the same spot for 5 minutes, after like 3 drivers cancelled on me. What do?",@387147 We're sorry to hear this was your experience. Contact us via https://t.co/e8HVorX5rh and we'll be in touch.,Sun Oct 15 15:07:46 +0000 2017,cancellation,
1121389,@116288 @Uber_Support your driver hasn't cancelled or moved. And he screamed and threatened to cancel at last moment so I get charged https://t.co/sVUoLp4Nwe,@383469 We can definitely take a closer look! Contact us here; https://t.co/fS660rQ8NQ so we can help.,Tue Oct 24 06:20:19 +0000 2017,cancellation,
1892232,"@115873 @Uber_Support my second driver started the ride without me in it, canceled before picking me up, and I was charged for it... https://t.co/4ixr275Dok","@483276 Sorry to hear that, Ali! A member of our team has reached out via in-app/email support with an update on this cancellation fee.",Sun Oct 22 18:13:30 +0000 2017,cancellation,
2338513,@115873 I waited twenty fucking minutes and had two drivers cancel on me. Completely abhorrent and unacceptable.,"@676513 Here to help, Khiyon! Send us a note here, https://t.co/e8HVorX5rh and our team will follow up.",Fri Oct 20 06:24:23 +0000 2017,cancellation,
2421555,@115877 promised @148768 doughnuts and then cancelled my order. Such a pain point. Shame!,"@695567 We're sorry, Joanna. We're working hard to sort a technical issue caused by high demand. Please doughnut worry, there will still be plenty of time to order. If you're not immediately connected, do try again.",Tue Nov 14 14:40:15 +0000 2017,cancellation,
514046,@115877 why do you wait to cancel an order that we have been waiting almost an hour for? You should know if you cannot deliver it faster than that. Now we have to wait anothet hour for an order that may or may not be cancelled. #unhappycustomer,@238336 Here to help! Send us a note here https://t.co/jP6giifgNM so we can further assist.,Sat Dec 02 00:18:06 +0000 2017,cancellation,
2721845,@115873 i have been charged with a cancellation fees and the fault was of your driver. we kept waiting for the driver for 20 mins and he was not coming to the pick up location and moreover he has provided the wrong contact number... i want my money back please.,@763657 Here to help! Send us a note via https://t.co/h840Iouehc so our team can get in touch.,Mon Nov 20 09:59:36 +0000 2017,cancellation,
2583270,@Uber_Support Had a great ride with my driver Eddie but the trip showed canceled on his side and never picked up on my side. I ended up canceling but want to make sure Eddie gets paid. Please contact me to resolve. Not fair to hardworking drivers.,@732064 Here to help! Contact us here; https://t.co/u3MyknJaaN so we can take a closer look.,Thu Nov 16 23:32:21 +0000 2017,cancellation,
2375473,@Uber_Support you showed a 5 min ETA before I requested and now you're gonna charge me for canceling when it's actually 14 mins. I'm not paying this. https://t.co/EMDveAJkSi,@310445 We're so sorry for the trouble. Send us a note via https://t.co/e8HVorX5rh so we can assist.,Tue Nov 14 02:29:02 +0000 2017,cancellation,
2412801,"Apparently managed to order #KrispyKreme w #UberEATS and they've cancelled on me, twice. #sucks","@693626 We're so sorry you didn’t your FREE Original Glazed Dozen box. Demand was through the roof and stocks ran out! You can try another location, and stay tuned for more fun promotions soon!",Tue Nov 14 14:30:48 +0000 2017,cancellation,
2456788,"@115873 order a cab. Cancelled itself three times, then changed pick up location itself- I’m charged £5!!!! Not on!","@703736 Sorry for the trouble! Send us a note here, https://t.co/u3MyknJaaN, and our team will be in touch.",Sun Oct 29 18:18:39 +0000 2017,cancellation,
526213,Hey @Uber_Support how can so many of your drivers not follow navigation and make it to pick up locations? I am beginning to wonder if this is some ploy for them to make money of cancellations. Please refund. Have already raised a ticket. https://t.co/jBKwhHqO34,@224343 We apologize for the trouble! We're currently reviewing your email and will connect right away.,Sat Dec 02 06:47:07 +0000 2017,cancellation,
134471,@115873 absolutely terrible service today. Vasant Kunj to Gurgaon 5 cancellations. Reliability zero.,"@146317 Hi there! We're here to help. Send us a note here, https://t.co/h840Iouehc and so our team will assist.",Fri Nov 24 08:34:59 +0000 2017,cancellation,
73696,"@Uber_Support Pls fix isu 4 cab from Noida to GGN , drvrs refuses as they don't get GGN toll paid. 2day i was rqustd to cancel 2 cabs","@132484 We're here to help! Send us a note here, https://t.co/iOszeeHZhQ and so our team will assist.",Thu Nov 30 10:35:01 +0000 2017,cancellation,
2352434,@Uber_Support hey I️ cancelled my ride before 5 mins but still got charged - my drivers arrival time kept changing so I️ canceled - the whole ride was supposed to be $6 or so I️m looking for a # to call pls,@679812 Here to help. Kindly send a note at: https://t.co/JyzdtQmyxT so we can connect.,Mon Nov 13 18:09:57 +0000 2017,cancellation,
859679,@115873 any chance you reimburse incorrect cancelattion fee charged because one of your drivers cancelled my ride?,@324111 We have received your DM and will connect with you there.,Fri Oct 20 17:10:57 +0000 2017,cancellation,
456819,"@115877 you're all wankers, you'll be hearing from me at 8:00am, how dare u cancel my order an HOUR after i place it, watch ur back","@223435 Thank you for reaching out! In order to further assist you, we'll need you to send us a note at https://t.co/StKy7B0k57.",Fri Dec 01 00:17:56 +0000 2017,cancellation,
2844513,Thanks @115873 for being confusing as anything in Vegas and costing me $5 to cancel a ride bc the pickup locations are really hard to find. Dot tells you are there when you are not.,@791288 Here to help. Send us a note at https://t.co/e8HVorX5rh so our team can connect.,Mon Nov 27 17:28:29 +0000 2017,cancellation,
994541,@115873 what a joke 3 cabs ordered 2 cancelled no doubt you are losing your license. Absolute joke!,@355576 Sorry to hear about that. Kindly send us a note here; https://t.co/e8HVorX5rh and our team will get in touch.,Sun Oct 22 16:00:09 +0000 2017,cancellation,
2720639,@Uber_Support I was charged for cancellation fee after contact with customer care it was waived off but recently i was booking cab it was charged again.Please help,@198964 Here to help! Send us a note here; https://t.co/h840Iouehc and our team will be able to assist!,Mon Nov 20 09:40:28 +0000 2017,cancellation,
2067193,@115873 I'm being charged for someone canceling on me for no reason! This is bull shit!!!,"@611287 Sorry to hear about that, Caitlin! Please send us a note at https://t.co/JyzdtQmyxT and we'll be happy to look into this for you.",Sun Oct 08 08:58:51 +0000 2017,cancellation,
516731,"@Uber_Support your driver took off before I was able to enter the car and catch a ride. I don’t want to cancel because I don’t want to be charged for that. He is getting further away from me, clearly no intentions on turning around please help me.",@239105 So sorry for the trouble! Send us a note via https://t.co/e8HVorX5rh so our team can assist.,Sat Dec 02 01:02:07 +0000 2017,cancellation,
2419789,"@115873 Driver didn’t turn up, charged me cancellation fee, help! Refund me! Poor driver https://t.co/oECzkPQvlE",@695158 Here to help! Send us a note here; https://t.co/fS660rQ8NQ and our team will be able to help.,Sun Oct 29 12:23:39 +0000 2017,cancellation,
2390596,@148768 @115877 Yeah I’m the ‘office hero’ because @115877 cancelled my @148768 order... https://t.co/9XMEV232tp,"@692721 We’re sorry to hear that, Andy. Please try and re-order again. If you would like us to look into it, send a note through the ""Help"" section in the UberEATS app.",Tue Nov 14 14:36:23 +0000 2017,cancellation,
2241614,@Uber_Support again the same thing happened... your driver first denied pickup and then cancelled the booking and now I’m being charged cancellation fees for it. What is this?,@498417 Here to help. Send us a note at https://t.co/e8HVorX5rh so our team can connect.,Fri Nov 10 20:47:21 +0000 2017,cancellation,
2679412,@115873 You’re driving is driving round my estate and has drove past me 3 times but not answering when I call. £4 fee to cancel?,@753919 Here to help! Please send us a note at https://t.co/lyqXfbVdYK and we'll be happy to look into this for you.,Tue Oct 31 14:31:19 +0000 2017,cancellation,
292415,@115873 you immediately need to correct the drivers in India. They accept the drive and then never show up.. causing you a few to cancel! BS!,@185644 Sorry to hear about that! Can you please contact us via https://t.co/e8HVorX5rh so our team can connect.,Fri Oct 06 16:33:10 +0000 2017,cancellation,
2412841,"That moment when you successfully order @148768 on @115877 but then they cancel your order for no reason. Boo, hiss, etc https://t.co/XP8jeBRXmD",@693639 We're working hard to get Krispy Kreme to as many people as possible! Keep trying.,Tue Nov 14 14:30:55 +0000 2017,cancellation,
1377760,"If you do @115877 and someone name Asia picking up your food, its best to just cancel. She will eat your food.","@440740 Here to help! Send us a note here, https://t.co/hVMgTsth35, and our team will follow up.",Sat Oct 28 02:22:01 +0000 2017,cancellation,
2861126,"So @115873 now charges $5 cancelation fees after 2 min. Will they start reimbursing me when my drivers go 2 miles in the wrong direction? Only seems fair, since I’m waiting on the 2nd late pickup",@794860 Here to help! Send us a note via https://t.co/h840Iouehc so we can connect.,Mon Nov 27 22:29:06 +0000 2017,cancellation,
1295167,"@Uber_Support @115877 sup, how do I cancel food from an hour ago? https://t.co/mqEpJ5bZcv","@422777 We're here to help! For more information on how to cancel an order, visit us at; https://t.co/gA9nTOYk8l.",Fri Oct 27 20:48:34 +0000 2017,cancellation,
62337,@Uber_Support my driver canceled when he was 1 min. away. My new driver was 7 away so I walked to make it 4 minutes away— now this. Come on! https://t.co/TfrcwUQHpg,"@130282 Here to help, Jenna. Send us a note at https://t.co/593jusCquh so our team can connect.",Wed Nov 01 21:22:40 +0000 2017,cancellation,
541595,"@Uber_Support it's not a cancellation fee though, it's the actual cost of the trip, which i didn't even take","@129218 Riders are charged upon a trip being completed. If you canceled the trip before the trip began, you could not have been charged a fare. Please learn more about authorization holds here: https://t.co/0FF442OiW4",Sat Dec 02 20:33:38 +0000 2017,cancellation,
704712,"@115873 @116288 @119983 you guys are going worst day by 1.) worst routes in pools 2. Inconsistency in charges for the same route 3. Worst pool matches, higher waiting times in spite of nearby available cabs. 4. Big discrepancies in cancellation charges. 5. No call center","@288414 That doesn't sound right, Ganesh. Contact us via https://t.co/QDn91HzZV0 so we can assist you.",Thu Nov 23 18:20:45 +0000 2017,cancellation,
1268672,@Uber_Support Go ahead and refund the ongoing trip as well then. If its all about money. Why are not creating any protocol for drivers who cancel the bookings post accepting them.,"@417060 We're sorry to hear about the trouble, Amit, As previously mentioned, you were not charged a cancellation fee and a credit of ₹50 has been applied to your account to use towards your next ride. To learn more about cancellation fees, please visit: https://t.co/YqGC6qQdzI.",Sat Nov 25 13:08:58 +0000 2017,cancellation,
1336426,@Uber_Support the driver has cancelled why should i pay this amount despite of driver bein in wrong location https://t.co/aWe3gVfu6F,@431747 Here to help. Send us a note at https://t.co/h840Iouehc so our team can connect.,Fri Oct 27 14:20:09 +0000 2017,cancellation,
2854331,@119720 requested pool at Reston metro. Not 5 seconds into I cancel. I am now charged $6.81..... what the hell? Also uber customer for 6 years.,"@793457 Sorry for the trouble! Send us a note here, https://t.co/h840Iouehc and our team will be in touch.",Mon Nov 27 20:28:09 +0000 2017,cancellation,
658082,@115873 actual jokes how your drivers miss their pick ups x2 then cancel yet you can't leave them feedback... #greatcustomerservice,@276670 Here to help! Please send us a note at https://t.co/e8HVorX5rh and we'll be happy to look into this for you.,Wed Nov 22 23:23:37 +0000 2017,cancellation,
1392515,"@1143 @115873 what's the point of rating drivers? If I cancel after seeing a bad rating, you'll charge cancellation fees to me only!",@443875 Sorry to hear about that! Can you please contact us via https://t.co/h840Iouehc so our team can connect.,Sat Oct 28 12:50:13 +0000 2017,cancellation,
317531,@115873 @1285 The Driver had canceled the trip but when I book new ride it shows I have to pay for the trip which driver had canceled https://t.co/W6d1JTILPv,@191782 Sorry to hear about that! Can you please contact us via https://t.co/JyzdtQmyxT so our team can connect?,Sat Oct 07 08:36:33 +0000 2017,cancellation,
2668794,@Uber_Support Why I am charged ₹52.50 for ride that was cancelled because of driver on 24/10/2017,@751705 Our team is reviewing your email now and will be in touch. We appreciate your patience.,Sun Nov 19 10:27:26 +0000 2017,cancellation,
1762443,Cheers for charging a cancellation fee @115873 even though YOUR driver cancelled the ride. We were at the pick up point and he was not there.,@530284 Sorry to hear about that! Send us a note via https://t.co/h840Iouehc so our team can get in touch.,Tue Nov 07 20:30:14 +0000 2017,cancellation,
594026,"@115873 pls don’t bill us $5 when driver cancels. Yes we can dispute easily in settings but it’s a slap in the face to be stranded outside in the cold when we’re waiting, then billed for it. Your tech is sophisticated to know which party cancels so pls, bill only when we do.",@260696 Here to help! Send us a note via https://t.co/h840Iouehc so our team can connect.,Sun Dec 03 18:16:22 +0000 2017,cancellation,
2965787,@Uber_Support hi do this driver cancelled my trip after calling and finding out where I was going... Isn't that against your rules? https://t.co/OEMn7sFOuZ,@818230 Here to help! Kindly send us a note at; https://t.co/e8HVorX5rh so our team can assist.,Wed Nov 29 22:47:08 +0000 2017,cancellation,
106206,"HAIBO!!! HAWEMAH!!! Please help @115873 charged me for two trips from my account, trip that didn't happen, they were cancelled 😭😭😭😭",@139526 Happy to help! Can you please contact us via https://t.co/1xM0TILvAI so our team can connect.,Thu Nov 30 18:44:13 +0000 2017,cancellation,
2414657,@Uber_Support Is that a joke? 6 people in our office got their orders accepted and cancelled. Genuinely intrigued as to how you proposed to resolve this problem. Our deliveries of Krispy Kreme would be a start.,"@694074 We're so sorry you didn’t get your free Original Glazed Dozen box, Robyn. Demand was through the roof and stocks ran out, some locations faster than others. Stay tuned for more fun promotions soon!",Tue Nov 14 17:34:05 +0000 2017,cancellation,
255938,@Uber_Support yesterday i booked a uber taxi from columbia amc MD and you wrongly charged 7 $ as your driver cancelled the trip. i,"@176879 We've responded via DM, please check your messages. Thanks!",Thu Oct 05 17:43:45 +0000 2017,cancellation,
666325,@115873 this rude idiot then canceled my ride https://t.co/AH77S6TMNm,@278746 Here to help. Send us a note at https://t.co/593jusCquh so our team can connect.,Thu Nov 23 02:31:15 +0000 2017,cancellation,
984366,@115873 @Uber_Support no way I’m paying 5.65 for a trip your driver cancelled as they drove by me twice. Come on.,@353353 Sorry to hear about this. Please send us a note here https://t.co/QsI1vsvcif so we can connect.,Sun Oct 22 05:10:17 +0000 2017,cancellation,
271033,"Waited 8 minutes for an @115873 only for him to cancel and then pass me. On min. 9 of waiting for matches driver 2. This is BS, @Uber_Support","@116952 Hey Harley, please reach out with the details at https://t.co/593jusCquh so we can connect.",Fri Oct 06 01:39:55 +0000 2017,cancellation,
1162940,"@Uber_Support @115873 @116288, i was wrongly charged for a cancelled trip, which was cancelled by your driver, details attached https://t.co/atROk0RUIJ",@393576 Here to help! Please send us a DM with your email address with details so we can follow up.,Sat Oct 28 09:07:20 +0000 2017,cancellation,
2129609,"@115873 (2/2) When I tried to call the driver, no picked up. Had to pay a cancellation fee &amp; call another Uber.",@626868 We're so sorry for the trouble. Send us a note via https://t.co/e8HVorX5rh so we can assist.,Sun Oct 29 03:31:46 +0000 2017,cancellation,
2424751,@148768 @Uber_Support why was my order cancelled twice? Disappointed!,"@318217 We’re sorry to hear that. Please try and re-order again. If you would like us to look into it, send a note through the ""Help"" section in the UberEATS app.",Tue Nov 14 16:00:48 +0000 2017,cancellation,
2364918,@Uber_Support I don’t have an account someone has used my card details on their account at 8pm this evening and need Uber to cancel that transaction,@682770 Here to help! Please send us a DM with your email address with details so we can follow up.,Mon Nov 13 22:31:19 +0000 2017,cancellation,
2059052,@115873 @Uber_Support - &amp; he asked me to cancel the ride. You think this is a joke? When will you'll start rolling out proper services???????,"@608977 Sorry to hear about your experience, Priyal! Please connect with us here; https://t.co/qHI8xcWfiW so we can further assist you.",Sat Oct 07 07:53:17 +0000 2017,cancellation,
579444,WTF I Just payed $5 to cancel my Uber right after I ordered it 😭😭😭y’all motherfuckers be taxing @115873,@256455 Sorry to hear about that! Send us a DM with your email address so we can assist.,Sun Dec 03 11:09:00 +0000 2017,cancellation,
578077,Yesterday a Muslim #uber driver told my group to leave his cab because we were carrying a sealed gift pack of beer which I was taking for a friend - he refused to carry alcohol. I was then charged £5 cancelled fare. @Uber_Support @115873 #uber https://t.co/ivfOOlu2dJ,@154460 Hi there! Please reach out to https://t.co/QDn91HzZV0 and fill out the 4 boxes at the bottom so we can get in touch.,Sun Dec 03 10:17:28 +0000 2017,cancellation,
910711,@115873 driver ask me to walk somewhere easier for pickup then cancels halfway then I get cancel fee is BS. Double kick to the nuts.,@336303 Here to help. Please send us a note at https://t.co/h840Iouehc and we'll be happy to look into this for you.,Fri Oct 13 19:41:00 +0000 2017,cancellation,
724307,"@115873 I have this issue of payment!Before I could reach to car,rider said ride has been cancelled &amp; im still charged!i even didn’t use it! https://t.co/sBeGyf5qLz",@293467 We're sorry to hear about the trouble! Can you please contact us via https://t.co/76zx6Rm1i6 so our team can connect.,Wed Oct 11 03:44:38 +0000 2017,cancellation,
954276,My favorite @115873 drivers are the ones that make you stand outside and then decide to cancel the trip bc they can't 'find' you at input add.,"@346426 Here to help, Katie! Send us a note here, https://t.co/e8HVorX5rh and our team will follow up.",Wed Oct 11 11:53:25 +0000 2017,cancellation,
2732997,How come I stood outside waiting for an @115873 for more than 20 minutes but somehow I am charged with a cancellation fee? @Uber_Support,@176993 We're sorry for the trouble! We're currently reviewing your email and will follow up shortly.,Mon Nov 20 16:08:04 +0000 2017,cancellation,
123151,"@115873 That is not the point. There is no penalty for drivers wasting my time as they get matched for pick-up, only to have them cancel 10 minutes later. Had to wait 30-40 minutes to find an Uber who came through and actually got us. But if I cancel my Uber then I’m charged a fee. #WTF",@143507 Happy to further assist you. Can you please send us a DM (direct message) with your email address and additional details?,Fri Nov 24 23:56:24 +0000 2017,cancellation,
1604544,I will never use @115873 again. This dude just canceled my trip even after seeing me. So disappointed. Wasted time and charged my credit card! https://t.co/bFHPS4QX0K,@492261 Here to help! Please send us a note at https://t.co/h840Iouehc and we'll be happy to look into this for you.,Sun Nov 05 08:31:13 +0000 2017,cancellation,
785844,"@115873 WTF is with Uber constantly charging me $5 for drivers ""time"" when I have to cancel because hey don't move, don't pick up phone, don't arrive at correct place?? What about MY time?? THIRD TIME THIS WEEK DRIVER DOESNT SHOW OR ANSWER PHONE.",@307487 Here to help. Send us a note at https://t.co/JyzdtQmyxT so our team can connect.,Sat Oct 07 23:01:09 +0000 2017,cancellation,
2460048,"@115873 losing the plot. Booked a trip, driver was 1 min away for 10 mins. Cancelled and now enjoy a $10 fee. Not good.",@704467 Sorry for the trouble! Please send us a note at https://t.co/QsI1vsvcif and we'll be happy to look into this for you.,Wed Nov 15 07:06:59 +0000 2017,cancellation,
2469496,"@Uber_Support I can respond to that message, I can only give feedback which is zero. Also, why do we have to pay the cancellation charge if it is the driver who is cancelling the ride?",@209239 We've followed up via DM.,Wed Nov 15 15:15:39 +0000 2017,cancellation,
788715,I will be charged if I cancel my trip! @115873 are you serious? 22 mins to wait coz your driver is still completing a trip https://t.co/XkZrokiHGL,"@308081 We're here to help! Send us a note here, https://t.co/e8HVorX5rh and so our team will assist.",Thu Oct 12 11:07:14 +0000 2017,cancellation,
83607,@Uber_Support This is not about the driver. It's about your system! I cancelled hoping that I'd be assigned a different driver. Same driver was assigned. My pickup and drop off location is not wrong.,"@134364 Happy to further assist! Send us a note at https://t.co/RsiLwh89nW so our team can assist. If you would like, you can also DM us with your email address so we can help.",Thu Nov 30 13:49:35 +0000 2017,cancellation,
2959276,@Uber_Support Why have you charged me for a trip I never made? I was only meant to be paying a $5 cancellation fee?,@257995 We're sorry to hear this was your experience. Contact us via https://t.co/1xM0TILvAI and we'll be in touch.,Wed Nov 29 20:19:19 +0000 2017,cancellation,
1228121,"@115877 Ordered lunch. 30 min pass, delivery was 0 min away. Went outside to pickup. Order cancelled (cannot be delivered) What happened?","@408122 We're here to help! Send us a note here, https://t.co/Wmy7KFFH18 and our team will be in touch.",Wed Oct 25 18:29:45 +0000 2017,cancellation,
2837787,"@115873 my driver did not end my ride after dropping me off, and continued to charge me. I cancelled the ride as soon as I discovered it was ongoing. How can I get this refunded?",@789809 Here to help! Send us a note via https://t.co/iWkQwthYtc to assist you further.,Mon Nov 27 15:25:20 +0000 2017,cancellation,
114547,@Uber_Support Unfortunately your response was unsatisfactory. You ignored the fact my driver refused to pick me up and still charged me a cancellation fee. Last time I use @115873 in Colombia 🇨🇴,@141469 We're here to help! Send us a DM with your email address so we can follow up.,Thu Nov 23 21:22:06 +0000 2017,cancellation,
2607537,@115873 @Uber_Support I canceled the ride and never got in the car. I have tried contacting all day but no response. Customer service sucks,@737626 We're so sorry about that! Can you please send us a DM with your email address and additional details so we can assist?,Mon Oct 30 21:19:55 +0000 2017,cancellation,
1934622,"@115873 Y u guys r alwys lagng behnd ,u don't hav a propr customr care no in India. u chargd a cancellatn fee bcz ur drivr don't wnt a ride",@575631 Here to help. Send us a note at https://t.co/zUe0dj6yoX so our team can connect.,Sun Oct 29 04:58:56 +0000 2017,cancellation,
347615,@115873 7 months back my driver drove past me and proceeded to not cancel my trip--for 45 min. https://t.co/Fri8OtdqIW,@198725 We can definitely take a closer look! Contact us here; https://t.co/e8HVorX5rh so we can help.,Sun Oct 08 05:37:02 +0000 2017,cancellation,
704730,"@115873 @Uber_Support request for reversal of cancellation fees as app did not responded for more than 5 mins after booking request. There was no option to stop ""finding cab"" even I forcefully stoped app and reopened same msg displayed. please chk",@268765 We're here to help! Send us a DM with your email address so we can connect.,Thu Nov 23 18:07:03 +0000 2017,cancellation,
1867313,Oi @115873 you lot made me cancel a cab twice which did not exist and charged me a 10er for it. What the hell is going on?,"@252002 Here to help! Send us a note here, https://t.co/h840Iouehc, and our team will follow up.",Wed Oct 18 08:41:26 +0000 2017,cancellation,
935989,"First experience with #UberEATS... delivery time 15 mins ... 1 hour later ""your order has been cancelled"" #disaster #avoidliketheplague","@341898 Hi, Katy. We're sorry to hear about what happened. Please DM us the email linked to your Uber account so we can look into this for you.",Sat Oct 21 16:44:16 +0000 2017,cancellation,
2382625,I wish you could rate @115873 drivers that cancel on you when they’re 1 minute away,"@668277 Sorry for the trouble! Send us a note here, https://t.co/593jusCquh, and our team will follow up.",Tue Nov 14 06:10:48 +0000 2017,cancellation,
518899,Erm why is @115873 charging me when the driver cancelled my trip and left me waiting in the cold fo god knows how long!!!! Wtf... unacceptable!,@239718 Here to help! Send us a note here https://t.co/e8HVoseGiP so we can assist.,Sat Dec 02 02:10:18 +0000 2017,cancellation,
457988,@Uber_Support I waited on hold for over 30 minutes on the phone then it ended up just canceling my order on the app. I had the restaurant called n told that they had also been on hold for 30 minutes and you guys told them I needed to call and cancel the order... While I was on hold,@223730 We're here to help! Send us a DM with your email address so we can assist.,Fri Dec 01 00:38:10 +0000 2017,cancellation,
2817462,@Uber_Support What can a consumer do when driver says to kindly get down and he would cancel the trip due to his other priority? Why the hell are you charging me cancellation fee when it is cancelled by driver himself. There has been a delay for me and charges on Cancellation fee 9886797651,@785398 We're currently reviewing your email and will be in touch shortly. We appreciate your patience!,Mon Nov 27 04:42:32 +0000 2017,cancellation,
1118088,@Uber_Support Driver said that he is waiting for Gurugram passenger. So he canceled my booking without informing me.,@383818 Here to help! Can you please contact us via https://t.co/fS660rQ8NQ so our team can connect?,Tue Oct 24 04:51:00 +0000 2017,cancellation,
983578,"@Uber_Support hi I seem to have been charged a cancellation fee for a car that never accepted, looked on https://t.co/Q0fmhCDTiO already","@353178 Happy to help, Ashley. Send us a DM with your account email address + trip details and we'll be in touch. https://t.co/sd7yH5jmbJ",Sat Oct 14 09:32:33 +0000 2017,cancellation,
1880475,@115873 @Uber_Support just got charged again for an Uber the driver cancelled. Can you please refund me?,"@561228 We'll be happy to review this charge, Chay! Please reach out at https://t.co/lyqXfbVdYK and we'll take a look.",Wed Oct 18 10:40:26 +0000 2017,cancellation,
813506,@115873 I have trouble with your cancel https://t.co/6wbRdRIgGZ morning I called Uber and the matching is succesed.,@313855 Here to help! Can you please provide more details regarding your concern and email address associated with your account.,Sun Oct 08 16:58:15 +0000 2017,cancellation,
986451,"@Uber_Support Every time I am trying to book uber and seek estimate, I find it Rs. 50 over ola. Am I being charged for booKing cancelled.",@311390 Sorry to hear about this. Please send us a note here https://t.co/hR0RoJFhX9 so we can follow up.,Sun Oct 22 05:59:58 +0000 2017,cancellation,
2760395,Waited in the cold @122828 for an @115873 driver who called to see where we were going ($$) before cancelling our trip 10 mins later.,@772360 We're so sorry for the trouble. Send us a note via https://t.co/h840Iouehc so we can assist.,Tue Nov 21 05:14:46 +0000 2017,cancellation,
2733001,Is there a petition I can start to let @115873 drivers drop off at arrivals in @116147 cause holy crap this traffic is insane.,@766062 Hi there! Happy to help. Please reach out to https://t.co/FF2YGTGjuA so we can get in touch.,Mon Nov 20 16:03:15 +0000 2017,driver_issue,
662888,Wtf is with getting charged an uber cancel fee when the driver is clearly lost? Like my 10 minute wait went to 22 because he made multiple wrong turns. Refund please @115873 I'd prefer not to subsidize shitty drivers,@277934 Here to help! Please send us a note at https://t.co/h840Iouehc and we'll be happy to look into this for you.,Thu Nov 23 01:29:30 +0000 2017,driver_issue,
2133360,@Uber_Support Why did the drivercome to pick me up then just drive away without an explanation?,@312293 That's not ok! Please send us a note here; https://t.co/593jusCquh so our team can assist.,Sun Nov 26 13:06:55 +0000 2017,driver_issue,
1472830,@Uber_Support @461871 Uber’s policy is never to refund a customer. Even when the app sends a driver around town making food cold. 30 minute drive.,@461712 Happy to further assist you. Can you please send us a DM with your email address and additional details?,Fri Nov 03 01:47:34 +0000 2017,driver_issue,
1243433,Why is it illegal to leave an uber and get another one if you driver gets pulled over and getting a ticket?,@411705 We want to follow up ASAP. Can you please send us a DM with your email address and additional details so we can connect?,Wed Oct 25 23:12:16 +0000 2017,driver_issue,
2698101,took the scariest @115873 ride of my life last night and they refuse to refund me #seeyanever #urtheworst #LYFT5EVER @115879,@758099 Sorry to hear about that! Send us a DM with your email address so we can follow up.,Sun Nov 19 19:35:55 +0000 2017,driver_issue,
1672289,"@Uber_Support The driver wanted to make a stop for fuel. When I asked him not to, he asked me to get down in the middle of the highway.Delhi",@508971 Here to help! Send us a note via https://t.co/z8NNR56eyf so our team can connect.,Mon Nov 06 08:17:09 +0000 2017,driver_issue,
591377,First time got scammed by an @115873 driver. @115873 took my £5.00 as driver cancelled my booking. Driver hides somewhere and drove away. Bad!,@254469 So sorry about that! Find out about our cancellation policy here; https://t.co/JyzdtQmyxT.,Sun Dec 03 17:11:40 +0000 2017,driver_issue,
1353731,"@Uber_Support Yes I know there was traffic, and driver took a longer route. Then what ?? Is that the solution you write in that ?",@225661 We're sorry to hear you're displeased with our solution. We've forwarded this info over to the appropriate team to follow up on this in-app.,Sun Oct 29 05:12:13 +0000 2017,driver_issue,
668646,"@Uber_Support Tried using Uber Eats today but for the 3rd time, there was a mishap. The restaurant gave the driver the food I ordered (I confirmed this via phone) but then the order was ""cancelled"" according to Uber. Looks like your drivers are stealing your food. https://t.co/UroUbchfvh",@279438 Here to help! Find more info here https://t.co/BjBRiTu5jM,Thu Nov 23 03:49:54 +0000 2017,driver_issue,
808308,@116288 True Seeing is believing bt #Uber turns blind eye 2my complaint of Driver taking extra money 4 toll? Uber wants 2 encourage such practices?,@312601 In an effort to avoid further confusion we'll be following up any further questions or concerns you may have through in-app support.,Mon Sep 25 00:48:48 +0000 2017,driver_issue,
1810327,I have had the worst @115873 rides the past few days. Like so jerky and bumpy driving. It’s really mind blowing.,"@486960 Here to help! Follow up here; https://t.co/fS660rQ8NQ, and our team will connect right away.",Wed Oct 18 02:06:40 +0000 2017,driver_issue,
419661,@120788 @Uber_Support what to do when the driver takes 10 minutes because he is unable to start the ride. No helpline either !!!,@215072 Sorry to hear about this. Please send us a note here https://t.co/z8NNR56eyf so we can connect.,Tue Oct 10 02:26:00 +0000 2017,driver_issue,
444505,@Uber_Support I just spoke to the driver. He is ready to come and give me the file but he has been asked by Uber Support team to not to go and give the file and instructed asked the driver to ask me to come to wherever driver is.,"@139951 Sorry to hear about the troubles, Alok. We have escalated your inquiry to the appropriate team who will be following up as soon as possible.",Wed Nov 22 09:53:21 +0000 2017,driver_issue,
2515060,"@Uber_Support in Kampala, why don't the drivers use GPS? Drivers text you to ask where you are&amp;where you are going! This defeats the point!",@716505 We're here to help! Send us a note at https://t.co/fS660rQ8NQ so we can assist.,Mon Oct 30 08:34:54 +0000 2017,driver_issue,
2812180,"Unbelievable how arrogant @119983 is. They mark complaint solved without actually doing it. Their driver takes a wrong route, and they choose to penalise the customer for that, and never honor the ride pass they keep selling. Bully brand @115873.",@169705 We see your outreach and a member of our team will be following up via email as soon as possible. We appreciate your patience.,Wed Nov 22 08:42:38 +0000 2017,driver_issue,
715564,@115873 I was charged a ride &amp; a cancellation fee for a driver that cancelled and a ride I didn't take. Credit my account back please.,@291217 Here to help! Send us a note here https://t.co/1xM0TILvAI so we can further assist.,Tue Oct 10 23:01:44 +0000 2017,driver_issue,
2213503,@115873 Very unhappy with cancellation fee for rider who couldn't come around the block (even though we spoke). Driver cancelled after 30 seconds even though he went to the wrong location.,"@646887 Sorry for the trouble! Send us a note here, https://t.co/e8HVorX5rh and our team will be in touch.",Fri Nov 10 03:40:18 +0000 2017,driver_issue,
898909,@Uber_Support Driver support is absolutely non existant I have communicated more than 40D m's with you And have not been Actually helped,"@333440 We would like to look into this further, Jen! Please DM us your Uber account email so we can look into this further. https://t.co/sd7yH5jmbJ",Mon Oct 23 06:00:20 +0000 2017,driver_issue,
2575418,"Hey @118730 what recourse do I have when. T driver cancels my trip 5 metres from me? I'm late now. Really, really late.",@730300 We're here to help! Please send us a note via https://t.co/e8HVorX5rh so we can connect.,Thu Nov 16 20:58:32 +0000 2017,driver_issue,
2663817,@Uber_Support Booked a can by 03:25 hrs. I reached Airport and cleared check-in. Still your cab KA01AE4710 is arriving! I called driver many times but no response after hearing the destination. I haven't cancelled the trip yet! Disappointing service!,@750633 Here to help! Send us a note via https://t.co/e8HVorX5rh and we'll be in touch.,Sat Nov 25 23:54:21 +0000 2017,driver_issue,
8631,@115873 Be interesting to know how many or what percentage of your drivers earn less than the minimum wage in London. Would you mind telling us?,@510157 Hi there! Please reach out to https://t.co/QDn91HzZV0 and fill out the boxes at the bottom so we can get in touch.,Tue Oct 17 15:58:42 +0000 2017,driver_issue,
470899,@115873 call me..issue car no. WB04F8221,"@227111 At this time we don't offer phone support, as communication is streamlined via email. Visit this link https://t.co/balq3Eyso6 so our team can assist.",Fri Dec 01 08:23:55 +0000 2017,driver_issue,
413141,So in the time I've been in LA. TWO @115873 drivers have cancelled on me and I get charged? Wtf?,@213612 We can definitely take a closer look! Contact us here; https://t.co/e8HVorX5rh so we can help.,Tue Oct 10 01:15:00 +0000 2017,driver_issue,
220005,@Uber_Support I chcked my inbox. I feel uber is saying that I changed my destination while I was in route. drivers map has the driver going 34m wrong way,"@168470 We have replied via DM with some information, please follow up with us there.",Thu Oct 05 09:04:15 +0000 2017,driver_issue,
605286,@115873 your drivers are terrible in Kumasi. Drivers need serious training. Smh,@263864 Here to help. Send us a note at https://t.co/fS660s7JFo so our team can connect.,Wed Nov 22 10:23:01 +0000 2017,driver_issue,
1863754,@7954 @115873 whats the customer care number for Uber Bengaluru.,"@556861 At this moment, we don't offer phone support for these issues. We're sorry for any inconvenience. Visit this link https://t.co/balq3Eyso6.",Fri Oct 20 13:35:10 +0000 2017,driver_issue,
1821938,@Uber_Support @Uber_Support And if i cancel the ride i have to pay 44rs? What for? For your driver to buy condoms in my name? Assholes.,"@546943 Sorry to hear about the trouble, Pragath. You can cancel the trip and reach out to us here https://t.co/QsI1vsvcif if you're charged.",Sun Oct 15 13:24:21 +0000 2017,driver_issue,
1579225,"@Uber_Support Just read it - our driver made no attempt to contact us, I opened the door waiting for him 1 min before arrival then he cancelled",@486310 Happy to take a look! Send us a note via https://t.co/hVMgTsth35 so our team can connect.,Sat Nov 04 19:06:05 +0000 2017,driver_issue,
2058383,@Uber_Support I accidentally tipped my driver $30! I can't gen an answer from support through the app. Can you please help??,"@608773 Thank you for reaching out to us, Kerri. We'd be happy to help. Please send us a DM with your account email and the trip details.",Sat Oct 07 03:02:59 +0000 2017,driver_issue,
602814,"@115873 I ordered an Uber on Friday night from Birmingham, we were stood outside our hotel waiting and the driver turned up but then turned around, then I got charged £5.00 for cancelling it but we didn’t cancel and we were there! Not happy.","@263148 Here to help! Send us a note here, https://t.co/h840Iouehc and our team will follow up.",Sun Dec 03 22:04:53 +0000 2017,driver_issue,
2578804,My @115873 driver has BO. Serious problem!,@731093 Here to help! Send us a note here https://t.co/fS660s7JFo so we can assist.,Thu Nov 16 21:55:38 +0000 2017,driver_issue,
2269715,"@Uber_Support If I’d been able to contact the driver last night, my friend might now have his phone back. Any other passenger since could have taken it in the meantime. Can’t understand why I, another paying passenger on the same trip, can’t be given the option to say an item was left behind?","@660447 Hi, James. Please have the account owner use this link https://t.co/Sy2fWIhhC2, login and they will be able to contact the driver partner.",Sat Nov 11 11:32:57 +0000 2017,driver_issue,
2570464,"@Uber_Support Ok, none of these options worked since this is going to be my first time using Uber. Unless there are no Uber drivers at 6 am in Calgary.",@728987 We're here to help! We just sent you a DM.,Mon Oct 30 18:18:33 +0000 2017,driver_issue,
107773,@115873 Called a car to pick us up from the airport and had to cancel bc he was driving the opposite direction! Refund $5 cancel fee pls https://t.co/yE0SDTuBk9,@139948 Here to help. Send us a note at https://t.co/QsI1vsvcif so our team can connect.,Thu Nov 23 19:30:31 +0000 2017,driver_issue,
2706940,"@115873 is a joke. Ordered car, took 20min to reach us, after initial 8 min arrival estimate, driver passes us 3 times, stops at WRONG pickup, we followed car so were across the street - then they charge waiting time. App deleted.","@760208 Here to help! Send us a note here, https://t.co/RsiLwh89nW and our team will follow up.",Sun Nov 19 23:32:21 +0000 2017,driver_issue,
1450176,@Uber_Support Driver cancelled trip without even informing. Was charged the cancellation fee..unhappy with this service,@456514 We're sorry to hear this was your experience. Kindly contact us via https://t.co/h840Iouehc and we'll be in touch.,Thu Nov 02 16:50:17 +0000 2017,driver_issue,
536945,if your cab is 10 mins or more away can you stop your drivers from accepting my request wtf @115873,@244449 Here to help. Send us a note at https://t.co/e8HVorX5rh so our team can connect.,Sat Dec 02 13:38:08 +0000 2017,driver_issue,
1289034,I don’t understand why @115873 @118524 @7954 won’t let me cancel my ride when it’s 8 minutes away &amp; switched drivers 2 times !!!!!!,@203900 That's definitely not okay! Please send us a note at https://t.co/u3MyknJaaN so our team can connect right away.,Thu Oct 26 19:40:15 +0000 2017,driver_issue,
505992,@Uber_Support I know how they work- but this uber never moved! I waited 20 mins for 5 min trip and the car didn't move. Could have walked to where it was in that time.,@236072 We're here to help! Send us a DM with your email address so we can follow up.,Fri Dec 01 21:50:15 +0000 2017,driver_issue,
2942634,@115873 Please instruct all drivers that they shall not engage in personal conversation with riders. They must not ask any personal questions. I find many South Asian drivers try to become too familiar with riders.,@800530 Here to help! Send us a note via https://t.co/z8NNR56eyf so our team can connect.,Wed Nov 29 14:23:41 +0000 2017,driver_issue,
1716735,@115873 fail again. Car smells. App has car pick up 7 blocks away. Come on folks.,@338623 Sorry to hear that! Please DM us so we can take a closer look at this trip.,Tue Nov 07 00:07:29 +0000 2017,driver_issue,
2910847,@Uber_Support Hello~ what do I do if I had a really bad experience with a driver?,@805832 Here to help. Send us a note at https://t.co/fS660rQ8NQ so our team can connect.,Tue Nov 28 21:29:46 +0000 2017,driver_issue,
1131436,@115873 stop giving drivers shitty gps routes.,"@386637 Here to help! Send us a note here, https://t.co/u3MyknJaaN, and our team will follow up.",Tue Oct 24 10:46:53 +0000 2017,driver_issue,
70034,@McDonalds @115877 I can’t get my Uber driver to get me to the theater without my giving her directions. You want me to order food? Was credited for the issue by Uber.,@222899 Here to help! Please send us a note at https://t.co/nFTc4ODH3P and we'll be happy to look into this for you.,Thu Nov 30 23:05:55 +0000 2017,driver_issue,
1378758,@115873 response after I was assaulted and stalked by a male driver last night. A free $10 ride. Maybe a call. Despicable! @Uber_Support https://t.co/bhIMr9hf0l,@440976 We take this very seriously. Please send us a DM with your email address so we can connect ASAP.,Sat Oct 28 03:12:32 +0000 2017,driver_issue,
2705083,@115873 how come if i wanna can cancel my ride I’m charged a fee for the drivers time but when a driver cancels my ride i get compensated nothing for my time?,@759738 Here to help! Follow up here; https://t.co/h840Iouehc and our team will connect right away.,Sun Nov 19 22:39:36 +0000 2017,driver_issue,
2423007,"@115873 @Uber_Support your cab driver cancelled again 2 times, third driver denied to come and not even cancelling the booking or driving towards my location.. Another show of pathetic service.. Booked @1143.. Ola - 2 Uber - 0 https://t.co/qFuoWhyNyS","@513313 We're sorry to hear this was your experience. Send us a note here, https://t.co/593jusCquh, and our team will be in touch.",Tue Nov 14 17:38:57 +0000 2017,driver_issue,
1423563,"@Uber_Support Booked on 22/9, driver didn't stop trip at destination. Rated 1, still no action from Uber on refund. No place to report these","@450800 Hey, Manish. Send us a message via https://t.co/Lfmkvg4RDT and a member of our team will follow up as soon as possible.",Wed Sep 06 11:38:00 +0000 2017,driver_issue,
1932721,@Uber_Support @115873 your driver after starting the trip is asking me cancel and is refusing to move forward. wtf. https://t.co/fA4NDf4DW1,"@575131 We see that you've reached out directly to our support team via in-app, and we will continue communications there moving forward.",Sat Oct 28 18:58:47 +0000 2017,driver_issue,
1379188,"@150 3 drivers cancelled on me, as a customer and driver, they should get penilized more when drivers cancel just because",@441089 Here to help! Send us a note here: https://t.co/e8HVorX5rh and our team will be in touch.,Sat Oct 28 03:19:20 +0000 2017,driver_issue,
991809,My @115873 driver is catching up on his YouTube whilst he drives. So glad makeup tutorials mean more than my life 😒😒😒😒😒😒😒😒😒 https://t.co/RfXcmLIIhv,@354938 We're sorry to hear this was your experience. Contact us via https://t.co/IeSxT5cVHC and we'll be in touch.,Sun Oct 22 13:27:41 +0000 2017,driver_issue,
775282,@Uber_Support I can't log into your help website because I have 2 step verification and I've lost my phone in a drivers car,@305239 We've received your DM and a member of our team has reached out. Please review your messages for our response.,Sat Oct 07 18:32:46 +0000 2017,driver_issue,
2951464,@Uber_Support Shame you don't have customer care number in India for emergency,"@815001 At this moment, we don't offer phone support. We're sorry for any inconvenience. Visit this link https://t.co/balq3Eyso6 so our team can assist.",Wed Nov 29 17:29:51 +0000 2017,driver_issue,
2769827,Dear @115873 your Call Driver option does not work for the international rider in Singapore. Please fix,@774367 Here to help. Send us a note at https://t.co/u3MyknJaaN team can connect.,Tue Nov 21 12:43:18 +0000 2017,driver_issue,
900989,@115873 don't fvckn accept rides from this driver he's extremely aggressive guys https://t.co/4vlLxeeB4a,@333877 We take this very seriously. Please send us a direct message with your email address so we can connect ASAP.,Sat Oct 21 04:45:39 +0000 2017,driver_issue,
2513489,I m disgusted by Uber driver’s behavior. cancelled my ride the moment I said have to go to Jamia university!!! @115873 @Uber_Support,@716261 Here to help! Send us a note at https://https://t.co/e8HVorX5rh our team can connect right away.,Mon Oct 30 07:10:44 +0000 2017,driver_issue,
1793251,"@115873 thanks a lot for notifying me that you charged me 5,5€ for a drive cancelled by the driver. Without calling me at any time.",@538887 Sorry to hear about what happened. Please send us a note at https://t.co/QsI1vsvcif and we'll be happy to look into this for you.,Thu Oct 12 03:09:24 +0000 2017,driver_issue,
2255992,@Uber_Support Why do you allow Uber drivers to pump gas during our rides? Drivers should pump gas on their own time - not mine. Omw to LAX and would’ve been late had my flight not been delayed. #notthefirsttime,@483398 Here to help! Send us a note at https://t.co/fS660rQ8NQ so our team can connect right away.,Fri Nov 10 23:30:36 +0000 2017,driver_issue,
1767626,@Uber_Support It didnt take place.. So it doesn't stay on my history. He called first to ask me where I was at and what was the address I was going to. I told him he would know once I was in the car and he told me he would not get me then,"@399417 Thanks for those details, Catherine. We're looking into this now and will be following up shortly via DM.",Tue Nov 07 22:56:15 +0000 2017,driver_issue,
1490469,Hey @36158 I’m currently in a ride and my driver is all over the road and driving at inconsistent speeds. Any way you can find out how long he’s been on the clock? He won’t say.,@466148 Happy to help! Send us a note here - https://t.co/IeSxT5cVHC and our team will follow up.,Sun Nov 26 01:57:14 +0000 2017,driver_issue,
19758,@115873 @Uber_Support give me 1 rsn why shud i pay for a cancelling fee when driver is at same point for 15mins and waiting for me to cancel https://t.co/Nt9vu2Pxyy,"@120335 Here to help! Send us a note here, https://t.co/h840Iouehc, and our team will follow up.",Wed Nov 01 06:21:52 +0000 2017,driver_issue,
2908556,Ridiculous that @115873 @Uber_Support can say that their driver doesn’t have your wallet and then they say he does but they won’t help you in contacting the driver to return the property. Wtf...?,@805302 We're here to help! Send us a DM with your email address and more details so we can follow up.,Tue Nov 28 20:35:15 +0000 2017,driver_issue,
339503,@115873 No shade but I want to tell u about 2 San Fran drivers who called me to ask my destination &amp; then canceled the ride. Is that allowed?,"@197070 Happy to help! Send us a note here, https://t.co/e8HVorX5rh and our team will follow up.",Sat Oct 07 23:28:30 +0000 2017,driver_issue,
386234,@115873 I was charged a $5 cancellation fee. Uber set my pickup location a street away and my driver never tried to contact me. Please refund.,@207440 Sorry about that! Please send us a note at https://t.co/h840Iouehc and we'll be happy to look into this for you.,Mon Oct 09 12:54:21 +0000 2017,driver_issue,
2402545,"After waiting for over 10 minutes my @115873 driver refused duty. I was unwell standing outside the hospital, unexpected!",@691202 We're sorry to hear this was your experience. Contact us via https://t.co/iOszeeHZhQ and we'll be in touch.,Tue Nov 14 13:40:46 +0000 2017,driver_issue,
1009336,@115873 EXPLAIN THIS! My driver cancelled on me and then I get charged $8 PLUS I get charged the original amount?? 😡😡😡 https://t.co/TujXVY0OAF,@358832 We're so sorry for the trouble! Please send us a note here; https://t.co/1xM0TILvAI so our team can connect.,Sun Oct 22 20:32:24 +0000 2017,driver_issue,
1680982,"@Uber_Support why do my charges show up on my credit card statements as Uber Trip, Uber US, and Uber technologies? What is the difference?",@511113 We're here to help! Please send us a note here; https://t.co/QDn91HzZV0 so our team can connect.,Mon Nov 06 16:09:32 +0000 2017,driver_issue,
2019389,An @115873 driver told my wife to get the f—k out of his car after she apologized for not seeing him because he was parked across the street,"@119287 Due to our privacy policy, we will have to speak directly to the account holder. Please have them contact us via https://t.co/fS660rQ8NQ.",Sat Nov 04 23:11:33 +0000 2017,driver_issue,
2584416,"@732359 @115873 @116276 Please consider the livelihood of your drivers. Cheaper may be nice for passengers, but it is not good for drivers. There is a very ""high cost of doing business when you drive your own car. In some cities, pay is slave wages as far as I am concerned. Please tip your drivers.","@306482 Thanks for reaching out, we appreciate the feedback. We're constantly evaluating and looking for ways to improve the experience for all our users. Stay tuned!",Fri Nov 17 00:07:12 +0000 2017,driver_issue,
2950066,@Uber_Support @AskLyft can a user have an account without providing the drivers with their personal phone numbers?,"@814704 Hi, Julia Ann! Here to help. Kindly send us your email address via direct message (DM) so our team can assist.",Wed Nov 29 17:12:18 +0000 2017,driver_issue,
1425823,@Uber_Support I just noticed two rides went on my corporate card instead of personal. I submitted the form to have this corrected but how can I manage which card is the default card within the app (no not during a trip - I know that)? I'm using an Android device.,@451247 Happy to help! Find out more here https://t.co/Uu45NVDdY5 and our team will follow up.,Sun Nov 26 00:56:47 +0000 2017,driver_issue,
539145,Picked up from the airport. @115873 driver didn't even get out of the car. Popped the trunk. I've never had that happen before. Ha.,@134922 Here to help! Please send us a note here; https://t.co/fS660rQ8NQ so our team can connect right away.,Sat Dec 02 14:38:01 +0000 2017,driver_issue,
2221208,Recommendation for @115873 ..every car should have a clear sticker and make it easy to report rogue drivers. Illegal turns in rush hour not cool. Almost crashed in to me today. Not the first time.,@648749 We're here to help! Send us a note via https://t.co/IeSxT5cVHC so our team can assist.,Fri Nov 10 13:38:24 +0000 2017,driver_issue,
1199096,@115873 You can’t mask the smell with car freshener!! Throw the whole car away,"@181415 Here to help! Send us a note here, https://t.co/aBEgvdNWQN, and our team will follow up.",Wed Oct 25 04:19:33 +0000 2017,driver_issue,
1414937,"Dear @119983 @115873 If not interested, why not admit. Never available, booking drivers dont reach! @1143 then loot u to the core",@448825 Here to help! Follow up here; https://t.co/e8HVorX5rh and our team will connect right away.,Sat Oct 28 19:28:21 +0000 2017,driver_issue,
1307715,Hey @115873 @Uber_Support your drivers waiting for SFO customers are parking in San Bruno residential areas instead of the lot provided. They block my mom's driveway and leave garbage on the street. Who can she call to report drivers?,"@425587 We appreciate the feedback, Ashley. We'll pass this along to the appropriate team for further review.",Fri Oct 27 02:23:05 +0000 2017,driver_issue,
2232336,@Uber_Support I’ve done that for my last three rides and it still charges my card rather than use points,@164757 Happy to help! Send us a DM with your email address and our team will follow up.,Sun Oct 29 15:24:32 +0000 2017,driver_issue,
1088935,@115873 yooooo the driver app trippin. I couldn’t end my last trip and I wasn’t paid for it! Help!,"@376880 Happy to help! For more information on basic troubleshooting, please visit us here; https://t.co/zZ6Y806fuk",Mon Oct 23 18:59:05 +0000 2017,driver_issue,
798976,@115873 let a driver say you wait 40 minsepexcting a cancel. Luckily we had another uber drive us home but scott and I just want safe way.,"@310462 Here to help, Jam! Send us a note here, https://t.co/e8HVorX5rh and our team will follow up.",Sun Oct 08 07:09:09 +0000 2017,driver_issue,
1707076,@Uber_Support my driver app is saying certain documents are expired but they are all current.,"@517338 Hi, Will! Go ahead and check your DM for further details.",Mon Nov 06 22:26:09 +0000 2017,driver_issue,
1843757,"@Uber_Support Uber driver started the journey without collecting me twice, then I got a cancellation fee of 8-10 each time and when I go to dispute it, the system says I didn't get charged when the money has left my account. Any way I can contact someone to work this out?",@552427 Hi Laurie! Please send us a note via https://t.co/h840Iouehc so our team can connect.,Sun Nov 26 07:30:12 +0000 2017,driver_issue,
1603575,Omg this @115873 driver is terrible. I want a free ride. Gonna throw up from his crazy turns.,"@492117 Sorry for the trouble! Send us a note here, https://t.co/z8NNR56eyf, and our team will be in touch.",Sun Nov 05 07:45:45 +0000 2017,driver_issue,
1606400,@115873 The driver himself. (Tufal). Was amazing but you’ve over charged me for this ride and I will withdraw my company account now,@493477 Here to help! Send us a note here; https://t.co/oEOANqFpjc and our team will be able to assist!,Sun Nov 05 02:17:09 +0000 2017,driver_issue,
1296370,"@115877 I just ordered on UberEats and the app says it's delivered when it hasn't, and the driver hasn't contacted me. Please help.",@423012 We're sorry to hear this. Can you please send us a DM with your email adress so we can look into this?,Thu Oct 26 21:38:56 +0000 2017,driver_issue,
2361988,My @115873 driver is driving like he's in a go kart. He's basically the go cart driver who takes turns at full speed and isn't scared to crash.,@682025 That doesn't sound right! Send us a note via https://t.co/yfZfahBCoB so our team can connect.,Mon Nov 13 21:04:55 +0000 2017,driver_issue,
973671,Being charged £5 for an @115873 driver cancelling last minute on me after I waited 10 mins. Absolute joke. I should charge u! @132908 https://t.co/z6kTjca4YI,@350906 We're here to help! Send us a note here; https://t.co/h840Iouehc so our team can connect.,Sun Oct 22 09:26:41 +0000 2017,driver_issue,
536111,"@115873 what’s your complaint process. 40mins to get an uber. Request keeps jumping to different drivers &amp; now that I don’t want it no more, you are charging me £5? Mad!!","@244207 Hi there! We're here to help. Send us a note here, https://t.co/e8HVorX5rh and so our team will assist.",Sat Dec 02 13:11:48 +0000 2017,driver_issue,
656418,@Uber_Support I would like to delete the my card details b4 I delete my account but ur system says no... Why.,@275692 1 form of payment is required to be on your account at all times. There's no need to delete your payment methods because all information will be removed once the account is deleted. Follow these steps to delete your account: https://t.co/T9QCqACqox.,Wed Nov 22 22:37:44 +0000 2017,driver_issue,
19532,A total joke by @115873 for charging me $150 for cleaning out of nowhere. I did not carry any liquid on to this car. @120329 @120330 https://t.co/OrFzpzENYo,@120328 Here to help! Send us a note via https://t.co/k0r0Fj18wo to assist you further.,Wed Nov 01 06:42:35 +0000 2017,driver_issue,
1260266,@115873 @Uber_Support My taxi driver is not getting his money since last 2 weeks. Please look into it. Taxi no - MH 47 C 8961,"@415274 Due to our privacy policy, we will have to speak directly to the account holder. Please have them contact us via https://t.co/ZKt0NHVs3P.",Thu Oct 26 09:14:04 +0000 2017,driver_issue,
22598,DRIVERS: Keep an eye on EVERY @115873 ride!!! This is becoming a serious problem. https://t.co/Yvu3vguWSa,@120935 We're here to help! Send us a note at https://t.co/F7yFN7gC20 so we can assist.,Wed Nov 01 08:04:23 +0000 2017,driver_issue,
1141716,@115873 get ready for a law suit unless i can get a hold of someone. Had a Traumatizing experience with one of you driver!!!,@388746 We apologize for the trouble! Send us a DM with your email address with additional details and we'll connect.,Sun Oct 15 16:08:09 +0000 2017,driver_issue,
609560,@Uber_Support I requested a ride yday and canceled because I didn't select two passengers. I canceled before u even matched me with a driver. The app says I wasn't charged at all but the money has been taken out of my account. Help!!!!,@253214 Here to help! Send us a note here; https://t.co/h840Iouehc and our team will be able to help.,Wed Nov 22 12:52:45 +0000 2017,driver_issue,
464459,Ok @Uber_Support @115873 we should be able to rate the people we take an uber pool with. Because the girl I just pooled with was rude AF and it took everything in me to be a good passenger. 😒,@225437 We're sorry to hear this was your experience. Contact us via https://t.co/kUyzFAuBFV and we'll be in touch.,Fri Dec 01 03:21:24 +0000 2017,driver_issue,
831293,@Uber_Support Why am I getting cars 15-20 minutes away then? And being told that's normal,"@317957 ETA times are estimates and a variety of external factors like driver availability, heavy traffic or construction can impact travel time.",Fri Oct 13 04:34:51 +0000 2017,driver_issue,
356892,@Uber_Support I already sent a note and I got two emails claiming i can’t have the money back yet the driver never showed up,@200746 We're happy to connect. Please DM us the email on your account and we'll be in touch shortly.,Sun Oct 08 15:15:29 +0000 2017,driver_issue,
827624,@Uber_Support I have just rated my driver 1 star in error. I can't change it despite reading your help pages?,@317140 Oh no! Please DM us the email linked to your account along with the driver and the star rating you prefer them to have.,Thu Oct 12 21:01:22 +0000 2017,driver_issue,
1745053,@Uber_Support I m a driver i need to contact about my account what is the email o support i had that before.,@526208 We're here to help! Please send us a quick message here: https://t.co/ILb6VgllH9 and a member from our team will follow up.,Tue Nov 07 14:51:08 +0000 2017,driver_issue,
1110325,@Uber_Support My $15 Amex Plat card credit doesn't appear in my acct for Oct. I've rec'd it for all previous months. Amex said contact you.,@382036 We can take a look! Send us a note via https://t.co/OhfgxSAY58 so our team can get in touch.,Tue Oct 24 01:26:49 +0000 2017,driver_issue,
1268434,Why is my driver taking me through Times Square... is this a joke?!? @115873,"@413324 We're here to help. Please DM us further details regarding your concern, so we can better assist.",Thu Oct 26 13:25:34 +0000 2017,driver_issue,
952440,@Uber_Support This uber driver just called me and asked me where was i going i told him i drive for uber and he is not suppose to ask me,@345970 We have followed up via DM.,Fri Oct 13 22:03:06 +0000 2017,driver_issue,
1604800,"@Uber_Support destination = Canary Wharf, yet our driver drove north - asked to let us out when we realised. You can see where we ended up https://t.co/LrauaEcZlp",@492318 Happy to help! Please reach out to https://t.co/zUe0dj6yoX and fill out the 4 boxes at the bottom so we can get in touch.,Sun Nov 05 08:36:00 +0000 2017,driver_issue,
1552881,"@Uber_Support No one is even responding to in app queries... silently closing the query.. for a trip of 74.43, i paid 117.85 and 74.43 through my credit card for the app to allow me to book other rides.. Worst service ever.. Sure this heartburn will only go when u lose 2 someone... all d best",@480470 A member of our team has already resolved this issue through in-app support. You're going to need to view our response on the October 26 if you would like to see our resolution. Please let us know if you have any questions or concerns.,Sat Nov 11 04:36:14 +0000 2017,driver_issue,
2574004,"@Uber_Support Yea, did that. Haven’t received a response. The driver just called me from the UK wondering where I was!",@729934 We can definitely take a look! Send us a DM with your email address so we can follow up.,Thu Nov 16 21:11:28 +0000 2017,driver_issue,
945762,"@115873, this your driver cheated in broad daylight regardless of the fact that price said otherwise. I had no time to argue. Such Dishonesty!","@344263 Sorry to hear about that, Karen! Please send us a DM with your email address and more details so we can connect.",Sat Oct 21 17:13:56 +0000 2017,driver_issue,
529230,"So @24023 app last night told me they no longer cover Radyr, so we ordered @115873 x2 instead. Then they send a car that we then didn’t need with a passive aggressive driver &amp; charged me £4 for the privilege. That app has been deleted. 👋🏼",@242537 Sorry to hear about that! Can you please contact us via https://t.co/fS660s7JFo so our team can connect?,Sat Dec 02 09:00:31 +0000 2017,driver_issue,
510439,My @115873 driver just cancelled after getting so close he could see me. Hard not to take that personally.,@237270 We're so sorry for the trouble. Send us a note via https://t.co/z8NNR56eyf so we can assist.,Fri Dec 01 22:50:01 +0000 2017,driver_issue,
1718338,"Hey @115873 &amp; @116276 - your drivers are front line in sex trade trafficking, how about Safe Havens for people who ask us for help?",@520286 We're here to help! Send us a DM with your email address and more details so we can follow up.,Tue Nov 07 00:20:26 +0000 2017,driver_issue,
726403,"@115873 our driver drove up a one way freeway twice, thus making our trip longer and you guys double charged....... @294003","@294002 Let's take another look, Brittany. Please send us a DM with the email linked to your account and we'll follow up.",Wed Oct 11 02:00:17 +0000 2017,driver_issue,
2641075,"@Uber_Support Left my phone in an Uber this evening, tried to contact the driver named Muhammad Tehseen Qamar from London to Sarratt, he's refused to take our calls and has now turned the phone off whilst cancelling the trip.","@745324 We're here to help! Send us a note here, https://t.co/oY5vj3NqP3 and our team will be in touch.",Fri Nov 17 21:47:36 +0000 2017,driver_issue,
2923011,"Hi @115873, how could I delete my credit card information registered in the app? @Uber_Support",@808908 Here to help! For more info please visit; https://t.co/paDlcZi0nv,Wed Nov 29 02:08:11 +0000 2017,driver_issue,
145306,@Uber_Support Have dmed you my number. I have little hope that you will look into the matter. Just to increase your reach #uber has hired #uneducated #unprofessional driver #CustomerExperience worst,@148940 We've received your DM and a member of our team has reached out. Please review your messages for our response.,Fri Nov 24 13:51:34 +0000 2017,driver_issue,
1042560,My Uber driver smells like the inside of a bottle of vodka. @115873 https://t.co/Daa9COq3bf,@366495 We take this very seriously. Please send us a DM with your email address so we can connect ASAP.,Thu Oct 12 22:06:21 +0000 2017,driver_issue,
53092,@Uber_Support I have emailed - many times. Time to allow customers to speak w/live person. No way to contact @115873 when driver goes AWOL on pick up. #fail,@127962 Sorry to hear about the trouble! Please DM us your account email so we can take a closer look into this.,Wed Nov 01 21:44:25 +0000 2017,driver_issue,
2476321,"So not only does my @115873 try to pick me up at the museum instead of the hospital, he also makes me walk through a deep puddle to get to his car. Not a great way to end my shift. 😑😒","@473587 We're sorry to hear this was your experience. Send us a note here, https://t.co/z8NNR56eyf, and our team will be in touch.",Wed Nov 15 13:52:40 +0000 2017,driver_issue,
70673,Waiting again over 10mins for @115873 driver and cannot cancel to take black cab as they will charge me £5 for their driver time. How about my time! I need to get to work!,@131851 Here to help! Send us a message here; https://t.co/e8HVorX5rh so we can assist.,Thu Nov 30 09:29:17 +0000 2017,driver_issue,
2708552,My @115873 driver just told me I look tired #rude 🙄,@760604 Here to assist! Please send us a DM of the email address connected to your account and more details so we can take a closer look.,Mon Nov 20 00:43:03 +0000 2017,driver_issue,
416167,@115873 I was just charged 10 times the amount that the app told me due to my drivers negligence. Fix this issue please.,"@214255 Here to help! Send us a note here, https://t.co/Wavn5xnaeo, and our team will follow up.",Tue Oct 10 02:31:17 +0000 2017,driver_issue,
1475498,This morning I had the most embarrassing exchange ever with an @115873 driver. https://t.co/qR0ZZePxx7,@462542 We apologize for any inconvenience. Kindly send your contact details with email address so we can look into this.,Thu Nov 02 21:56:13 +0000 2017,driver_issue,
1853255,Dear @115873 how come you dont offer car seat feature in #LA but do so in #NY? #uber #carservice #goingbackwards,"@554563 Car seats are currently only available in select locations. However, you're always welcome to bring your own car seat along for the ride.",Thu Oct 19 03:15:26 +0000 2017,driver_issue,
2786512,@Uber_Support HI i am unable to book ride through credit it showing me processing error or i am trying to add another card it is showing me permission denied now i am able to book ride with cash only kindly look into and do the needful my no is 7838210438,@777956 Our team is reviewing your email now and will be in touch. We appreciate your patience!,Tue Nov 21 18:53:24 +0000 2017,driver_issue,
1494841,Sick of @115873 drivers rating me low for NO apparent reason! 😡 if anything this idiot got more money by driving me to dead ends grr,"@467088 Hi Shelly, here to help! Please visit; https://t.co/kWptmPiR2h for more info.",Fri Nov 03 10:46:09 +0000 2017,driver_issue,
2646354,The fact that my uber driver told me that she doesn’t have have to change the station if I ask . 🤬🤬 Like I’m paying for a service @115873 . I’m tired of this bad service,@746638 Here to help! Send us a note here https://t.co/fS660rQ8NQ so we can further assist.,Fri Nov 17 22:18:45 +0000 2017,driver_issue,
2609397,@Uber_Support one of your moto drivers ran me over on the corner of Pho Phan Dinh Phuong and Dang Dung in Hanoi. He fled the scene. He was on the pavement. I have a hurt ankle. This was 3 minutes ago,@451328 Thank you for reaching out. A member of our team has followed up with you via email. From there you can reply with any further inquiries and questions you may have in regards to this concern. Please let us know if you have any additional questions or concerns.,Fri Nov 17 09:59:07 +0000 2017,driver_issue,
1165796,@115873 @Uber_Support Here is the latest example of how you screw the drivers on fares.please explain why I make &lt;50% fare and Uber makes more https://t.co/R5dlAkKcKN,"@394212 Hi, Michael! Please visit; https://t.co/kzYsGKAsU8 for more info. Please let us know if you have any other questions or concerns.",Tue Oct 24 17:58:59 +0000 2017,driver_issue,
414657,@115873 2 of your driver cheated me today and if I go to https://t.co/IcO4sMiNQ5 I'm redirected to your German site. How do I change site?,@213902 Sorry for the trouble! Please contact us via https://t.co/fS660rQ8NQ so we can follow up.,Mon Oct 16 15:54:20 +0000 2017,driver_issue,
2518410,@Uber_Support This link is not helpful. Can not find what I need to do to update my rating if my driver.,@717372 Here to help! Please send us a DM with your email address for further assist.,Fri Nov 17 03:24:27 +0000 2017,driver_issue,
1801082,"been in texas an hour and a half and our uber driver got in a minor car accident while saying ""oh my god this is so illegal""",@541178 We absolutely want to follow up right away. Please send us a DM with your email address so we can connect.,Sun Oct 29 00:15:37 +0000 2017,driver_issue,
1627659,"@Uber_Support My driver backtracked significantly today for another pool and got lost/made wrong turns, which was exacerbated by marathon https://t.co/2lmHdJ2ntf",@498317 Sorry for the trouble! Send us a note via https://t.co/y4EDPcVZOI so we can connect.,Sun Nov 05 15:10:50 +0000 2017,driver_issue,
2942631,.@Uber_Support driver made me wait for over ten minutes and cancelled the trip. What is this absolutely horrible service you are meeting out to your customers @115873 https://t.co/ERRnxJzQEc,"@812982 Happy to help! Send us a note here, https://t.co/e8HVorX5rh and our team will follow up.",Wed Nov 29 14:22:23 +0000 2017,driver_issue,
1625086,@Uber_Support why haven’t I heard back about my refund yet? Driver picked up someone else and told me to cancel when I contacted him,@229344 It seems a member of our team has reached out to you. Please check your email and follow up with them there.,Sun Nov 05 17:53:03 +0000 2017,driver_issue,
1062433,@115873 yeah exactly when I tried to get in the car door and he drove off. great night all round. https://t.co/iTDTumceM4,@370864 Here to help. Send us a note at https://t.co/e8HVorX5rh so our team can further assist.,Sat Oct 14 21:56:51 +0000 2017,driver_issue,
1399417,@115873 you should add an option to have drivers whose cars don’t reek of smoke :(,@445402 We're sorry to hear this was your experience. Contact us via https://t.co/aBEgvdNWQN and we'll be in touch.,Sat Oct 28 16:25:07 +0000 2017,driver_issue,
2075062,@Uber_Support you make it so hard to get help. How do I refute some a-Hole Driver who cancelled on me yet I’m charged 5 bucks!!!!!,"@613694 Sorry to hear about this, Anthony. Feel free to send us a note here https://t.co/QsI1vsvcif so we can connect with you directly",Tue Oct 10 02:19:22 +0000 2017,driver_issue,
289827,@Uber_Support Uber said four hours ago the driver would be given my contact information and would get in touch with me directly.,"@170280 We can assure you that as soon as we have an update, we'll let you know. Thank you in advance for your patience.",Sun Oct 08 09:31:33 +0000 2017,driver_issue,
1285728,Uber driver got lost twice. So far 51 minutes to go five blocks. #chinese,@420745 We're here to help! Send us a DM with your email address and more details so we can follow up.,Thu Oct 26 18:15:48 +0000 2017,driver_issue,
1485796,@115873 I had a driver going in the opposite direction of my location indefinitely - several blocks - and I couldnt cancel due to the threat of fees,@465038 We're sorry to hear this was your experience. Contact us via https://t.co/e8HVorX5rh and we'll be in touch.,Sat Oct 28 21:21:21 +0000 2017,driver_issue,
1308000,"Hey @115873 just spent 30 minutes trying to find your driver at FCO then I get charged 10 euros when he cancels! Called him, texted, nothing",@425652 Here to help. Send us a note at https://t.co/h840Iouehc so our team can connect.,Mon Oct 16 10:33:31 +0000 2017,driver_issue,
1250001,"@Uber_Support A driver in Dallas just sped off after seeing my wife. Doesn't seem to happen to white folks such as myself! Keep us, or him.","@413282 Here to help! At this moment, we don't offer phone support for these issues. Visit this link https://t.co/balq3Eyso6 so our team can assist.",Thu Oct 26 02:11:49 +0000 2017,driver_issue,
973157,@119983 @115873 travelled 4m Gurgaon 2 Gautam nagar. Got charged for return trip 2x fare. Driver didnt complete trip. plz refund ASAP. https://t.co/4KGEwNtPfN,@350801 We're here to help! Send us a note at https://t.co/6IqAxVj2X4 so we can assist.,Sun Oct 22 09:05:35 +0000 2017,driver_issue,
1188696,@Uber_Support I am completely appauled by your customer service. My report left my driver account disable for reporting a reckless driver,"@390381 Hi, Alexis. Please refer to the in-app support message for an explanation on this.",Wed Oct 25 04:30:23 +0000 2017,driver_issue,
146890,@Uber_Support Mr. Gopi Driver cancelled my trip.,@149350 Sorry for the confusion Anuj! Please send us a note at https://t.co/e8HVorX5rh so our team can further assist.,Fri Nov 24 14:33:20 +0000 2017,driver_issue,
2352426,"Hey @115873, I’m optimistic about the Express that’s AFTER you fix your pickup bugs, and not have navigation issues that waste 10 min for each of the 1 driver, 2 passengers, and person about to be picked up... 🤗","@593958 Sorry to hear about the trouble, Patricia! Please send us the details at https://t.co/593jusCquh so we can look into this for you.",Mon Nov 13 17:51:07 +0000 2017,driver_issue,
162913,@115877 I’m having trouble making a payment. It keeps saying can get confirm card even though the card is fine and has money on it.,@153644 Here to help! Send us a note here; https://t.co/yqIhbGRNqi and our team will be able to assist!,Fri Nov 24 18:56:50 +0000 2017,driver_issue,
2177803,I genuinely believe that a lot of Uber drivers are useless. I keep having silly episodes with them. Yesterday the fuel in an uber vehicle finished and I had to wait for him on the bridge for him to go buy petrol in a jerrycan. Can you imagine?@115873,@638326 That doesn't sound right! Please send us a message here; https://t.co/krct0wBD1a so we can connect with you directly.,Thu Nov 09 13:08:10 +0000 2017,driver_issue,
1813574,"Hey @Uber_Support trying to figure out why my driver got stopped mid-ride and was asked for personal info? Driver said hoax, what say u? https://t.co/wma6YTCyxn","@544831 Go ahead and DM us your account email along with a few details of your issue, and we'll take a look. Thanks!",Sun Oct 29 00:37:35 +0000 2017,driver_issue,
2689624,@115873 worst Service experience by your cab yesterday at Nizamuddin station driver behavior was rude not able to board than also charged money,@756174 Sorry for the trouble! Send us a note via https://t.co/1xM0TILvAI so we can connect.,Sun Nov 19 15:37:59 +0000 2017,driver_issue,
997910,"I got a uber for my best friend, Trinity so she could spend the night and dye my hair and THE UBER DRIVER STARTED DRIVING ON THE WRONG SIDE OF THE FREEWAY @Uber_Support @115873 https://t.co/djtHDdp9MT",@356294 Here to help! Please send us a note at https://t.co/IeSxT5cVHC and we'll be happy to look into this for you.,Mon Nov 20 04:32:30 +0000 2017,driver_issue,
2221318,"@115873 i want my refund,no one is solving this issue,driver has charged my father on a non cash trip.amount was already paid by Paytm nd still driver asked for https://t.co/tNzVS7awtl shouldn’t be that unprofessional.already paid 770 nd 590 is given to him by cash.i want refund",@648776 Sorry to hear about that! Send us a DM with your email address so we can connect.,Fri Nov 10 08:23:01 +0000 2017,driver_issue,
889550,"@Uber_Support Why are drivers unable to use the Driver Destination feature while in, or joining the Airport queue?","@331189 Hey, Erin, driving in airport-areas have different restrictions. Reach out if you have any additional questions.",Fri Oct 20 23:22:11 +0000 2017,driver_issue,
284530,@115873 Uber driver in Colombo cheated customer. Complained filed already.,@183774 Happy to take a closer look! Send us a DM with your email address so we can connect.,Fri Oct 06 12:52:59 +0000 2017,driver_issue,
1106683,@115873 why ur driver is asking where u have to go even we have feed the drop location . It’s very frustrating.,@381186 We can take a look! Send us a note via https://t.co/fS660rQ8NQ so our team can get in touch.,Tue Oct 24 00:19:11 +0000 2017,driver_issue,
1557435,@115873 uwatch out the driver continues on my Paytm even after my journey is ended .now how do I get refund . And penalise driver?,"@481422 Happy to help! Send us a note here, https://t.co/1xM0TJ36sg, and our team will follow up.",Sat Nov 04 12:37:19 +0000 2017,driver_issue,
547162,"Ran around like a headless chicken to get ready, only to watch your @115873 car reverse away from your house on the wee map. #2017Life",@247269 Here to help! Contact us via https://t.co/e8HVorX5rh so we can connect.,Sat Dec 02 17:26:10 +0000 2017,driver_issue,
1033257,@115873 I would like a refund for my trip I purchased an uber and am about to be late for work and your driver won't pick the phone,@364463 Send us a note here; https://t.co/e8HVorX5rh and our team will be able to help!,Mon Oct 23 05:47:30 +0000 2017,driver_issue,
1602964,@Uber_Support Credit for two of one drivers who cancelled on me this evening? What about the other driver? He cancelled without explanation &amp; I’m charged?,"@491970 Looks like we've been in touch via in app support, please respond to Lejla's message for further assistance. Happy to help there.",Sat Oct 28 22:44:11 +0000 2017,driver_issue,
934562,Our @115873 experience last night was completely unacceptable. Definitely need to do better screening for their drivers in CLT.,@341694 Hi there! Please reach out to https://t.co/zUe0dj6yoX and fill out the 4 boxes at the bottom so we can get in touch.,Sat Oct 21 17:18:25 +0000 2017,driver_issue,
1449351,I had to file a report against this uber eats driver cause he literally left half my order at the restaurant,"@456321 We apologize for what happen, kindly send a note here: https://t.co/ILV7P28gPt so our team will get in touch.",Thu Nov 02 16:32:41 +0000 2017,driver_issue,
727663,"@115877 Dudes, your driver canceled an order when she was five minutes away from my house. You make it impossible to register a complaint.",@294311 Let's take a further look into this. Please send us a DM with your email and phone number linked to your account.,Wed Oct 11 04:18:17 +0000 2017,driver_issue,
2399051,"@115873 called for car 20 minutes ago. Any drivers in Boulder, CO?","@690368 We apologize for the trouble! Send us a note here, https://t.co/xMxswVLBKT, and our team will be in touch.",Thu Nov 02 16:08:55 +0000 2017,driver_issue,
1182627,@115877 @Uber_Support my order is saying delivered but I didn’t receive it. And I got no call from the driver.,@398113 We're sorry to hear this. Can you please send us a DM so we can look into this?,Tue Oct 24 22:29:00 +0000 2017,driver_issue,
420684,"@Uber_Support Please hire drivers who respect women and know how to talk to them. This is with regards to your driver named ""Kiran Pednekar""",@215265 We've followed up through DM.,Tue Oct 10 03:40:55 +0000 2017,driver_issue,
719987,@Uber_Support 2 Times tonight did a driver say I was in his car and I wasn’t and I’ve been charged. No response on app,@292316 We're here to help. We just sent you a DM.,Tue Oct 10 21:44:36 +0000 2017,driver_issue,
1604534,"@115873 @Uber_Support Yesterday, I was told by a driver to *uck off as I had - wait for it - luggage. How to complain and report properly?",@492258 We're here to help! Send us a note at https://t.co/fS660rQ8NQ so we can assist.,Sun Nov 05 08:39:47 +0000 2017,driver_issue,
232651,"@115873 wait time charges for real?! and if we passengers are waiting for the driver, we should able to get discount too! BS!","@171380 Here to help! Send us a note here, https://t.co/WJq5jsdLlf, and our team will follow up.",Thu Oct 05 10:12:13 +0000 2017,driver_issue,
2916491,@Uber_Support Ok! I'll contact but pls send a driver to gatwick or I will sleep here pls! 2 times in a row this is not the service that uber should offer,@807255 We're here to help! Send us a DM with your email address so we can assist.,Tue Nov 28 23:40:57 +0000 2017,driver_issue,
1089930,@Uber_Support Are your drivers allowed to charge people more money for you leaving something in their car?,@377143 Check out https://t.co/P44jyHSSke for more information on the lost item return fee. Hope this helps!,Sun Oct 15 00:45:55 +0000 2017,driver_issue,
1308648,Nothing like blocking surge screwing drivers right @6980 @Uber_Support https://t.co/1G5lLzrKwX,@425819 Here to help! Please send us a note here; https://t.co/lMKzUp997H so our team can connect.,Fri Oct 27 02:59:43 +0000 2017,driver_issue,
644236,@115873 Can you PLEASE train your drivers before you onboard them. I really don't want to give tutorials when am already running late to work.,"@272915 Sorry for the trouble! Send us a note here, https://t.co/z8NNR56eyf, and our team will be in touch.",Thu Nov 02 07:30:25 +0000 2017,driver_issue,
1298558,"Is there a specific app @115873 drivers have that gives them the longest, most inconvenient route?",@423483 Here to help! Follow up here; https://t.co/y4EDPcVZOI and our team will connect right away.,Thu Oct 26 22:24:31 +0000 2017,driver_issue,
1049163,@115873 tell your drivers not to complain to their passengers about their routes,@367968 Here to help. Send us a note via https://t.co/fS660rQ8NQ and we'll be in touch.,Sat Nov 25 17:45:24 +0000 2017,driver_issue,
963308,AND @115873 DONT WANNA ACCEPT MY FUCCIN CARD !! 😠,@348607 We're so sorry for the trouble. Send us a note via https://t.co/yqIhbGRNqi so we can assist.,Sat Oct 21 22:32:26 +0000 2017,driver_issue,
550016,@115873 dear uber why have i just been charged £5 when your driver cancelled the trip??,@248096 Here to help! Send us a note via https://t.co/QsI1vsvcif to assist you further.,Sat Dec 02 18:36:58 +0000 2017,driver_issue,
2833731,@119983 @115873 Uber sent me WagonR after mentioning Dzire in UBER app also I was charged extra for my ride.Driver took the longest route. https://t.co/Tu6eJ6MKxj,@788854 We're sorry to hear this was your experience. Please send us a note via https://t.co/y4EDPcVZOI so we can help.,Mon Nov 27 13:56:29 +0000 2017,driver_issue,
2094240,"@Uber_Support Any update, im following you guys from so long, but no one cares about the customer, uber is really worst.","@618758 Thanks for reaching back out to us about this, Anuj. However, any and all updates will be found via in-app support. We suggest at this time you go there where we have messaged you. Please follow up with that message. We look forward to your reply.",Fri Nov 10 05:35:51 +0000 2017,driver_issue,
1548087,@115873 Will you please support me get clear my billing and trip detail ? I have been charged wrongly due to Long route taken by driver,@479276 Here to help! Please contact us via https://t.co/y4EDPcVZOI so we can follow up.,Tue Oct 17 03:05:03 +0000 2017,driver_issue,
1630011,Why do @115873 drivers not believe in AC? I know it’s “winter” but damn 1) you kinda smelly and 2) it’s hot outside,@498909 Here to help! Please contact us via https://t.co/fS660rQ8NQ so we can follow up.,Sun Nov 26 04:19:56 +0000 2017,driver_issue,
2254055,"@Uber_Support Yup so the thing about being even the most basic of sentient beings is that I can follow basic instructions in an app. And I did that. 3 minutes after I got out of the car. An hour later, here I still am 👋 #uberjustnailingit",@656589 Hi there! Please send us a DM with your email address with details so we can follow up.,Sat Nov 11 03:08:34 +0000 2017,driver_issue,
2035017,@Uber_Support Do drivers still need that placard specifically for SFO? Mine is green and expires soon. Thanks!,"@422819 Hi, Robert. To pick up a replacement placard for SFO, please visit a local Greenlight Hub for assistance: https://t.co/qqiqKygpn8.",Tue Nov 07 17:31:19 +0000 2017,driver_issue,
1098150,@115873 Fuck you and your piece of shit drivers always cancelling.,@379136 We can take a look! Send us a note via https://t.co/e8HVorX5rh so our team can get in touch.,Sun Oct 15 05:57:37 +0000 2017,driver_issue,
658116,@Uber_Support the first driver who we waited for 8min. Was RIGHT next to us when he cancelled the trip. Watched him drive past less than 5seconds later. https://t.co/Wh8FJBn6Ff,"@276681 Sorry for the trouble! Send us a note here, https://t.co/e8HVorX5rh and our team will be in touch.",Wed Nov 22 23:02:59 +0000 2017,driver_issue,
1801471,"@115873, how many times is the driver allowed to get lost on the way to the airport?",@312759 Thanks for reaching out. This definitely should not be happening. Please send us a note through https://t.co/XijNMfvSmO so we can help.,Fri Oct 13 01:21:37 +0000 2017,driver_issue,
2533304,@Uber_Support I had a 25 minute drive back to my hotel and the charge went up 50 bucks. My driver made an unexpected stop leaving us in the car.,@276094 We're here to help! Send us a note at https://t.co/fBBjumhuHB so we can assist.,Mon Oct 30 12:31:05 +0000 2017,driver_issue,
2541096,@115877 sucks.. first order cancelled after 30 minutes.. placed a new order and the driver sat in my lobby for 15 minutes instead of buzzing up to my apartment 🙄 Like cool gonna get cold food.,@722544 Sorry to hear about that! Send us a note via https://t.co/OWBkgXcbMl so our team can get in touch.,Thu Nov 16 11:35:51 +0000 2017,driver_issue,
1874244,@115877 Uber driver got another job while we were in the line &amp; the lady rung him asking how long he's gonna be. Got the order and picked her up otw,@559524 That's definitely not OK. Please send us a note at https://t.co/0IjoFxwQvx and a member of our team will follow up.,Wed Oct 18 09:15:59 +0000 2017,driver_issue,
18220,"@115873 @Uber_Support Incorrect cancellation fee charged driver cancelled my ride, tried to contact his no was nt rechble reg no +919004341358 https://t.co/3bfUDf07sa",@120046 Here to help. Send us a note at https://t.co/e8HVorX5rh so our team can connect.,Wed Nov 01 05:13:53 +0000 2017,driver_issue,
1429522,Uber experiences are becoming worse by the day.Thanks to unprofessional drivers... @Uber_Support,@452022 Let's look into that! Send us a note at https://t.co/fS660rQ8NQ so our team can connect.,Thu Nov 02 06:51:48 +0000 2017,driver_issue,
1489816,@115877 delivery driver took order to wrong address and then refused to deliver to our actual address and now we’re being refused refund!,@466020 We're sorry about that! Send us a DM with your email address so we can connect.,Fri Nov 03 09:06:54 +0000 2017,driver_issue,
2926782,@Uber_Support I would like a statement of all my Uber fees that I have incurred as an uber driver. How can I get that information?,@809761 Here to help! Please reach out to https://t.co/ZKt0NHVs3P and fill out the 4 boxes at the bottom so we can get in touch.,Wed Nov 29 04:20:12 +0000 2017,driver_issue,
2874410,"@119983 Driver refused to go to the destination after I sat in the car. Gave excuses to not go, which were stupid reasons, and then cancelled and asked me deboard the cab. It keeps getting better @115873!",@521963 We're sorry to hear this was your experience. Contact us via https://t.co/iOszeeHZhQ and we'll be in touch.,Tue Nov 28 04:32:52 +0000 2017,driver_issue,
1462134,@Uber_Support Even https://t.co/xlgWBoPFFK driver cancelled request in bangalore.for that also I'm getting charged.,@459354 We're here to help! Send us a DM with your email address so we can connect.,Sun Nov 26 01:44:48 +0000 2017,driver_issue,
1115392,@Uber_Support I reported @ Uber the driver drove to a dark road and pushed my disabled son down drove off. #uber I can’t get a call back in an emergency!!,"@382333 Hey, Lisa. We have responded to your DM please follow up there.",Tue Oct 24 03:53:18 +0000 2017,driver_issue,
2833757,@Uber_Support need help with my driveraccount unable to log in have eritten in to support no response 24 hours,@788859 We're here to help! Send us a DM with your email address so we can connect.,Mon Nov 27 14:01:35 +0000 2017,driver_issue,
1358197,@435368 @115873 I would ring the police nd report the number plate like they are a terrible company nd there drivers clearly arent bothered in public safety,@435900 Sorry to hear about that. Can you please send us a DM with your email address? From there we'll be able to assist further.,Fri Oct 27 19:53:29 +0000 2017,driver_issue,
2081789,Disappointed with @115873. Ordered a car set at $7 &amp; when I sent the request it changed $17.,@615651 Here to help. Send us a note at https://t.co/1xM0TILvAI so our team can connect.,Thu Oct 19 02:49:00 +0000 2017,driver_issue,
1848091,@Uber_Support You have my information already why do I have to type my card in again? I don’t get why I need to give more private info,"@553433 Hi, Jonathan! So we can be sure we're addressing the correct charges, please reach out here: https://t.co/dInR3racif so we can follow up.",Thu Oct 19 21:07:47 +0000 2017,driver_issue,
1078856,@Uber_Support @46034 @115873 It shouldn't matter if drivers are independent contractors or not. You as the company should take the lost item fee hit instead of customer,"@374497 We hear ya! Thanks for the feedback. We're always working to provide you with new features, so stay tuned.",Mon Oct 23 12:26:43 +0000 2017,driver_issue,
2075567,@Uber_Support can a driver turn down a long drive (45 miles),"@613837 Hi, Robert. If a destination is farther than they wish to travel, they can cancel the ride. Find out more here: https://t.co/1JjR3NbAkd.",Tue Oct 10 04:59:30 +0000 2017,driver_issue,
1451035,"@115873 Chennai is perhaps what Deepika was referring to when she said ""Regressed"" What a fall ... Terrible to see ... Have been forced to cancel over 8 times in last 2 occassions from airport cos driver simply doesn't land up, or take call or says give cash #EpicFail",@456727 Here to help! Kindly send us a note at; https://t.co/e8HVorX5rh so our team can assist.,Thu Nov 30 19:21:30 +0000 2017,driver_issue,
2769120,@Uber_Support As you can see no 62.16 was duplicated on my online statements nor my app and the first thread letter came from nowwhere #Uber #uberdriver #AccountancyProblems https://t.co/CGNaNAwlLd,"@774220 A member of our team has been in touch via email, so please check your inbox and follow up there directly.",Tue Nov 21 11:30:19 +0000 2017,driver_issue,
1560079,@Uber_Support I assume a refund is in order? And please update your app so that you don’t send drivers into closures.,@407247 Sorry to hear about this. Please connect with us at https://t.co/XijNMfNtem and we'll be happy to follow up.,Sat Nov 04 13:30:08 +0000 2017,driver_issue,
476481,@Uber_Support I forgot my bag in the cab and now the driver is unreachable. Please help!!!!!,"@228242 We're here to help, Shoeb. Contact us through https://t.co/oY5vj3NqP3 so we can assist you.",Fri Dec 01 11:24:32 +0000 2017,driver_issue,
2722765,"@Uber_Support apparently my driver forgot to end my ride yesterday and I was charged twice as much as I should, and my destination is being wrongly shown at The app, can you help me?",@763832 Here to help! Send us a note at https://t.co/wW2bTlNcsR so our team can connect.,Mon Nov 20 10:34:26 +0000 2017,driver_issue,
2552317,"Hey @115873 , can you contact this driver and see if I left my wallet in there bc neither him or you will respond 🙃 https://t.co/4EdtqP10fk",@724995 We're here to help! Send us a DM with your email address and phone number so we can connect.,Mon Oct 30 15:32:03 +0000 2017,driver_issue,
563470,@Uber_Support I have already done that and i had an email saying the charge will stand. The driver didn’t even show up at the location I requested. I didn’t move from that spot #joke,@251932 Here to help! Please DM us your email address so we can further assist.,Sat Dec 02 23:29:46 +0000 2017,driver_issue,
712587,"@115873 : Why was the ""track ride"" showed cab at Regal if it was around C21 mall.Driver asked me to cancel but you charge me!",@290416 Here to help! Please send us a note at https://t.co/h840Iouehc and we'll be happy to look into this for you.,Tue Oct 10 18:01:16 +0000 2017,driver_issue,
24077,To the @115873 who got shouted at outside me. I feel sorry for you. Thank god backup of another driver came! #Uber #windsor,"@121186 Happy to help! Send us a note here, https://t.co/vZ2zCuaLbs, and our team will follow up.",Wed Nov 01 08:23:46 +0000 2017,driver_issue,
1604546,Why do @115873 drivers accept trips if they’re still completing other trips???? I’m so annoyed,@492262 Here to help! Send us a DM with your email address so we can assist.,Sun Nov 05 08:28:42 +0000 2017,driver_issue,
1384256,Your driver went miles away and you are still charging me for it ? @Uber_Support @115873 https://t.co/u3Qyj1GnVe,@442138 Sorry to hear about that! Can you please contact us via https://t.co/593jusCquh so our team can connect.,Sat Nov 25 21:37:11 +0000 2017,driver_issue,
14339,Sometimes I can’t tell if my @115873 app is messing up or if my driver likes to make me wait longer by doing donuts on the way to get me,@119057 Here to help! Please reach out to https://t.co/zUe0dj6yoX and fill out the 4 boxes at the bottom so we can get in touch.,Wed Nov 01 01:31:40 +0000 2017,driver_issue,
1069988,@115873 driver last night picked up with a price just shy of £13 and then charged more than £33 - not impressed! How can I sort out a refund?,@372476 Here to help! Send us a note here: https://t.co/6IqAxVj2X4 and our team will be in touch.,Sat Oct 14 23:19:40 +0000 2017,driver_issue,
418452,@Uber_Support Is there a W10M driver app? Hola from Lima!,@214836 Happy to help! Please send us a note here https://t.co/FF2YGTGjuA so we can follow up.,Tue Oct 10 02:23:48 +0000 2017,driver_issue,
1801058,Just got picked up by my @115873 and all the driver did was pop the trunk open for me. Didn’t get out. Made me move the crap around in his trunk to get my bag in! #notip #terribleservice,@541171 Here to help! Please send us a note at https://t.co/fS660rQ8NQ and we'll be happy to look into this for you.,Sun Oct 29 00:19:40 +0000 2017,driver_issue,
572653,No @115873. You cannot tell me there is a car 3 minutes away while I’m in Times Square and then assign me a car that’s on the upper west side and say it’s 15 minutes away when any New Yorker knows it’s 30 minutes. That’s not how this works.,@254557 Here to help! Send us a note here https://t.co/e8HVorX5rh so we can further assist.,Sun Dec 03 05:06:26 +0000 2017,driver_issue,
2931077,@112406 @115873 driver refused to take up the ride and i had to cancel it due to lack of time. Deduction of INR 50 because of your driver negligence. Highly pathetic.,@810760 Sorry for the trouble! Send us a note via https://t.co/JyzdtQmyxT so we can connect.,Wed Nov 29 07:30:49 +0000 2017,driver_issue,
269598,@Uber_Support help I am a driver who you haven’t paid in weeks,@180302 Please reach out to us here asap so we can look into this: https://t.co/F7yFN7gC20,Fri Oct 06 00:42:03 +0000 2017,driver_issue,
1262688,@Uber_Support Chraged extra on my latest ride than quoted while booking.. Driver followed the same route as app suggested.. Why Extra then?,"@398861 Here to help! Send us a note here, https://t.co/oEOANqFpjc, and our team will follow up.",Thu Oct 26 10:21:08 +0000 2017,driver_issue,
2956254,My @115873 driver cancelled my trip while he was only a block away. Wtf...,"@816023 We're sorry to hear this was your experience. Send us a note here, https://t.co/593jusCquh, and our team will be in touch.",Wed Nov 29 19:08:01 +0000 2017,driver_issue,
1232430,@115873 why you charge me $19.20 last night when your app broke down on me and your Uber driver never showed up.,@409048 That's not ok! Can you please reach out via https://t.co/e8HVorX5rh so our team can take a look?,Mon Oct 16 01:15:18 +0000 2017,driver_issue,
902483,"@Uber_Support I put 607 [Street] for my pickup, but the driver’s app sent them to 619 [Street]. Seems like a technical issue.","@334252 Sorry to hear about this, Jeff. Please share details here; https://t.co/Lfmkvg4RDT, so our team can further review and assist.",Fri Oct 20 23:49:30 +0000 2017,driver_issue,
2527120,@115873 your app needs desperate work. Estimates consistently wrong. Routes provided for location reflect incredibly poor choices. Late by 30 mins because of route your app insisted the driver take,@719557 Here to help! Please send us a note via https://t.co/u3MyknJaaN so we can connect.,Thu Nov 16 03:54:32 +0000 2017,driver_issue,
1253698,@115873 every time I stay at Hilton Hatton Cross - Uber drivers phone me and ask me to cancel my booking. 3 times this morning so far!!!!,"@414085 Happy to help! Send us a note here; https://t.co/e8HVorX5rh, and our team will follow up.",Thu Oct 26 06:10:45 +0000 2017,driver_issue,
476474,@Uber_Support I am extremely frustrated. My phone froze as I was rating my 5-star driver and it registered me giving him 3-stars. I have ruined a 5-star driver's perfect score and I expect this error to be corrected. My trip was great.,@228240 Here to help! For more info please visit; https://t.co/AB1bUxIITI,Fri Dec 01 11:26:08 +0000 2017,driver_issue,
2972933,"@Uber_Support hey, i signed up to be an uber driver. my application status is Onboarding it's been like that for 3 weeks. how can i fix it?!",@819947 Here to help! Send us a note at; https://t.co/tv4psVy8sr so our team can assist.,Thu Nov 30 01:23:35 +0000 2017,driver_issue,
2858915,"@Uber_Support I have 2 charges on my card that are not in my Uber history when viewed online. Looking at my calendar, I'm pretty sure they never happened. How can I get more details on them?",@514899 Here to help! Follow up here - https://t.co/dInR3racif and our team will connect right away.,Mon Nov 27 22:06:07 +0000 2017,driver_issue,
1121720,"@Uber_Support My payment card is blocked, for no good reason. Apparently I can't find out why, nor can I do anything about it. Please advise","@384591 We can look into this, Manohar. DM us your Uber email and phone #, so we can review your account. https://t.co/sd7yH5jmbJ",Sun Oct 15 08:15:57 +0000 2017,driver_issue,
2981081,@115877 no longer help by phone? This hold music is DEATH!! Why charge customer's account before knowing if there's a driver available?! Then the refund takes much longer😒,@822214 We're here to help! Send us a DM with your email address so we can connect.,Thu Nov 30 04:46:55 +0000 2017,driver_issue,
1805546,@Uber_Support i can not add any payment details to the app. ı can use same card in other uber accounts. Can you help me with this???,"@542503 Let's take a look, Damla! Please reach out at https://t.co/hr88X1ZGuG and we'll follow up.",Wed Oct 18 00:47:07 +0000 2017,driver_issue,
1516897,My @115873 driver drove right by me and then cancelled my ride https://t.co/6nSs71EThJ,"@471928 Sorry for the trouble! Send us a note here, https://t.co/e8HVorX5rh, and our team will be in touch.",Tue Oct 17 00:18:41 +0000 2017,driver_issue,
1567660,@Uber_Support 2/2 He said he has the phone but is not very collaborative. Can I speak with someone who's not the driver himself to have a clearer picture?,@483762 We're here to help. Please check out https://t.co/rOtqyWzf0B for additional details.,Sat Nov 04 15:29:43 +0000 2017,driver_issue,
2782087,I wish male @115873 drivers would stop hitting on me. So damn annoying,@776935 Hello! Please report any issues you've had on recent trips at https://t.co/z8NNR56eyf. We'll follow up.,Tue Nov 21 17:21:15 +0000 2017,driver_issue,
2113030,my uber eats driver is an idiot??? he passed my house like 5 times already and i can't call him,@623093 Sorry to hear about the trouble. Please DM us the email address linked to your Uber account and we'll follow up.,Wed Nov 08 16:16:03 +0000 2017,driver_issue,
1966439,Dear @Uber_Support I cancelled your driver this am bc he drove over the sidewalk and almost killed us lol #joyful #greatwaystostarthalloween,@200037 We want to follow up right away. Send us a message via https://t.co/sKZsBXPxp7. A member of our team will follow up as soon as possible.,Tue Oct 31 10:48:12 +0000 2017,driver_issue,
1597774,@115873 you driver blows. He sat a block away in the rain as I have a 5 yo child. We called @115879,@490792 Here to help. Send us a note at https://t.co/z8NNR56eyf so our team can connect.,Sun Nov 05 02:49:35 +0000 2017,driver_issue,
1304739,Anyone know how to get beer odor out of the back seat of my car? One of my fares had an incident and the odor is killing my @115873 ratings,@424889 Here to help. Send us a note at https://t.co/6ncH9wzBkc so our team can connect.,Fri Oct 27 00:42:10 +0000 2017,driver_issue,
104041,Driver denied his duty even has refused to cancel the trip... Lets see what @Uber_Support can give to its customers attached screenshot of drivers details for reference https://t.co/Jg1Du7UdaZ,@138930 Here to help! Send us a note via https://t.co/e8HVorX5rh and we'll be in touch.,Thu Nov 30 18:15:55 +0000 2017,driver_issue,
1102434,"Holy hell. I’m having the worst @115873 experience. The driver can’t follow his gps, keeps missing exists, and started the ride 10min prior.",@380132 We can definitely take a closer look! Contact us here; https://t.co/K05RdmK3t4 so we can help.,Fri Oct 13 23:31:32 +0000 2017,driver_issue,
2582030,"It shouldn't take 20+ mins to get an @115873 in NYC, not to mention having to walk to 3 diff pick up locations and have every driver cancel","@731771 Sorry for the trouble! Send us a note here, https://t.co/e8HVorX5rh, and our team will be in touch.",Thu Nov 16 22:51:38 +0000 2017,driver_issue,
1439530,@Uber_Support An uber driver called me yesterday asking for my cc# telling me it was a new verification method. How do i report this?,"@454074 We'd like to connect, Steven. Please DM us the email on your account and we'll be in touch shortly.",Mon Oct 16 14:46:54 +0000 2017,driver_issue,
1034346,@115877 how do we take care of this issue?,@364692 We've followed up via DM!,Mon Oct 23 00:02:39 +0000 2017,driver_issue,
307263,When your uber driver accidentally turns onto a highway. And then onto a bridge. And then onto another bridge. Five minute ride = 30 minutes https://t.co/mg4TWeq9Dg,"@189378 We just got back to you via DM, John.",Fri Oct 06 23:19:50 +0000 2017,driver_issue,
2776076,@115873 how can I remove my payment via credit card? Please!! I wanna remove it asap,"@775691 Happy to help! For more information on Updating a payment method on your account, please visit us here; https://t.co/paDlcZi0nv",Tue Nov 21 15:16:36 +0000 2017,driver_issue,
2104642,@Uber_Support I only had 1 day working and used my other car and I was suspended and they still do not activate me. Sorry but nobody explained that to me.,@621284 We can take a look! Send us a note via https://t.co/takeVjAR2G so our team can get in touch.,Wed Nov 08 13:07:35 +0000 2017,driver_issue,
1664099,Sat at traffic lights and watched an @115873 driver run a red light looking at his phone. Scary night indeed!,@507183 We take this very seriously. Please send us a DM with your email address so we can connect ASAP.,Sat Oct 28 22:23:49 +0000 2017,driver_issue,
1800544,@115873 I just got approved to be a Uber driver how to I sign up for @115877 @Uber_Support,@535260 Happy to help! Sign in online and then click the link at https://t.co/D2wSWcu1ly. This will take you to the sign-up page for UberEATS.,Fri Oct 13 00:00:36 +0000 2017,driver_issue,
271685,@115873 we took an uber on fri and we've been trying to contact our driver bcuz we left a phone in the car. Still no response. Please help!!,@180826 Happy to connect! Send us a note via https://t.co/oY5vj3NqP3 so our team can help.,Fri Oct 06 02:47:55 +0000 2017,lost_item,
2306563,@Uber_Support what’s a contact phone number my account is on a wait list for two months,@431554 Happy to help! Send us a message here; https://t.co/balq3Eyso6 and we'd be happy to take a look.,Thu Oct 19 21:04:33 +0000 2017,lost_item,
594049,@Uber_Support I have called a driver and emailed uber multiple times about lost items and still won’t get a response. What do I do?,"@260702 Hi there, we're here to help! Can you send us a DM with your email address so we can connect?",Sun Dec 03 18:12:29 +0000 2017,lost_item,
1431424,@115873 I have left my phone in your car &amp; impossible to get help. Can see yr driver &amp; where he https://t.co/Dc9w2JtV4G!,@452395 Here to help! Get in contact with your driver here: https://t.co/rOtqyWzf0B,Thu Nov 02 08:02:10 +0000 2017,lost_item,
652736,"@Uber_Support My son lost his wallet in the uber car and when he got in touch with your support, the call back number was disconnected. Help","@275195 Hi Koko, please have your son reach out at https://t.co/VRGZX0s7tO so we can help.",Wed Oct 11 02:02:34 +0000 2017,lost_item,
1724948,Hey @Uber_Support I can’t sign back into my account after restore on my iPhone X. Won’t send 4-digit code/none ever comes.,"@521716 Here to help! Send us a note here, https://t.co/dwDjAokZht and our team will follow up.",Tue Nov 07 04:27:15 +0000 2017,lost_item,
2179830,@Uber_Support I'm a driver and I can't seem to get request on my phone,"@638799 Thanks for following up, Patrick. Please send us a note at https://t.co/dx1D9XF2V5 so we can look into this for you.",Sun Oct 29 04:37:01 +0000 2017,lost_item,
1745050,"@Uber_Support How come no phone number to reach customer service.I have a complaint,I need an urgent answer.Your services are fraudulent","@526207 We're here to help, Meneik. Could you please send us a DM so we can connect? https://t.co/sd7yH5jmbJ",Tue Nov 07 14:52:20 +0000 2017,lost_item,
2480663,@Uber_Support what's your phone number to call for a restaurant having problems with the app?,"@708829 Here to help! Please DM us your email address and provide more details about your concern, so we can further assist.",Sun Oct 29 21:39:05 +0000 2017,lost_item,
1857384,"@115873 hi, I tried to login. Your website requested verification codes sent to a phone numbers I don't have anymore. How can I login?","@555448 Here to help, Mikael! Send us a note here, https://t.co/Md7v036OoC, and our team will follow up.",Thu Oct 19 12:30:49 +0000 2017,lost_item,
1149010,@Uber_Support I left my phone in an Uber and now cant login to my account to report it. Please help me,@390396 We're here to help! Please send us a DM with your email address so we can connect.,Tue Oct 24 13:57:08 +0000 2017,lost_item,
297480,"hey @115877 , we can't put our phone number when we sign up on safari",@186862 Sorry to hear about the trouble. Please try using Google Chrome or Firefox as an alternative option to create an account.,Fri Oct 06 17:44:44 +0000 2017,lost_item,
1089334,@118524 @390 @115873 @115873 most of your drivers are getting lost on purpose just to cancel and get free R25 that sucks 👎🏿👎🏿👎🏿👎🏿👎🏿👎🏿👎🏿,@376994 Here to help! Send us a note here: https://t.co/h840Iouehc and our team will be in touch.,Sun Oct 15 03:11:29 +0000 2017,lost_item,
898885,hey @Uber_Support how is one supposed to enter the SMS code you send them to log into their account when their phone was left behind?,"@333431 We've followed up with you via DM, be on the look out for our response.",Sat Oct 21 02:40:43 +0000 2017,lost_item,
703127,"@115873 how many phone lines you keep for customer calls? Between 10.30 and 11.15 pm, till I tweet this, I'm entertained with 'all lines in this route busy' anthem. Dynamic call centre?",@287547 Happy to help! Please confirm your email address or phone number through direct message so we can further assist.,Thu Nov 23 17:46:22 +0000 2017,lost_item,
1944203,I lost my uber promo code ..can you pls provide @Uber_Support,@577987 Not at the moment! But you can always share your referral code with friends so you can rack up free rides when they sign up.,Mon Oct 30 03:43:12 +0000 2017,lost_item,
1083069,@115877 whats your system regarding complaints? Phone handlers not at all helpful.,@375487 We're here to help! Can you please provide more details regarding your concern and email address associated with your account.,Mon Oct 23 17:03:01 +0000 2017,lost_item,
424412,"@115877, over 30 minutes on the phone trying to fix a problem and customer care line is refusing to fix my problem.","@216010 That doesn't sound right, Marcus. Send us a DM with your account email address and we'll be in touch.",Thu Oct 12 03:33:41 +0000 2017,lost_item,
1758154,@Uber_Support left my wallet in ride about 20 minutes ago and my driver wont pick up her phone!! I desperately need my wallet please help!,@529298 Here to help! Send us a note at https://t.co/oY5vj3NqP3 so our team can connect.,Tue Nov 07 19:49:34 +0000 2017,lost_item,
1425341,@115877 placed an order. food arrived. didn't answer phone. called back. UBER TELLS ME I HAVE THE WRONG NUMBER WTF. i keep trying. 1/2,"@451144 Happy to help, Teresa. Send us a DM with your account email address and we'll be in touch.",Fri Oct 20 02:07:53 +0000 2017,lost_item,
2753911,@Uber_Support I have tried but youis customer service people are saying this is correct which is untrue it’s not. :( totally let down and faith lost,@337270 We're here to help! Send us a DM with your email address so we can assist.,Tue Oct 31 19:00:42 +0000 2017,lost_item,
2816661,"@Uber_Support Hi, my friend might of left her phone, wallet, and glasses on uber last night. How do I go as to finding out if the driver found them? Thanks.","@785187 Due to our privacy policy, we will have to speak directly to the account holder. Please have them contact us via https://t.co/rOtqyWzf0B",Mon Nov 27 03:28:08 +0000 2017,lost_item,
438141,@Uber_Support I need to call ya'll to file a claim about a driver not returning a lost item in his car. What's ya'lls number?,"@219092 We're happy to connect, Zed! Please DM us the email on your account with additional details and we'll be in touch shortly.",Tue Oct 10 16:49:55 +0000 2017,lost_item,
1528068,"@Uber_Support if u lose your phone in Uber, then can’t log via laptop to account as need verification text SMS - how do u get phone? Pls!",@474434 Here to help. Kindly send a contact information with email address so we can connect.,Fri Nov 03 19:29:29 +0000 2017,lost_item,
426771,Driver denied to come to my location initially. After 25 min money deducted from my wallet. Pl refund my money. @115873 @Uber_Support,@216502 We're sorry to hear about this. Sign in and visit us at https://t.co/IvN5pSr9DV so our team can connect.,Tue Oct 10 11:19:28 +0000 2017,lost_item,
1184162,"@Uber_Support Good morning, I lost my cellphone in a UBER, the verification method to sing in is an SMS that obviously I can’t check.","@398453 We have received your DM, Lucas, and will be in contact with you there shortly.",Sun Oct 15 16:58:46 +0000 2017,lost_item,
2466497,. @115877 spoke to employee on the phone. Was told she got in touch with driver but still no update on food location. Extremely frustrated,@705776 Sorry for the trouble! Send us a DM with your email address and phone number so we can connect.,Sun Oct 29 20:10:18 +0000 2017,lost_item,
2956234,"@Uber_Support Hey, im from brazil and i'm not sure if you guys could help me. But I just cant create a account on Uber, it tells me that my phone number is already registered. I think it's happening bc once a friend was withou his cellphone, just with his tablet, and he asked ...",@816015 Here to help! Send us a note here; https://t.co/2GUj1y6rFA and our team will be able to assist.,Wed Nov 29 19:11:54 +0000 2017,lost_item,
161364,@Uber_Support My app is not reflecting whether or not there is a fri -mon @9303 promotion and if there is how many trips I need to do Sent from my iPhone,@153235 Here to help. Send us a note at https://t.co/WToW6dugx0 so our team can connect.,Fri Nov 24 18:33:29 +0000 2017,lost_item,
140452,@Uber_Support we asked for an Uber in #Nairobi and we forgot an iPhone? How can I contact someone? @115873,@147693 Here to help. Send us a note at https://t.co/rOtqyWzf0B team can connect.,Fri Nov 24 11:39:37 +0000 2017,lost_item,
890687,@115873 One of your drivers had my phone but won't respond. How do I contact them??,"@331482 We're here to help! Send us a note here, https://t.co/rOtqyWzf0B and our team will be in touch.",Fri Oct 20 23:51:53 +0000 2017,lost_item,
2424745,The only reason I am using @115873 is that my phone is hacked and can’t update @115879 - watched my driver circle for 10 minutes can’t cancel,@224032 We're here to help! Please send us a note here; https://t.co/e8HVorX5rh so our team can assist.,Tue Nov 14 18:46:36 +0000 2017,lost_item,
70353,@McDonalds @115877 Maria in East Palo Alto got my order wrong and simply handed me the piece of meat they forgot😡😡 the level of disrespect was off the charts,@675792 That's definitely not ok. Send us a DM with your account email address and we'll be in touch.,Fri Oct 20 02:08:11 +0000 2017,lost_item,
2688041,"Congrats @115873 for ruining a good night. Driver is a health and safety issue. Was a phone this time, nearly a leg. Next time not so lucky. #nameandshame #uber https://t.co/JhO1ZPtZso",@755813 Here to help! Send us a note here https://t.co/IeSxT5cVHC so we can assist.,Sun Nov 19 02:55:01 +0000 2017,lost_item,
746929,@Uber_Support how do u get in touch w/ a driver if you can't access the app. My friend lost his phone in the car this morning &amp; needs help,"@298560 Sorry to hear about the trouble, Amy - have your friend reach out to us at https://t.co/rOtqyWzf0B regarding the missing item.",Wed Oct 11 14:17:00 +0000 2017,lost_item,
1849541,@Uber_Support I am trying to call you but can't find a phone number! I need help setting up my Uber account for an upcoming overseas trip.,"@553767 Sorry to hear about the trouble, Kira. Please reach out to our team at https://t.co/tdGG1GjzuF and we'll be in touch as soon as possible!",Wed Oct 18 20:07:41 +0000 2017,lost_item,
2066364,@2006 They are watching it drive around NY on Find My iPhone. Disappointing they can't reach you.,"@184811 Sorry to hear about your friend's phone! If he/she hasn't done so already, please have him/her call the driver via https://t.co/Sy2fWIhhC2.",Sun Oct 08 01:43:47 +0000 2017,lost_item,
1185411,WTF @115873 an $8 taxi ride costs nearly 2.5x with Uber for a 5 minute ride. Was last night NYE? Just lost my business https://t.co/2RpNQ27nOS,@290263 We're here to help! Find out more about dyanmic pricing here: https://t.co/kkAwlbpH4B,Sun Oct 15 20:37:21 +0000 2017,lost_item,
547118,Thanks @115873 @131434 !!! 😡 your driver gets lost then you have the cheek to charge me a cancellation fee?? Cancellation fee “credited” but now a sure charge is being applied to when it wasn’t on the original journey!! https://t.co/whi85ZDer0,@247258 Here to help! Send us a note via https://t.co/tgDW7w7MHb to assist you further.,Sat Dec 02 17:50:44 +0000 2017,lost_item,
1956188,"@Uber_Support I lost my wallet in a uber, can’t contact the driver, please help .. passport is there.... please help __credit_card__",@580554 Happy to help! Find out more about contacting your driver here; https://t.co/2lBRkEYOyB.,Mon Oct 30 13:56:24 +0000 2017,lost_item,
919852,@Uber_Support hey! I left my bag in a ride last night. When you guys call to connect me the phone is dead/none on the line. What can I do?,"@338347 Hi there, Jarred. Sorry to hear you couldn't reach your driver, for further assistance please visit: https://t.co/VRGZX0s7tO.",Tue Oct 10 17:24:21 +0000 2017,lost_item,
1537045,@115873 This driver confirms pickup and then he is just not traceable... Phone out of coverage.... N u Uber charge us cancellation fees https://t.co/Tl4jV4CZLJ,@476547 Here to help! Send us a note here; https://t.co/e8HVorX5rh and our team will be able to assist!,Sat Nov 04 00:51:29 +0000 2017,lost_item,
423290,@Uber_Support I need help confirmed my phone number again. I believe my account was hacked.,"@215777 Hey, Christian. Send us a message via https://t.co/J1AzB6DDDr and a member of our team will follow up as soon as possible",Tue Oct 10 06:01:51 +0000 2017,lost_item,
1272028,"@Uber_Support our cafe no longer appears in the app on android or iPhone It's on the website but not in the phone. I've called support, no joy.",@417764 Here to help. Send us a note at https://t.co/NcKEnQDmxQ so our team can connect.,Sat Nov 25 20:03:17 +0000 2017,lost_item,
1856707,@Uber_Support my driver forgot to shut off the fare after my drop off. My charge/travel was wrong. Please help.,@532881 Sorry to hear about the trouble! Please send us a message at https://t.co/Lfmkvg4RDT with the details and we'll follow up.,Thu Oct 19 11:53:22 +0000 2017,lost_item,
393148,@Uber_Support driver still hasn't contacted me about a lost item,"@209106 We're happy to help, Caroline. Please DM us the email on your account and we'll be in touch shortly.",Mon Oct 09 15:48:44 +0000 2017,lost_item,
667874,"@115877 hey how can I change a delivery address in Medellin, Colombia? None of the website phone numbers are working.","@279206 Here to help! For more info on changing your delivery address, please visit; https://t.co/vxb1swF207",Thu Nov 23 03:47:35 +0000 2017,lost_item,
862039,"@115873 help your driver never show up, yelled at me on phone, hung up on me and I was still billed. Plz help resolve this issue.",@324700 We're sorry to hear this was your experience. Contact us via https://t.co/fS660rQ8NQ and we'll be in touch.,Fri Oct 13 14:38:15 +0000 2017,lost_item,
2759097,"@Uber_Support how do I transfer my acct to new phone, same#","@772054 Here to help! For more information about updating account settings, please visit: https://t.co/ACn231rQL4",Tue Nov 21 04:13:25 +0000 2017,lost_item,
16490,@Uber_Support hi I want to change my phone number but I can’t do it,@119633 We’re here to help! Send us a note via https://t.co/RY2a0oDSbF and we'll be in touch.,Wed Nov 01 03:35:58 +0000 2017,lost_item,
2754858,@115873. Does anyone have a working phone number at Uber Corporate in San Fran?,"@771084 At this moment, we don't offer phone support for these issues. We're sorry for any inconvenience. Visit this link https://t.co/balq3Eyso6 so our team can assist.",Mon Nov 20 20:56:33 +0000 2017,lost_item,
599430,"hey @Uber_Support i got a problem with my account, i can't change the phone number associate to it 😕",@170811 Here to help! Send us a note via https://t.co/RY2a0oDSbF so our team can get in touch.,Sun Dec 03 20:23:00 +0000 2017,lost_item,
137794,"After thousands of phone call to driver, hundred from #Uber, I could not get my stuff back. Very disappointing.@Uber_Support @115873","@147043 Sorry to hear about the trouble! We know how frustrating this would be. We're here to help, but cannot guarantee that a driver has your item. Feel free to pursue the issue of your lost items as you feel necessary and we'll be happy to assist however possible.",Fri Nov 24 09:50:30 +0000 2017,lost_item,
2145769,Is it me or is it very rude to talk on your phone in an Uber pool?,"@630807 Hey there, Terrell! We absolutely want to connect with you about your uberPOOL co-rider concern. A member of our team will be following up via DM momentarily.",Wed Nov 08 23:56:00 +0000 2017,lost_item,
83588,"@115877 Hello - I just cancelled an order within seconds of making it. Your helpline are unclear re to how much I will be charged. Order number is CA561. I am not happy about being charged at all, given I telephoned as soon as I realised the order had gone through by mistake",@134358 Here to help! Send us a note via https://t.co/StKy7B0k57 so our team can get in touch.,Wed Nov 29 18:07:13 +0000 2017,lost_item,
2432928,"@115873 Hey guys! I know this might not be the place,but Im desperate.Left my phone in my uber but none of my recent rides appear in the webpage, therefore imposible to contact driver,but I have the receipt. Thanks! https://t.co/0GnpCYPil1","@695570 We've been in touch via DM, Francesca. Please keep an eye out for our response!",Tue Nov 14 20:36:07 +0000 2017,lost_item,
143583,"@Uber_Support Hi ,I frgt my headphone in cab , driver got my headphone now he denying to return.pfb screen shot. https://t.co/p8c98vsqUB",@148443 We're here to help! Send us a DM with your email address so we can connect.,Fri Nov 24 13:13:37 +0000 2017,lost_item,
1801084,@115873 your driver just canceled our ride because couldn’t find Uber pick up spot at #MallOfAmerica #lostbusiness,@541179 We're sorry to hear this was your experience. Contact us via https://t.co/e8HVorX5rh and we'll be in touch.,Sun Oct 29 00:16:33 +0000 2017,lost_item,
1822928,@Uber_Support I NEED HELP! My uber driver has refused to return my phone from a ride yesterday evening without compensation.,"@547238 We're sorry to hear about this, Elyse. If you could please DM us with details of the trip and the driver, we can connect about this matter.",Sun Oct 15 15:49:25 +0000 2017,lost_item,
2973900,"@Uber_Support my Uber driver drove off before I could gather all my belongings, please help!! He has basically stolen all my things",@820183 Here to help! Get in contact with your driver here: https://t.co/rOtqyWzf0B,Thu Nov 30 02:16:29 +0000 2017,lost_item,
1656209,@Uber_Support have been on phone w uber support &amp; xchange all week. xchange fixed their part sent it 2 u. u will not update my account to reflect ur error,@505393 We're currently reviewing your email and will be in touch shortly. We appreciate your patience!,Mon Nov 06 03:53:39 +0000 2017,lost_item,
1789969,@Uber_Support I have been trying through both channels but you have yet to provide any information that I have not already found on the website. My situation is particularly time sensitive and I don't understand why you can't expedite the process given that I need to get my friend's phone back,"@425873 We definitely understand this can be frustrating, Nico. We've followed up via DM with more information on how we can help make this process a little easier for you.",Sun Nov 26 08:52:41 +0000 2017,lost_item,
1803327,@115873 What is your phone support line number?,"@330336 At this moment, we don't offer phone support for these issues. Visit this link https://t.co/balq3Eyso6 so our team can assist.",Fri Oct 13 15:15:48 +0000 2017,lost_item,
2712645,@Uber_Support 1/2 I have been arguing on the phone with support who is unhelpful! I have been trying to cancel an order that is arriving later than it was supposed to. They said it got picked up as soon as I called. (I called at the time it should have been delivered.,@761576 Here to help! Find out more about canceling your order here; https://t.co/CkGYDlYIIz,Mon Nov 20 02:47:09 +0000 2017,lost_item,
1949502,@115873 buddy left his phone in an Uber and can't contact the dude because it won't show him a phone number,"@579117 Sorry for the mix up! Due to our privacy policy,we will have to speak directly to the account holder. Kindly contact https://t.co/rOtqyWzf0B",Sun Oct 29 10:58:23 +0000 2017,lost_item,
1799783,@Uber_Support is there an email address or phone number to contact you at so I'm not airing my problems out on twitter?,"@540781 We can totally help you with this, Taylor. Please DM us and provide us with the email linked to your account and details of what's going on.",Thu Oct 12 20:46:44 +0000 2017,lost_item,
1949712,@Uber_Support Friend left her phone in taxi last night and driver is not answering,"@579161 Due to our privacy policy, we will have to speak directly to the account holder. Please have them contact us via https://t.co/rOtqyWzf0B .",Sun Oct 29 12:13:48 +0000 2017,lost_item,
110976,"Just had 3 #uber drivers claim they were here, then admit they were lost, then give up and leave. Why isn't knowing how to drive people places a job requirement for a company that drives people places? @115873",@140689 Here to help. Send us a note at https://t.co/593jusCquh so our team can connect.,Thu Nov 23 20:19:27 +0000 2017,lost_item,
2342646,Left a shoe in an @Uber_Support and now the driver won’t pick up the phone. Hope he ain’t gallivanting the streets in 1 of mi heels 🙄😩 @115873,@677584 Here to help! Find out more about contacting your driver here; https://t.co/rOtqyWzf0B.,Mon Nov 13 15:10:43 +0000 2017,lost_item,
2736492,@Uber_Support i dont have access to my old phone number im trying to put my new number on my account,@766844 Here to help. Send us a note at https://t.co/dwDjAokZht so our team can connect.,Mon Nov 20 20:17:01 +0000 2017,lost_item,
293492,"@Uber_Support Hi, I've been waiting over an hour to get delivered and nothing, my ordered just disapeared on my phone, what can I do ?",@185910 Oh no! Please send us a DM with your email address so we can look into this for you. https://t.co/sd7yH5jmbJ,Fri Oct 06 15:31:18 +0000 2017,lost_item,
2776124,@Uber_Support hello can you help me unban my account? I had set up a credit card that I had locked to be used and forgot to unlock before requesting a ride and was banned,@775699 Happy to take a look! Send us a note via https://t.co/BDlHSjUF9c so our team can connect.,Tue Nov 21 15:09:52 +0000 2017,lost_item,
1173111,hey @115873 @119720 did you guys actually give my phone number to some alleged client of yours doing some sort of focus group?,@395921 Hi there! Please reach out to https://t.co/zUe0djo9gv and fill out the 4 boxes at the bottom so we can get in touch.,Tue Oct 24 20:07:49 +0000 2017,lost_item,
720613,@Uber_Support I’ve left my phone in one of your taxi,@292469 Here to help! Find out more about contacting your driver here: https://t.co/rOtqyWzf0B.,Mon Nov 20 08:53:12 +0000 2017,lost_item,
438164,@Uber_Support I already filled that form 48 hrs ago... no one contacted back &amp; the forgot password link is hazardous.... see the screenshot I typed number it shows me wrong email https://t.co/FmyQgnlwq7,@219098 Happy to take a look. Send us a DM (direct message) with your email address so we can connect.,Sat Nov 25 06:12:49 +0000 2017,lost_item,
580932,@Uber_Support you guys get hacked again? My phone number changed and I can’t do xl trips anymore,@159581 Here to help. Please send us a note at https://t.co/ILb6VgllH9 so we can further investigate this for you.,Sun Dec 03 06:26:01 +0000 2017,lost_item,
1435836,Just found out where my lost @115877 delivery ended up. Shoved into a gate on the street. #CustomerExperience #Delivery https://t.co/E8pDb2QGgV,@453340 That doesn't sound right. Can you please send us a DM with your email address so we can look into this with you?,Thu Nov 02 10:54:29 +0000 2017,lost_item,
1634130,@Uber_Support Hi! My friend left phone in a drivers car under my account &amp; driver is hustling us for additional $ beyond return fee. Help?,@499919 We're here to help! Send us a DM (Direct message) with your email address so we can assist.,Sun Nov 05 20:36:29 +0000 2017,lost_item,
819556,@Uber_Support left my phone in cab now. Unable to contact driver or. Pls help reg no +91 9004233570 available temporarily at +91 7022996412,"@315226 Happy to help. Please go here https://t.co/oY5vj3NqP3, so we can follow up.",Thu Oct 12 17:33:22 +0000 2017,lost_item,
1736338,"@115873 ok, left phone in uber on way to JFK. Can't get confirmation code because... Phone in uber. What do we do?",@524212 We're here to help! Send us a DM (direct message) with your email address so we can connect.,Sun Nov 26 05:27:26 +0000 2017,lost_item,
1120079,"@Uber_Support Guys, im logged out of my uber account and i dont have the registered phone number with me anymore! Help!","@384259 We can definitely take a closer look! Contact us here; https://t.co/Md7v036OoC, so we can help.",Tue Oct 24 05:54:12 +0000 2017,lost_item,
1481816,@Uber_Support They are still broken in the exact.same.way. and your driver got lost and finally gave up. Excellent user experience on both sides!,"@464065 Hi, Renee. We've responded to your DM.",Wed Oct 04 02:30:47 +0000 2017,lost_item,
2550360,@119720 - phone in pocket signed up for commute. How do I make the endless app messages stop?,@724566 Here to help. Send us a note at https://t.co/fyn3pRpCG3 so our team can connect.,Mon Oct 30 14:23:24 +0000 2017,lost_item,
2266497,Update: I left my dead phone in my @115873 @Uber_Support https://t.co/87CYIpZHZR,"@659715 Hi, Joshua. Our team works to respond to each individual inquiry in the order which they are received. We see your outreach and a member of our team will be following up to assist as soon as possible.",Sat Nov 11 08:12:43 +0000 2017,lost_item,
331740,Dzire 7069 driver sanjay not ready to call back for the forgotten mobile no ethics @116288 @Uber_Support airport1D to Motibagh Delhi,"@194998 We're here to help, V! Please send us a DM with your account email address + details and we'll be in touch.",Sat Oct 07 18:36:44 +0000 2017,lost_item,
1194119,@115873 Trying to contact is hell! Left phone in car can’t contact to get it back! :(,"@400582 Here to help, Tina! Please contact us via https://t.co/oY5vj3vPqt so we can follow up.",Wed Oct 25 01:06:32 +0000 2017,lost_item,
653023,Imagine ordered off @115877 and getting the complete wrong order and having no phone number to ring🙃🙃,"@275278 Sorry for the trouble! Send us a note here, https://t.co/DpLEahcQAT and our team will be in touch.",Wed Nov 22 21:45:16 +0000 2017,lost_item,
2627866,I lost my phone last night and trying to get ahold of my @115873 is impossible 🙃,@742206 We're here to help! Please send us a note via https://t.co/oY5vj3NqP3 so we can connect.,Fri Nov 17 16:52:49 +0000 2017,lost_item,
1647834,This ride gets worse and worse. Get me out of this damn @115873 #nearly60m #lostdriver #baddriver,@503440 So sorry about the trouble! Please send us a DM with your email address and more specific details so we can connect.,Sun Nov 05 22:26:01 +0000 2017,lost_item,
1215661,"@115873 Worst uber ride ever, actually had a panic attack. Driver got lost for 30 mins had to direct him, no english, slow as all hell too","@405254 We're sorry to hear this was your experience. Send us a note here, https://t.co/z8NNR56eyf, and our team will be in touch.",Wed Oct 25 16:50:26 +0000 2017,lost_item,
2460852,"@Uber_Support Hi, I have lose my phone on a Uber in Spain. How I can recover it? The page ask me for a code sended to my phone... which I have lost",@704622 Here to help! Please send us a note via https://t.co/rOtqyWzf0B so our team can connect.,Wed Nov 15 07:30:57 +0000 2017,lost_item,
591425,"@115873 my buddy left his phone in his uber and every option your website gives to get it back says go through the app, but he can’t because he doesn’t have his phone. He tried going through your website and putting my number in, but it wants a verification code from his phone.",@259941 Due to our privacy policy we're not able to address these concerns over social. Please have the account holder (or the person you're writing in for) contact us at https://t.co/zUe0dj6yoX so we can assist them further. Please let us know if you have any other questions.,Sun Dec 03 17:03:51 +0000 2017,lost_item,
2385612,"@115873 hi, can now confirm an @318552 driver is avoiding my Messages and calls to bring back a forgotten Iphone support is useless here",@687558 Sorry to hear about the trouble! Please DM us the email address linked to your account so we can connect further.,Fri Oct 20 10:31:38 +0000 2017,lost_item,
667113,@115873 First time with Uber a couple of weeks ago. Driver got further and further away from us. Arrival time kept going up. Cancelled after 35 mins. Still charged £4 for driver who was either lost or had no intention of turning up.,"@547089 We can definitely take a closer look! Contact us here; https://t.co/593jusCquh , so we can help.",Sun Nov 26 07:03:10 +0000 2017,lost_item,
769681,"Regret signing the @115873 petition now, driver charged me £40(cash) to get my phone back 👌🏼 #badkarma #uber",@303777 That's definitely not ok! Please reach out to us here so we can help: https://t.co/fS660rQ8NQ,Wed Oct 11 20:56:07 +0000 2017,lost_item,
1768359,Need help changing password on account that the phone number is not the same. @Uber_Support,@531678 Happy to help! Please reach out to https://t.co/zUe0dj6yoX and fill out the 4 boxes at the bottom so we can get in touch.,Tue Nov 07 22:20:03 +0000 2017,lost_item,
1616101,@115877 ended up waiting for an extra 20mins for cold food and had to direct driver by phone for 10mins on international call ..,@495606 We're here to help! Send us a note via https://t.co/OWBkgXcbMl so our team can connect.,Sun Nov 05 13:41:18 +0000 2017,lost_item,
1062227,I swear I think @115873 has lost their minds charging me a wait time for the driver and I was waiting 8 additional mins for him 😡😡,@370806 Oh no! Please send us a note at https://t.co/lyqXfbVdYK and we'll be happy to look into this for you.,Mon Oct 23 13:38:07 +0000 2017,lost_item,
2969577,".@Uber_Support .@819105 I’m receiving text messages from .@115873 asking me to update my account, but I’m not affiliated to Uber. Here is the phone number from which they are writing +1(903)201-5205. Please investigate if it’s fraudulent; or, if it is yours, please stop","@819104 Here to help! Follow up here; https://t.co/kGIXas5Cxg, and our team will connect right away.",Thu Nov 30 00:21:24 +0000 2017,lost_item,
1911687,"Missed my train because @115873 cancelled, waiting 2 mins max ,left my house as soon as the uber cancelled .... fuming! taxi next time 😡",@569464 Here to help. Send us a note at https://t.co/e8HVorX5rh team can connect.,Sun Nov 26 09:03:37 +0000 2017,lost_item,
1064984,@115873 I lost my phone in uber cab tried reaching the customer care bt the number is switched off can I get the correct customer care number.,@371443 We're here to help! Send us a DM with your email address so we can connect.,Mon Oct 23 14:18:19 +0000 2017,lost_item,
1161802,@Uber_Support We can’t call the uber driver because I lost my phone in the uber which has my info,"@393334 Here to assist, Sarah! Please DM us the email address associated with your account to look further into this.",Sun Oct 15 16:01:51 +0000 2017,lost_item,
508784,@Uber_Support The driver picked someone else up and would not answer the phone when I called several times to fix the issue!,@236852 Here to help. Send us a note at https://t.co/bGbBMJqMgN so our team can connect.,Fri Dec 01 22:15:23 +0000 2017,lost_item,
2369795,@Uber_Support can I just leave you a DM? My iPhone 5 is not getting along with your website too much?,@683886 Happy to further assist you. Can you please send us a DM (direct message) with your email address and additional details?,Tue Nov 14 00:01:29 +0000 2017,lost_item,
1317525,@Uber_Support hi just left phone in uber car. Need for work,@427736 Here to help! Get in contact with your driver here; https://t.co/rOtqyWzf0B,Fri Oct 27 07:51:17 +0000 2017,lost_item,
2908528,@Uber_Support @uber_support @115877 Order #3D50A • 25 November 2017 20:36 #ubereats #uber_support what good is sending a message saying that you sent a message if I can't read the actual message? #WindowsPhone https://t.co/WEo3Lyevzf,@805296 We've responded via DM!,Tue Nov 28 21:56:42 +0000 2017,lost_item,
2746254,"@Uber_Support Is this a joke? Would it be possible to actually respond to the email I already submitted? I’d like to avoid drafting this for a third time. Generic emails are super easy, customer service is a lost art form apparently? https://t.co/9eQc9U2hNA",@769044 We're here to help! Send us a DM with your email address so we can connect.,Mon Nov 20 22:37:24 +0000 2017,lost_item,
373980,"@115873, when I try to type in my phone number to get in touch with your driver about my lost phone, all I get are ""+_1s."" Please advise","@170614 Hi, Monica. Please follow up with your in-app support/email thread directly.",Sun Oct 08 22:12:55 +0000 2017,lost_item,
1775109,@Uber_Support You're over two weeks late. Speaking to attorney tomorrow. Have been emailing all bs from Uber I want to speak to someone on the phone,@533452 We're here to help! Send us a DM with your email address so we can assist.,Wed Nov 08 03:43:04 +0000 2017,lost_item,
2529772,@Uber_Support Such a big co. but dey are unble 2 find my lost receipts. Now dey r nt replying bcz dey dnt have the receits. Plz dnt use uber,"@549416 Sorry to hear about the troubles, Tarun. A member of our team is reviewing your inquiry and will be following up shortly.",Mon Oct 30 07:32:46 +0000 2017,lost_item,
1620768,@115873 @Uber_Support @132444 Whom should I contact to get my money back. I lost my money. neither paytm or uber are responding #pathetic https://t.co/p9MvTrBCjr,@479506 We're currently reviewing your email and will be in touch shortly. We appreciate your patience!,Sat Nov 04 03:21:08 +0000 2017,lost_item,
2866553,"@Uber_Support posting on behalf of a friend, she’s left her phone in an uber. Also unable to signin through the browser as it asks for a sma verification. Need urgent support","@796157 Here to help! Due to our privacy policy, we will have to speak directly to the account holder. Please have them contact us via https://t.co/rOtqyWzf0B",Tue Nov 28 00:42:39 +0000 2017,lost_item,
662854,@Uber_Support We’ve spoken with and left second message for driver already through the lost item feature. It’s been about an hour and a half without any response. We know it’s a hassle for him.,@277922 Here to help! Please send us a DM with your email address with details so we can follow up.,Thu Nov 23 01:52:32 +0000 2017,lost_item,
2855835,@Uber_Support Colleague has a new phone with a new phone number but Uber says that the phone number is already in use. He tried to submit the form on the Uber support page regarding that phone number and it won’t submit (error). Need help!,@793804 Due to our privacy policy we're not able to address these concerns over social. Please have the account holder (or the person you're writing in for) contact us at https://t.co/zUe0dj6yoX so we can assist them further. Please let us know if you have any other questions.,Mon Nov 27 20:54:32 +0000 2017,lost_item,
2637062,I don’t have time today. I’m willing to find my to Delaware and still he doesn’t have time. @115873 so what shall I do about this. I understand it is policy to return the item to the person who lost I️t but in this case I can’t wait that long,@744307 We're here to help! Send us a DM with your email address so we can assist.,Fri Nov 17 20:16:09 +0000 2017,lost_item,
1054222,"@Uber_Support App shows my Acct Needs Attention &amp; contact support. ""CONTACT SUPPORT"" button on app does nothing. Profile shows nothing. Lost","@164879 We've responded via DM, please check your messages. Thanks!",Sat Oct 14 19:02:02 +0000 2017,lost_item,
1700879,@115873 I lost my phone and THERE IS NP WAY TO CONTACT YOU. Such a bad customer service I am soooo disappointed!,@515750 We apologize for the trouble! Get in contact with your driver here: https://t.co/rOtqyWzf0B,Sat Oct 28 22:47:39 +0000 2017,lost_item,
134435,Dear @115873 Would you mind showing an ounce of interest in driver competence ? Stopping a car in the road with no indication to fiddle with your phone is not only dangerous but illegal in the UK,@146298 You can also connect with us at https://t.co/WJwfIOUMKA and no specific trip identifications will be necessary.,Fri Nov 24 08:32:20 +0000 2017,lost_item,
1924695,@Uber_Support we think my fiancé has left his phone in the car. How do we check if we have no acess to the app?,"@572890 Due to our privacy policy, we will have to speak directly to the account holder. Please have them contact us via https://t.co/rOtqyWzf0B.",Fri Oct 27 12:54:48 +0000 2017,lost_item,
300174,"@Uber_Support my Uber driver keeps getting further and further away, instead of coming towards us. Won’t answer phone. Been waiting 15 min.","@187583 We're sorry to hear this was your experience! Send us a note here, https://t.co/e8HVorX5rh, and our team will be in touch.",Fri Oct 06 20:23:01 +0000 2017,lost_item,
1380720,Winnipeg totally does not need #Uber waiting 45 min for someone to answer the phone is totally acceptable. #Unicity #Duffys,@441390 We're sorry to hear this was your experience. Contact us via https://t.co/e8HVorX5rh and we'll be in touch.,Sat Oct 28 04:19:21 +0000 2017,lost_item,
1459252,hey @116276 we love the idea of @115873 but your driver stole my phone this morning and turned it off so i can't track it..hold him accountable,"@458051 We're currently looking into this for you, Edward! Please hang tight and keep an eye out for an update.",Thu Nov 02 20:27:38 +0000 2017,lost_item,
104064,@Uber_Support That is not the problem. This is a problem with how voiceover (a screenreader for iPhone) works with the app. uninstalling the app won't fix it.,@138936 If you send us a note at https://t.co/balq3Eyso6 we'll be able to look into the issue further and provide more information for you.,Wed Nov 29 20:06:18 +0000 2017,lost_item,
121573,"@Uber_Support @116288 I want to check if my grey Iphone 6S got left in my uber. My driver isn't picking up. I've been calling since 30 minutes. My pick up was from Shangri-la, Ashoka Road, Delhi about 40 minutes back to Vasant Kunj.",@143070 Here to help! Please send us a note via https://t.co/rOtqyWzf0B so our team can connect.,Thu Nov 23 23:53:01 +0000 2017,lost_item,
1174037,@115873 a driver stole my phone. I reported it to uber 3 times. I’ve had to make a police report. Why haven’t you done anything????,@375486 We apologize for the trouble! Send us a DM with your email address with additional details and we'll follow up.,Tue Oct 24 20:15:52 +0000 2017,lost_item,
2526430,"@115873 Hey I am Pankaj from Kolkata, I have login issue with my mobile number in i-Phone SE since last 3-4 month, in this regard I have approach your support team through mail but no positive support received from your side. Now I am going to mad and very helpless.",@719374 We can definitely take a look! Send us a DM with your email address so we can follow up.,Thu Nov 16 03:34:17 +0000 2017,lost_item,
280238,@Uber_Support forgot my stuff in Uber last sunday.tried to reach the cab driver but he is saying that it's not his cab.please help,"@182789 Happy to help! Please send us a note here https://t.co/VRGZX0s7tO, and we'll reach back out as soon as possible.",Fri Oct 06 09:30:24 +0000 2017,lost_item,
520793,@181680 @Uber_Support True @181680 @Uber_Support @115873 @127960 @3564 @116288 not having phone customer care assistance is best way to lose customers. Hope you think about basic customer service/care strategy,@240228 Hi there! Please write in your suggestion to https://t.co/zUe0djo9gv and fill out the 4 boxes at the bottom so we can get in touch.,Sat Dec 02 04:16:13 +0000 2017,lost_item,
2459259,"@Uber_Support Um, not knowing the password isn't the problem, there isn't anywhere to enter it. Looks to me like someone forgot to add the ""log in"" option?","@141457 Also, if you could specify for us if you're able to enter in your mobile number on the home screen, that'd be great.",Wed Nov 15 06:40:38 +0000 2017,lost_item,
2221412,hey @115873 left my phone in the car - how do i get it back?,@648797 Here to help! Send us a note via https://t.co/Sy2fWIhhC2 to assist you further.,Fri Nov 10 12:10:02 +0000 2017,lost_item,
356484,Buys new phone and is immediately snatched by an uber driver,@200647 Hell - There. We've followed up via DM.,Sun Oct 08 14:09:45 +0000 2017,lost_item,
2511229,"@Uber_Support no pool option showing on my phone, used to 2 days back","@715781 Here to help, Naveen! Send us a note here, https://t.co/u3Myko0L2l, and our team will follow up.",Mon Oct 30 04:58:26 +0000 2017,lost_item,
2133319,@Uber_Support My ride charged me 15 dollars more for 'lost item fee' but I never lost an item in the vehicle or was even contacted by the driver again.,@627696 Hi there! Please send us a note at https://t.co/OhfgxSAY58 and we'll be happy to look into this for you.,Wed Nov 08 20:10:35 +0000 2017,lost_item,
1408257,@Uber_Support I've been trying to change my telephone number for my ubereats account but keep getting an error message. Help!,"@447322 Sorry for the trouble! Send us a note here, https://t.co/NfpT5kgORa, and our team will be in touch.",Sat Oct 28 18:25:57 +0000 2017,lost_item,
295248,@Uber_Support plus you will not let me change phone number to my mobile number and you have an old account I never opened.,"@186322 We'd be happy to help you with your account, Edward. Please send us a DM with your email address so we can further connect.",Thu Jun 15 23:36:29 +0000 2017,lost_item,
2229934,@Uber_Support Hello. I forgot to rate mydriver and give tip. How can i go to that part of the application?,"@650772 Hi Evelyn, here to help! Please visit; https://t.co/M1RhRwgiRE for more info.",Fri Nov 10 14:15:50 +0000 2017,lost_item,
2323350,@Uber_Support Uber places phone calls to drivers through Google Hangouts rather than my sim phone service. How do I change this? P,@673166 We're here to help! Please reach out to https://t.co/zUe0dj6yoX and fill out the 4 boxes at the bottom so we can get in touch.,Mon Nov 13 14:00:04 +0000 2017,lost_item,
1204215,Yesterday I legitimately cried cause I ordered McDonald’s thru ubereats and THEM STUPID ASS MFS FORGOT TO GIVE ME MY FUCKIN FRIES!!,"@402888 We're here to help. Send us a note via https://t.co/ILV7P28gPt, and our team will connect.",Wed Oct 25 13:54:45 +0000 2017,lost_item,
1854588,@Uber_Support Sent. I liked Uber Eats as well but now you lost my business..,@554873 We apologize for the trouble! We're currently reviewing your email and will connect right away.,Sun Oct 29 23:14:51 +0000 2017,lost_item,
151662,@Uber_Support hey my wife left her phone in a car last night. Can you assist??,"@150643 Hi there! According to our privacy policy, we will have to speak directly to the account holder. Please have them contact us via https://t.co/rOtqyWzf0B so our team can assist you!",Fri Nov 24 15:27:04 +0000 2017,lost_item,
1766920,"@Uber_Support I'm having trouble with my account, the phone number I registered, I no longer have access to it, I need to change it","@531326 Happy to help! Send us a note here, https://t.co/ACn231rQL4 and our team will follow up.",Tue Nov 07 22:08:41 +0000 2017,lost_item,
1931821,@Uber_Support I need the driver support phone number please. Bad situation.,"@574877 We're here to help. Let us know if you have any specific questions, or visit our help site at https://t.co/zUe0dj6yoX for more info.",Sat Oct 28 16:54:40 +0000 2017,lost_item,
2801561,@115877 WHY IS YOUR APP NOT WORKING!!?!?!?! PHONE NUMBER VERIFICATION ISNT WORKING ON YOUR END! IM PUTTING IN THE CODE YOU GUYS SENT AND ITS SAYING YOU HAVE A PROBLEM ON YOUR END! YOUR APP FUCKING SUCKS!,@781538 We're here to help! Send us a DM with your email address so we can assist.,Wed Nov 22 00:28:05 +0000 2017,lost_item,
2937132,@115873 I forgot my phone in an uber and I can't login to my uber any other way cause it wants a SMS verification thingy. So now what must happen? Is my phone gone or what?,@811927 We're here to help! Send us a DM with your email address so we can assist.,Wed Nov 29 11:41:28 +0000 2017,lost_item,
2968439,"@115873 - been waiting almost 30 min for a driver that hasn't moved, won't answer the phone and I will get charged a cancellation fee? How long do I need to wait before it is cancelled???","@818851 Sorry for the trouble! Send us a note here, https://t.co/593jusCquh and our team will be in touch.",Wed Nov 29 23:43:18 +0000 2017,lost_item,
1331314,@115873 you should be able to give people a bad rating for not showing up or answering their phones. This is ridiculous,@430582 Here to help. Send us a note at https://t.co/fS660rQ8NQ so our team can connect.,Fri Oct 27 12:18:39 +0000 2017,lost_item,
697685,I once found a girl's cell phone in an uber. I turned it in and they called me (thinking I was her). Has @115873 called me yet? Absolutely not,@176315 Hey there! We've located your support inquiry. Our team is in the process of reviewing this and will be in contact ASAP.,Thu Oct 05 23:16:32 +0000 2017,lost_item,
1063913,Love that both my @115873 drivers got lost today #greatservice,@371186 We're sorry to hear about your experience! Please contact us via https://t.co/z8NNR56eyf so we can follow up.,Sat Oct 14 22:20:43 +0000 2017,lost_item,
2883042,@115873 Myself Abhishek chaurasia brother of Aditya chaurasia .My brother mistakenly left his phone on uber cab tried calling the driver he said he will return it bt after that he has switched of his off phone n mine also Please help me providing me reg. no of the car details . https://t.co/9RkxEq1KPv,"@799849 Due to our privacy policy, we will have to speak directly to the account holder. Please have them contact us via https://t.co/oY5vj3NqP3",Tue Nov 28 10:01:52 +0000 2017,lost_item,
1179278,"@Uber_Support Hello, I lost my eye-wear glasses in the uber, cant contact the driver, I wrote support messages via the app;PLEASE HELP",@397356 We responded to your DM! Check your inbox for our message.,Sun Oct 15 15:18:07 +0000 2017,lost_item,
2516107,"@115873, my driver hit ""on trip"" before he picked me up (at a location five minutes away from me) and I had to cancel because he didn't actually pick me up. I was charged a cancellation fee almost the amount of my ride. I lost more money and I had to order another ride. Wtf?","@378601 We're happy to help, Aishwarya! A member of our team is looking into this matter and will reach out to you as soon as possible. Thank you for your continued patience.",Wed Nov 15 23:30:39 +0000 2017,lost_item,
1697550,Don’t use @115873. I just called a car and was charged for a trip we didn’t take. Profile was blank. Phone number was a burner. #UberHack,@514920 Here to help! Send us a note here https://t.co/1xM0TILvAI so we can assist.,Sun Nov 26 05:01:09 +0000 2017,lost_item,
2923019,"@115873 ETA is never accurate, drivers always cancelling or not answering the phone. I’m tired.",@808909 Sorry to hear about your experience. Send us a note at https://t.co/593jusU1lP so our team can connect.,Wed Nov 29 02:23:53 +0000 2017,lost_item,
2059628,@115873 my friend left his phone in the car last night- help!,"@609128 Due to our privacy policy, we will have to speak directly to the account holder. Please have them contact us via https://t.co/rOtqyWzf0B .",Sat Oct 07 13:05:29 +0000 2017,lost_item,
2129600,@Uber_Support Hey my Uber Eats order was completely wrong. What should I do? I can't find a phone number to call,@626866 We're here to assist. Please send us a note via https://t.co/Tq0sPMsSdu and we'll be in touch.,Sun Oct 29 03:31:24 +0000 2017,lost_item,
922768,@Uber_Support HI I can't change my number on my dubai account which means I can't access my account on my new phone. help please,"@339042 We're here to help, Efty. DM us your current Uber email and phone #, so we can first locate your account. https://t.co/sd7yH5jmbJ",Sat Oct 21 12:14:13 +0000 2017,lost_item,
1086123,@115873 tweeting you because you think refunding the stolen fare is enough. Your driver left my teenage daughter on the street!,@376203 We're here to take a closer look! Please send us your email address so we can connect.,Mon Oct 23 18:23:17 +0000 2017,lost_item,
1308858,@Uber_Support @115873 i left my iphone in in uber in capetown and the drive is not responding. how can i reach uber support?,@231732 Here to help! Please contact us via https://t.co/VRGZX0s7tO so we can assist.,Sat Nov 25 20:52:47 +0000 2017,lost_item,
1016808,"@115877 And counting ... et impossible de cancel via L’Appli : il faut téléphoner, mais personne ne répond au téléphone 🙌 https://t.co/V5ZjeDhnzV",@360578 Oh no! Thanks for bringing this to our attention. DM us your account email along with details for assistance.,Sun Oct 22 21:24:46 +0000 2017,lost_item,
137805,@Uber_Support hello the driver didn't phone me and waited me for minutes and cancelled the order. I really don’t understand why the money have been paid and I didn’t take it ?! https://t.co/o5j9jWXC4z,@147047 We're here to help! Send us a DM with your email address so we can assist.,Fri Nov 24 09:53:42 +0000 2017,lost_item,
555404,@115873 my driver was kind enough to return a lost item but he was unsure that he would be paid the $15 fee. I promised him i would be charged but i want to make sure he gets the $$ and you have no way to contact you guys on your app. Help!,@249678 We're here to help! Send us a DM of your email address so we can follow up.,Sat Dec 02 20:38:47 +0000 2017,lost_item,
520789,"Hey @115877 I couldn't contact my driver because I couldn't change my phone number from my AUS number to my US number, because I couldn't make changes without a verification code... sent to my AUS number which I don't have because I'm not in AUS...not stoked and still hungry",@240227 Happy to help. Please send us a DM of the email address connected to your account so we can further assist.,Sat Dec 02 03:15:49 +0000 2017,lost_item,
677042,"@115873 hi there, i just left my phone in my last ride but i'm travelling in LA and the driver won't have my address, how can i get it back from him?",@281513 Here to help! Find out more about contacting your driver here; https://t.co/rOtqyWzf0B.,Thu Nov 23 06:02:10 +0000 2017,lost_item,
1913993,"@115873 uber hires thief in its company.once my phone was by mistake left in cab , instead of returning the phone , the cab driver switched off the phone and said do whatever you want to do. And he even said that he is doing time pass in @115873",@570121 We absolutely want to follow up right away. Please send us a DM with your email address so we can connect.,Sat Nov 25 14:03:08 +0000 2017,lost_item,
1110962,@Uber_Support we accidentally left a phone in an uber and now we can’t contact our driver. help,@382206 Here to help. A member of our team has followed up via DM.,Sun Oct 15 05:37:18 +0000 2017,lost_item,
1819161,@115873 how do I talk to a human on the phone ? Your customer service is terrible...,@379502 At this moment we don't offer phone support. We're sorry for any inconvenience. Can send you us a DM with your email address so we can help?,Mon Oct 16 15:12:08 +0000 2017,lost_item,
1983144,@Uber_Support Hi there! I DM'd this account with a request for a lost item,"@456875 Due to our privacy policy, we will have to speak directly to the account holder. Please have them contact us via https://t.co/balq3Eyso6.",Wed Nov 01 21:44:43 +0000 2017,lost_item,
941541,@343211 @115873 I had my phone number changed by hackers and I can't retrieve my account so yea @115873 is the worst,@343212 Here to help! Send us a note here; https://t.co/kGIXas5Cxg and our team will follow up.,Sat Oct 21 15:38:20 +0000 2017,lost_item,
1673419,@Uber_Support Why am I being asked to pay a penalty when the uber driver's phone goes off at the pick up but he still drives me and I pay.,"@509213 We're happy to connect, Titus. Please reach out at https://t.co/QsI1vsvcif and a member of our team will be in touch shortly.",Tue Oct 17 13:22:25 +0000 2017,lost_item,
2568573,Crazy @115873 - phone # says to email and hangs up. Email says it doesn’t accept incoming messages. World class support... not. https://t.co/TmtuESKJd8,@585728 We can definitely take a closer look! Please send us a DM with your email address so we can follow up.,Mon Oct 30 15:55:22 +0000 2017,lost_item,
1326221,@Uber_Support She got the phone thanks!,@429440 Perfect! We are glad that you were able to get in touch with the partner. Have a wonderful week.,Mon Oct 16 05:24:26 +0000 2017,lost_item,
2056677,when an @115877 driver curses you out for getting lost and you just say sorry and cry into your now cold pad thai,"@608250 We're ready to look into this, Catherine! Please DM us the email address linked to your Uber account and more details so we can connect.",Fri Oct 06 20:25:38 +0000 2017,lost_item,
945639,@Uber_Support how do we contact someone about lost &amp; found?,@344234 Please visit https://t.co/QjlgyfYCuh to learn more.,Fri Oct 13 21:15:04 +0000 2017,lost_item,
1405541,@115873 my uber account has been blocked and now forgot pass Link is not working. Even I entered the otp received at my mob no. For pass reset,"@405290 We can definitely take a closer look! Contact us here; https://t.co/Md7v036OoC, so we can help.",Sat Oct 28 18:06:19 +0000 2017,lost_item,
141528,stupid @115873 driver.. cancelled my ride just bcos he couldnt find my pick up place and when he's already on the phone with me. WTF dude 🖕🏻,@147929 We're here to help! Send us a note via https://t.co/593jusCquh so our team can connect.,Fri Nov 24 12:08:37 +0000 2017,lost_item,
2975019,"I booked the cab via uber on 28/11 at 8.07am via uber no-9437079203.I got the cab( -MH 14 CX 2549) .I put the mobile in charging. I forgot to collect it. I called the driver, Driver denied and block all the numbers. @115873 @116288 https://t.co/MN2hFWatbo",@820483 So sorry about that! Send us a note via https://t.co/oY5vj3NqP3 so our team can help.,Thu Nov 30 02:34:07 +0000 2017,lost_item,
164284,"@115873 @Uber_Support What bullshit this?😡🤬. My phone legit went off by the time the driver arrived, and I didn’t even take the trip but.. no, I want my cash back😕😏 https://t.co/cwcBr7Dk5K",@154055 Here to help. Kindly send a note at: https://t.co/e8HVorX5rh so we can connect.,Fri Nov 24 19:40:37 +0000 2017,lost_item,
1426798,@Uber_Support a cousin forgot her phone in cab n seems driver switched it off Please help,"@451450 Due to our privacy policy, we will have to speak directly to the account holder. Please have them contact us via https://t.co/QDn91HzZV0",Thu Nov 02 05:03:38 +0000 2017,lost_item,
595111,"@Uber_Support so my apps keeps calling Ubers that I did not order, restated my phone, deleted the app. Still calling rides please help! #P.S I've been charged $5 for a ride I didn't call or take. This is the second time 🤔😩","@261004 Here to help! Send us a note here, https://t.co/kGIXas5Cxg and our team will follow up.",Sun Dec 03 18:52:16 +0000 2017,lost_item,
941088,"@Uber_Support awaiting a callback from someone to reactivate. Telephones may be old school, but I would love to get this sorted.","@343097 Happy to help, Bill. Please send us a DM with your account email address + details and we'll be in touch.",Wed Oct 11 03:00:03 +0000 2017,lost_item,
629831,@115873 need help changing my phone number on my account. Can’t log in because of the two part verification. It keeps trying to sms my old number. Please help.,"@269213 Sorry for the trouble! Send us a note here, https://t.co/dwDjAokZht and our team will be in touch.",Wed Nov 22 15:52:01 +0000 2017,lost_item,
1133742,"@Uber_Support I have raised in-app help 15 hours ago to update my phone number, but no one has responded yet... Please can you help...","@387141 Hi there, Aniket. Please send us a DM with your Uber account email, and we will check on the status of your support inquiry.",Sun Oct 15 10:25:55 +0000 2017,lost_item,
6979,".@Uber_Support Thanks to your AMAZING customer service, you have just lost 2 customers who have spent nearly $1500 this year. GREAT WORK!",@117202 We're here to help! Send us a DM with your email address and more details so we can follow up.,Tue Oct 31 23:12:45 +0000 2017,lost_item,
496109,@Uber_Support how do I go about getting my money back for something that didn’t come? You cancelled my order after an hour of waiting but still charged me via PayPal a few hours later? And the woman on the phone hung up on me.,"@233335 Here to help! Send us a note here, https://t.co/P4hKbfQBbP and our team will follow up.",Fri Dec 01 17:59:30 +0000 2017,lost_item,
2371535,"@Uber_Support I have a Windows Phone, with windows 10 mobile. I want drive with my cellphone. Why you don’t make an app for this SO?",@684263 Here to help! Please send us a note at https://t.co/jjOMGmmMC9 and we'll be happy to look into this for you.,Tue Nov 14 00:27:56 +0000 2017,lost_item,
1415053,Man @115877 forgot our drinks :/,@448852 Here to help! Send us a note here; https://t.co/ILV7P28gPt and our team will be able to assist!,Sat Oct 28 19:14:46 +0000 2017,lost_item,
2598594,"@115873 GPS is not an accurate system to do all that with. Drivers get confused, lost, etc.",@735698 Hereto help. Please send us a DM of the email address connected to your account and more details so we can further assist.,Fri Nov 17 05:36:06 +0000 2017,lost_item,
2221216,@115873 how can I continue my account with uber with my new phone. When I put in my email address the app informs me that it's already registered. Well of course it is and I want to continue to use it. Please help!,@648752 Here to help! Send us a note via https://t.co/mSBDsMUeID and we'll be in touch.,Fri Nov 10 13:37:04 +0000 2017,lost_item,
1413626,"@Uber_Support I think I left my phone in a ride last night, but my phone is dead. How do I contact the driver?",@448519 Find out more about contacting your driver here; https://t.co/2lBRkEYOyB.,Sat Oct 28 19:04:03 +0000 2017,lost_item,
1818788,@Uber_Support My phone is dead and i don't have the charger! Driver must have called! What do i do?,"@546308 Sorry to hear about the trouble! If you didn't receive your order, please DM us your Uber account email address so we can sort this out.",Mon Oct 16 12:16:24 +0000 2017,lost_item,
1058566,Fuck you @115873 I'm a fucking driver and I tried to cash out on my girls phone and it disabled instant pay and I can't call ya'll because,@320283 Sorry for the trouble! Can you please send us a DM with your email address and details so we can connect?,Fri Oct 13 05:54:54 +0000 2017,lost_item,
19723,@Uber_Support I am traveling overseas and had to get a new phone.....now cannot open the app because it keeps sending a verification code to my US phone what is not roaming.....am in Australia presently --but cannot use uber,@172092 Happy to help. Please send us a note at https://t.co/7noMs7ap6M for further assistance.,Wed Oct 04 09:56:55 +0000 2017,lost_item,
743517,I'm actually going to miss my train because my @115873 driver is lost... and I got the uber an hour in advance. Nice 😀,@297780 We're here to help! Send us a note via https://t.co/e8HVorX5rh so our team can assist.,Wed Oct 11 15:46:03 +0000 2017,lost_item,
2732991,@Uber_Support Filled up your contact form for your executive to call me regarding my university travel needs. I called in your no at 2233992233. Mr Sunil picked up the phone and gave no information. Even he gave false information. Plz contact.,@766060 Here to help! Please send us a DM with your email address so we can connect.,Mon Nov 20 15:58:43 +0000 2017,lost_item,
328575,"@Uber_Support I got another cancellation last night because you guys sent me to a restaurant that was closed, phone support was no help",@194346 Sorry to hear about the trouble. Please DM us the email address linked to your Uber account and we'll follow up.,Sat Oct 07 16:47:18 +0000 2017,lost_item,
554116,"@Uber_Support Super frustrated. My account was hacked in the past and I cannot change profile information because the phone number Uber uses to confirm the changes is for whoever had hacked my account. Uber, please help. I know you hate talking on the phone but it would help now","@249289 Hi, Brennan! Here to help. Send us a note here; https://t.co/kGIXas5Cxg and our team will follow-up.",Sat Dec 02 19:58:01 +0000 2017,lost_item,
954280,@Uber_Support why i pay canclation fee. I have operation on 5th oct.I am allready waiting 20 min more. And driver phone is not working. Help,"@346428 Happy to help. Please send us a note here https://t.co/QsI1vsvcif, and we'll be glad to research this and reach back out.",Wed Oct 11 11:33:17 +0000 2017,lost_item,
1838256,@Uber_Support My email has changed but my phone number hasn't. How do I fix that?,"@551013 Happy to help, Lexy. Can you please send a note our way via https://t.co/qHlZSjDE9L? From there a member of our team will be in touch.",Wed Oct 18 17:17:11 +0000 2017,lost_item,
648615,@Uber_Support is multiple destinations feature available in Johannesburg South Africa? Can't seem to get it right on app on Windows phone,"@274149 Here to help! Follow up here; https://t.co/SjsQQ8ofRq, and our team will connect right away.",Wed Nov 22 19:05:21 +0000 2017,lost_item,
1608478,"@1582,my name is LaVonda Hobson,I've lost my phone and can't remember password to set account up on another phone.please help",@493927 Hello Lavonda! Our team is reviewing your email now and will be in touch. We appreciate your patience.,Sun Nov 05 09:32:17 +0000 2017,lost_item,
605276,"@Uber_Support Help! Changed phones, locked out. Handicapped, need services!",@263862 Here to help! Send us a note here; https://t.co/epjfBJANVY and our team will be able to help.,Wed Nov 22 10:35:33 +0000 2017,lost_item,
754664,@115873 I keep getting confirmation codes this morning from 827-222 but I haven't ordered an Uber…Can someone be using the same phone# as me?,"@300402 We can definitely take a closer look! Contact us here; https://t.co/kGIXas5Cxg , so we can help.",Wed Oct 11 15:15:59 +0000 2017,lost_item,
1119031,"@Uber_Support @384020 As a first step, why not make cameras and microphone mandatory in your network","@384029 We appreciate you bringing any and all feedback to our attention. Please follow up here; https://t.co/balq3Eyso6, so we can connect.",Sat Oct 14 17:41:09 +0000 2017,lost_item,
2416422,@115873 My friend forgot her bag yesterday after the guy told us we are overload. So he cancelled the trip. I need his contact details,@694471 Here to help! Please send us a note at https://t.co/lyqXfbVdYK and we'll be happy to look into this for you.,Sun Oct 29 08:40:59 +0000 2017,lost_item,
2575443,"It’s been 26mins since my first tweet to @116288 regarding the driver caught on camera sleeping on the wheel, but no response through Twitter nor a phone call. @Uber_Support","@730308 That is absolutely not OK. Go ahead and DM us your account email along with a few details of your issue, and we'll take a look. Thanks.",Thu Nov 16 20:47:28 +0000 2017,lost_item,
930726,@Uber_Support I need an email or phone number to see about a discounted fare from a ride I had in New York. I don't want a full refund,@340781 Hey Mike! We can certainly look into this for you. Can you provide your account email and more details of the trip in question?,Mon Oct 16 14:28:13 +0000 2017,lost_item,
645074,I end up deleting @115877 on my phone and the next day my debt card is hacked!! From people in London 🤬,@271365 We're here to help! Send us a DM with your email address so we can connect.,Wed Nov 22 17:57:18 +0000 2017,lost_item,
2286049,@119720 just a FYI I’m not paying for this ride I’m currently on drivers phone died and didn’t bother to tell me untill we got lost 1/2,"@664293 That doesn't sound right! We've followed up via DM, so please check there for updates.",Thu Oct 19 19:03:04 +0000 2017,lost_item,
289597,"@Uber_Support If I have the driver phone I was issued a couple years ago, can I return it &amp; get my deposits credited back to my acct?","@185011 We're happy to help, Chris. Please send us a note at https://t.co/ypQRPzF1V4 so we can connect.",Mon Oct 02 15:00:27 +0000 2017,lost_item,
2378338,"@115873 Here's the photo, by the way, after ignoring all 37 of my phone calls https://t.co/QCUHBGF1mY",@685902 Here to help! Send us a note here https://t.co/e8HVorX5rh so we can further assist.,Tue Nov 14 03:40:45 +0000 2017,lost_item,
2179831,@Uber_Support can't get request on my phone but the map shows it is busy. What's up ?,@638799 Here to help! Send us a note here; https://t.co/xMxswVLBKT and our team will be able to assist!,Sun Oct 29 04:21:26 +0000 2017,lost_item,
1117234,Swear to god I hate @115877... left my damn fries and coke.,@383617 Let us look into this! Please send us a DM so we can connect. https://t.co/sd7yH5jmbJ,Sun Oct 15 06:49:12 +0000 2017,lost_item,
2505132,@Uber_Support i left my phone in a car and i cant sign in with two factor auth... WTF help,@714372 We apologize for the trouble! Send us a DM with your email address and we'll connect.,Wed Nov 15 21:03:07 +0000 2017,lost_item,
594042,@Uber_Support I have lost my phone. I can't login to my account (due to 2FA) and I need to contact the driver about whether the phone was left in the vehicle.,@260700 We're here to help! Send us a DM with your email address so we can connect.,Sun Dec 03 18:16:13 +0000 2017,lost_item,
2438632,@115877 The worst customer support ever. You are telling me my device has been flagged because it's been used to set-up too many accounts. My device is an iPhone X which I've received last week. This is unreal,"@699472 So sorry for the trouble here, Marc. It looks like a member of our team's been in touch and requested additional details. Please be sure to keep an eye on your support thread and follow up with the requested info. Thanks for your continued patience.",Tue Nov 14 19:05:26 +0000 2017,lost_item,
1620711,@Uber_Support I'd just like to talk to someone on the phone. None of the customer service numbers work.,"@496697 Hey, Emily. Our team has followed up through in-app support requesting additional information.",Sun Nov 05 17:39:44 +0000 2017,lost_item,
959746,"@Uber_Support phone app says promo code is only available for ""new users."" I AM a new user, promo was NOT offered when i DLed the app and signed up.",@347713 Can you please send us a DM with the email on your account so we can take a look? We're happy to help.,Sat Oct 21 23:50:41 +0000 2017,lost_item,
1611083,"@Uber_Support Hi, I’ve just upgraded my phone and my Uber Partner app won’t open. Says has to be restored manually. What does this mean?",@494505 Here to help! For more info please visit; https://t.co/n6ZEHTMzP2.,Sun Nov 05 11:27:06 +0000 2017,lost_item,
1763372,"@Uber_Support Please Help! My boss lost an item in Uber during a trip to Seattle. The driver very nicely returned the item to the local support office, but we are in Denver &amp; still have not received it. I have a reference number the driver gave us, can someone please contact me?!","@530513 Appreciate you reaching out, Amber. Please have the account holder follow up with us using this link; https://t.co/qHI8xcWfiW.",Tue Nov 07 20:42:52 +0000 2017,lost_item,
2264128,@115873 last night the driver stole my friend's phone and venmoed himself $300 from her account to his and you call that innocent?disturbing,@659084 We take this very seriously. Please send us a DM with your email address so we can connect ASAP.,Thu Oct 19 18:00:35 +0000 2017,lost_item,
1007184,@Uber_Support I left my keys in an Uber and the driver has no contact info on the app,@358337 Happy to help! Please contact in app support or at https://t.co/rOtqyWzf0B so we can help get it back. Thanks!,Sun Oct 22 15:21:47 +0000 2017,lost_item,
2618434,"@115873 SECOND driver just called my cell phone RUDELY stating “can’t find location”. Told him to cancel, and he nastily says “tell me where it is, I’ll FIND IT”. WTF! #Uber has tried the patience of the WRONG ONE this morning! Taxiiiiiii!","@488069 We're sorry to hear this was your experience. Send us a note here, https://t.co/593jusCquh, and our team will be in touch.",Fri Nov 17 14:26:38 +0000 2017,lost_item,
2819506,"@Uber_Support Yes.! where can i DM send you, can you send me your mail id or phone number or Customer care number ETC, coz there are not option available in Uber App in Help Menu","@785875 Here to help, Rahul. You can send us a DM by going to the following link. https://t.co/sd7yH5jmbJ",Mon Nov 27 07:45:36 +0000 2017,lost_item,
177874,@115873 @119983 Drive name is Raju. His cellphone number is 8008844514,@157902 We're currently reviewing your email and will be in touch shortly. We appreciate your patience!,Sat Nov 25 01:25:20 +0000 2017,lost_item,
1481942,@Uber_Support our driver has gotten lost 3 times on our ride bc the Uber driver app made him take 3 wrong turns. Our fare was absurd.,@464102 Here to help. Please contact us via https://t.co/u3MyknJaaN so we can follow up.,Fri Nov 03 01:53:56 +0000 2017,lost_item,
93819,@Uber_Support Is there a good phone number to contact?,"@136344 At this moment, we don't offer phone support for these issues. If you'd like, you can also DM us with your email address so we can assist!",Thu Nov 30 15:31:58 +0000 2017,lost_item,
1330880,Wow it seems near impossible to set your @115873 account up on a new phone number. Who knew? Another example of a company not wanting your $$,@309323 We can take a look! Send us a note via https://t.co/2GUj1y6rFA so our team can get in touch.,Tue Oct 17 22:45:01 +0000 2017,lost_item,
2909787,@Uber_Support I'm hungry and want to order online but my husband has my phone. My account has 2 step verification - not sure how or why but I'M HUNGRY. Please help!!! https://t.co/COBCbM36Ez,@805576 Here to help. Kindly send us a contact information with email address.,Tue Nov 28 20:57:06 +0000 2017,lost_item,
127222,"@Uber_Support That form requires me to give you some credit card info, and considering that I’ve just been compromised. I️ don’t feel comfortable doing that. Is there another way? Why is it so difficult to find a phone number for Uber?",@144566 We're here to help! Send us a DM with your email address so we can follow up.,Fri Nov 24 03:58:32 +0000 2017,lost_item,
2123746,@115873 All because he parked down the other end of the road and I phoned him 5 times to ask him to drive back as I had 6 bags of heavy food shopping.,@625583 We absolutely want to follow up right away. Please send us a DM with your email address so we can connect.,Wed Nov 08 17:54:42 +0000 2017,lost_item,
1816112,"@116276 my passenger had a fight with his boyfriend over the phone, he rates me 1 star.... uber support only offers apologies.. justice?","@545536 Hey there. Luoi! If you'd like us to follow up on this, or any other trip, send us a DM with the details and we'll be happy to do so.",Mon Oct 16 01:43:32 +0000 2017,lost_item,
297475,"@Uber_Support Karen Allen, I live in Las Vegas, NV. Uber Driver name Victor drives a Lexus RX pick me 10/05/17. Think I left my keys in car","@186860 Hello, Karen. We've followed up with you via DM regarding this matter.",Fri Oct 06 18:56:23 +0000 2017,lost_item,
2104712,"@115873 just lost me for life because of a simple situation where a driver lied, left me stranded and Uber does not care. #ubertrash 0 support",@291671 We see your outreach and a member of our team will be following up via email as soon as possible. We appreciate your patience.,Wed Nov 08 12:09:58 +0000 2017,lost_item,
390827,@Uber_Support Now this is disappointi👏¿ng. I lost an item in the uber cab. No actions are taken for the same . The minimum i expect is call @83505,@208532 Sorry to hear you left something behind. You can get in contact with your driver here; https://t.co/Sy2fWIhhC2.,Mon Oct 09 15:04:56 +0000 2017,lost_item,
2625707,Shocking Sunday night @115877 experience. Driver ran out of juice on mobile and got lost. Food never arrived. No help from @131077.,"@741676 Sorry for the trouble! Send us a note here, https://t.co/nFTc4ODH3P, and our team will be in touch.",Mon Oct 30 23:21:58 +0000 2017,lost_item,
2823402,@115873 your app failed me. Requested a car and it just stopped finding a ride. Now I have to request again and pay a higher surcharge and lost my spot in line. #tired #angry I want to get home. I make you wait and you charge me but I wait and have no recourse.,"@786710 Sorry for the trouble! Send us a note here, https://t.co/CvileMpGPR, and our team will be in touch.",Mon Nov 27 08:44:56 +0000 2017,lost_item,
1906547,why doesn't @115873 have a phone number for customer service? Email's take way to long,"@568063 At this moment, we don't offer phone support for these issues. We're sorry for any inconvenience. Visit this link https://t.co/balq3Eyso6 so our team can assist.",Thu Nov 30 19:48:44 +0000 2017,lost_item,
606278,@Uber_Support I did and they did nothing. Didn’t get a credit. You lost me as a client.,@264085 Sorry to hear about that! Send us a DM with your email address so we can follow up.,Wed Nov 22 11:02:51 +0000 2017,lost_item,
2237815,@Uber_Support phone support is awful I am having an issue getting paid for a promotion told support was going to give bad feedback on Survey so support never released line dead air 58 min,@652568 Here to help. Send us a note at https://t.co/F7yFN7gC20 so our team can connect.,Fri Nov 10 18:08:28 +0000 2017,lost_item,
1457161,"@115873 in Brisbane, attempted to call driver for my phone but no call",@458212 We're sorry to hear this was your experience. Contact us via https://t.co/e8HVorX5rh and we'll be in touch.,Sat Oct 28 20:56:25 +0000 2017,lost_item,
639872,I need some help form @115873 @Uber_Support @116276 I really need to find out about my insulin if the driver can call or text one of my kids about it. I’m sure the driver doesn’t have TTY software set up on her phone and I’m deaf. I wanted more the 48hrs like I was told to do and,"@271774 Sorry for the delay, Sara. Our team is reviewing your email now and will be in touch. We appreciate your patience!",Wed Nov 22 18:57:11 +0000 2017,lost_item,
1415048,@Uber_Support help pls!been trying to get in touch with driver since last night but no call back. Lost bag in the car,@448850 We're here to help! Please send us a note here; https://t.co/rOtqyWzf0B so our team can assist.,Sat Oct 28 19:18:46 +0000 2017,lost_item,
490727,".@115877 This is my wife. She was home sick and went hungry ALL DAY because you failed to fulfill your promise to deliver on my order. I tried to contact support via email, Twitter, phone, in-app. And got nothing but broken promises. #uberscam #uberfail @115873 @Uber_Support https://t.co/3QB8pcaugT",@231890 We're sorry to hear this was your experience. Contact us via https://t.co/nFTc4ODH3P and we'll be in touch.,Wed Nov 22 16:39:44 +0000 2017,lost_item,
265426,@Uber_Support I think I just left my phone in an uber but my internet login won't work and I obv can't contact the driver so I dnk what todo,@179236 Here to help! Send us a note via https://t.co/Sy2fWIhhC2 to assist you further.,Fri Nov 03 06:26:26 +0000 2017,lost_item,
2143526,"I HATE @115877. My delivery guy was here, at my door. I missed his call RIGHT after we got off the phone and then he left. No food for me.",@630208 We're here to help. Can you please send us a DM with your email address so we can look into this?,Wed Nov 08 23:12:19 +0000 2017,lost_item,
2449765,@Uber_Support I left my phone in my Uber ride so I cant verify to get into my uber account,@702117 Here to help! Find out more about contacting your driver here; https://t.co/rOtqyWzf0B.,Sun Oct 29 15:57:59 +0000 2017,account_access,
2346522,"Just love when my @115873 account gets hacked, the password and email changed, $234 in charges on my debit card, and now Uber won’t help me because the email I’m using to contact them doesn’t match my account with them. Awesome.",@678464 We are sorry to hear about this. Can you please provide your account email so we can further connect? We will follow up.,Mon Nov 13 15:57:33 +0000 2017,account_access,
1332472,@Uber_Support Responded again because cannot login via browser. Please help!,@430849 We're here to help. We just sent you a DM.,Mon Oct 16 13:02:55 +0000 2017,account_access,
976248,"@Uber_Support My email was used for someone else's account, and I can't reset the password because the email and site are in russian. Help?",@351539 Happy to help! Please reach out here so we can do so: https://t.co/mSBDsMUeID,Sun Oct 22 01:31:05 +0000 2017,account_access,
2812950,@Uber_Support - I'm receiving unauthorized overseas charges. I've already changed my password 3 times (as you instructed) and my account is still somehow hacked. Please help restore my account and reimburse me for unauthorized fares.,"@784333 We're here to help! Send us a note here, https://t.co/kGIXas5Cxg and our team will be in touch.",Mon Nov 27 01:28:57 +0000 2017,account_access,
703117,@115873 left my phone I️ think in a car but now my phone is off so I️ can’t login into Uber app to contact driver,@287962 Here to help! Kindly send us a note here; https://t.co/rOtqyWzf0B so our team can assist.,Thu Nov 23 17:54:44 +0000 2017,account_access,
2094302,"@Uber_Support hi friends. can’t seem to login on my new phone, not getting an SMS verification code. Please help?","@618773 Happy to help! Send us a note here, https://t.co/dwDjAokZht, and our team will follow up.",Wed Nov 08 06:56:01 +0000 2017,account_access,
266199,@Uber_Support my account was hacked. I changed my password. Is there anything else I should do? Please assist me,@179410 Happy to help! Please reach out here so we can take a deeper look into this: https://t.co/kGIXas5Cxg,Thu Oct 05 22:42:40 +0000 2017,account_access,
168928,@Uber_Support How long is the wait to reset a password. I left my iPhone in my Uber and I want to contact the driver ASAP. URGENT,@155312 Here to help! Send us a note here; https://t.co/rOtqyWzf0B and our team will be able to assist!,Fri Nov 24 21:18:28 +0000 2017,account_access,
1708036,"@Uber_Support can't login today from my computer, 503 server errors what is happening?? i expect more from UBER seriously...","@517583 We apologize for the inconvenience, Sabrina. Our team is aware of the issue, and we're working to get back up and running as quickly as possible. Thank you for your continued patience.",Fri Nov 10 12:42:37 +0000 2017,account_access,
645176,@Uber_Support I left my phone in my ride last night. I can't log in because of 2 factor sending a text to my phone - thoughts?,"@273141 Here to help, Ray! Please send us a DM with your account email address + details and we'll be in touch.",Thu Oct 05 01:16:28 +0000 2017,account_access,
1285743,@Uber_Support I can't log into my account with my number. It says it's associated with another account. How do I log in?,"@420749 We apologize for the trouble! Send us a note here, https://t.co/Md7v036OoC, and our team will be in touch.",Thu Oct 26 18:11:58 +0000 2017,account_access,
123766,@115873 Is it just me or is there no way to change my password without requesting a reset? This is some basic shit. Seems like its been like this for at least 9 months too. https://t.co/dJxHxEKQsN,@143678 Hi there! Please reach out to https://t.co/zUe0dj6yoX and fill out the 4 boxes at the bottom so we can get in touch.,Fri Nov 24 01:02:30 +0000 2017,account_access,
2382602,@115873 it has been a while since I used my uber acct.tried changing my password but it won't accept the new password.please help.,"@686859 We're here to help, Suzette!! Send us a DM with your email address so we can assist.",Tue Nov 14 06:35:35 +0000 2017,account_access,
2229834,@Uber_Support please help me log into my account,@650729 We've been in touch via DM. Please check for updates there. Thanks!,Fri Nov 10 15:06:06 +0000 2017,account_access,
2667723,@Uber_Support i am unable to login my account. Please give a call. The link provided by you didn't help. I have messaged my number,"@740985 At this moment, we don't offer phone support for these issues. We're sorry for any inconvenience. Visit https://t.co/Md7v036OoC so we can assist.",Sun Nov 19 04:48:45 +0000 2017,account_access,
305887,@Uber_Support Thank you but we are in a vicious cycle of uber sending verification code to lost phone (so cannot retrieve). Need a person or email please,"@189042 Here to help, Amanda. Please DM us for detailed instructions regarding this concern. https://t.co/sd7yH5jmbJ",Sat Oct 21 17:03:24 +0000 2017,account_access,
889562,"@Uber_Support I left my phone in my uber, I can't reach out to him because I have 2FA enabled and can't get the code to login...are you able to help?",@331192 So sorry about the trouble! Please send us a DM with your email address so we can connect.,Sat Nov 25 15:34:34 +0000 2017,account_access,
2613379,"@Uber_Support left my phone in my uber last night...how can I get it back? Tried to go via website, but it keeps sending a 'verification code' to my phone... which I don't have! Pls help!!","@738825 We're here to help, Tom. Please send us a DM with your email address so we can connect ASAP.",Fri Nov 17 12:43:47 +0000 2017,account_access,
1240164,"Is @115877 just broken, seems like a high number of users get ""error verifying payment profile""... Tried re-installing, @Uber_Support?",@410896 We're here to help. Send us a note via https://t.co/3eYc7uUEUm so we can help.,Sun Oct 29 21:22:26 +0000 2017,account_access,
2557120,@Uber_Support My iphone fell in the vehicle and I can't report it as lost object because I can receive the SMS to login to the uber app!!!,"@725987 Oh no! We're here to help, Diego. Please DM us the email address linked to your account so we can follow up.",Mon Oct 30 15:31:33 +0000 2017,account_access,
2527118,"@115873 Left my charger in an uber. Am trying to log into my uber account from my laptop but it's a 2 factor authentication, which means it's asking me for the code sent to my phone. But my phone is dead. Options?","@719556 Follow these steps on a desktop: https://t.co/rOtqyWzf0B. For any further assistance, please reach out here: https://t.co/oY5vj3NqP3",Thu Nov 16 03:20:06 +0000 2017,account_access,
2167345,@115877 I have to starve tonight because you guys always have some shitty error dealing with “verify payment information” I hope you have nightmares tonight 😒,@636002 Here to help! Send us a note at https://t.co/3eYc7uUEUm so our team can connect.,Thu Nov 09 08:34:35 +0000 2017,account_access,
711208,@Uber_Support my uber account has been logged out and when I tries to re-log in I couldn't.Kindly advise,@290088 We followed up with you via DM.,Tue Oct 10 19:17:50 +0000 2017,account_access,
1349402,"@115877 Your mobile website is a joke. Can't log in, can't search. If you can't manage the MOST BASIC things...see ya.",@434667 We apologize for the trouble! Send us a DM with your email address and we'll connect.,Fri Oct 27 17:31:03 +0000 2017,account_access,
1060667,"@Uber_Support Hey I need assistance with ""Account disabled"" thing. I can't get to the help site because it won't log in",@370427 We've been in touch via DM!,Sat Oct 14 19:59:04 +0000 2017,account_access,
161368,@115877 I cant use the app its not accepting the verification code https://t.co/KLwUIMitnJ,@153237 Sorry to hear about that! Can you please contact us via https://t.co/dwDjAokZht so our team can connect?,Fri Nov 24 18:31:38 +0000 2017,account_access,
536909,@Uber_Support I am not able to login to my uber app. Have tried multiple times but unable to reset password. Doesn’t send me any text message for verification. Pls help,@244436 Here to help! Send us a note via https://t.co/dwDjAokZht and we'll be in touch.,Sat Dec 02 13:55:19 +0000 2017,account_access,
1581525,@115877 I want to use your app but it will not send me a verification code,@486870 Here to help. Send us a note at https://t.co/OtyWJkxVia so our team can connect .,Sat Nov 04 19:43:52 +0000 2017,account_access,
2885357,"@Uber_Support I can't login; my email __email__. Can you please send password reset link to my email, it keep sending a code to my phone that i dont have","@800313 Hey, Bhuvnesh. We recommend not posting your account info to the public. Please DM us for further instructions regarding your lost phone and account. https://t.co/sd7yH5jmbJ",Tue Nov 28 11:48:29 +0000 2017,account_access,
174205,"@115873 with everyone needing to change their passwords, why isn't this possible on the website? Really sucks updating password managers and such in-app. #sad",@156830 Here to help. Send us a note at https://t.co/bkUdpDezkY so our team can connect.,Fri Nov 24 22:58:02 +0000 2017,account_access,
121584,@115873 changed number u don’t me login and now you Ask me for 2usd? Take a 100! I want my account &amp; service. @115873 you suck!,@143073 We've been in touch via DM!,Thu Nov 23 18:38:20 +0000 2017,account_access,
2429589,@Uber_Support I️ am literally watching someone take rides around London on my account. I’m in New York. I️ve changed my password and can’t delete payment methods. What do I️ do??,@697501 Here to help! Send us a note via https://t.co/kGIXas5Cxg and we'll be in touch.,Tue Nov 14 20:14:53 +0000 2017,account_access,
79320,@Uber_Support WhAt you do not understand I cannot log in to my account so how the hell will I used the in app support . Stupid idiots,"@133604 Thanks for reaching out, Vishaul. A copy of our support messages are also sent to your Uber account email address. You can connect with us there as well.",Thu Nov 30 16:11:23 +0000 2017,account_access,
2429588,@Uber_Support Well you are legitimately not helpful. I️ reset my password 6+ times and would log in to see people still taking rides. I️ had to cancel my credit card and deleted my account. Will never use Uber again. Maybe have some actual customer support?,@697501 We're currently reviewing your email and will connect shortly. Thanks!,Tue Nov 14 21:26:52 +0000 2017,account_access,
2256868,"@Uber_Support Not good. I opened the email, touched on Carlos’ face, it took me to the log in site. That is when I learned it gave a bad rating.",@657294 Oh no! Please DM us the email linked to your account so we can look into this for you. We look forward to your response.,Thu Oct 19 21:47:05 +0000 2017,account_access,
1044561,@115873 Not able to login to my App as it needs an OTP that is being sent to my phone. Could you arrange to contact me # 7708015285,@366972 We have passed this information along to the appropriate team. Someone from that team will be in touch.,Sat Oct 14 19:51:48 +0000 2017,account_access,
1199501,DEAR @115873 I AM TRYING TO LOG into my account TO CHANGE THE PHONE NUMBER BUT I CANT BECAUSE MY PHONE NUMBER IS DIFFERENT... wtf?! UGH,"@401828 Here to help! Send us a note here, https://t.co/RY2a0oDSbF, and our team will follow up.",Wed Oct 25 04:36:52 +0000 2017,account_access,
2422854,"@115877 , how can you not let me log in first, then after much effort accept my order, and when I'm happily waiting my doughnuts, CANCEL IT!! #FAIL #UberEATS #KrispyKreme https://t.co/4WaTujbD8E",@695857 We're so sorry you didn’t get your free Original Glazed Dozen box. Demand was through the roof and stocks ran out. Stay tuned for more fun promotions soon!,Tue Nov 14 15:19:03 +0000 2017,account_access,
1058122,@Uber_Support Sent! The verification code texts kept coming until 5PM yesterday.,@369825 We've sent you a DM.,Sat Oct 14 18:33:26 +0000 2017,account_access,
528351,@Uber_Support can't able to login to my account. Everytime it shows something went wrong..plz try again,@242327 Here to help! Send us a note at https://t.co/BDlHSkcg0K so our team can connect.,Sat Dec 02 08:30:41 +0000 2017,account_access,
2633260,@Uber_Support hey I’m having trouble logging into my account. I can sign in no problem online but when I use the app it doesn’t want to allow me to log in.,@669324 Here to help! Send us a note at; https://t.co/Md7v036OoC so our team can assist.,Fri Nov 17 18:49:20 +0000 2017,account_access,
433252,@Uber_Support help me! I cant do login! Please answer my msg to you! https://t.co/yYbXwmcbR5,@218043 We followed up with you via DM.,Tue Oct 10 16:04:13 +0000 2017,account_access,
1739142,@Uber_Support I cannot log into account The verification code is not sending to my correct cell number 864-367-5005 My email is __email__ Jean,"@524882 Hello! We've reached out via DM with an update on your inquiry, Pete.",Tue Nov 07 16:25:03 +0000 2017,account_access,
2660885,"@Uber_Support unable to login to app, sent messages over https://t.co/0Bk7EPp1gk multiple times, no response yet. Frustrating experience","@749969 We'd be happy to look into this for you, Kishor. Please DM us your Uber account email address so we can connect. https://t.co/sd7yH5jmbJ",Mon Oct 09 19:02:33 +0000 2017,account_access,
1258787,@Uber_Support your eats website has been pain in the @$$..tried 8 cards and u couldn't verify my it.. Had to drive for pick up..,"@303577 Hey, Ashutosh. Please DM us the email associated with your account so we can look into this.",Sun Oct 15 23:34:29 +0000 2017,account_access,
1589795,"@115873 My account has been disabled, I can't log in and I can't get help online because you have to be logged in! Please help.",@488824 We're here to help! Send us a note at https://t.co/Md7v036OoC so we can assist.,Tue Oct 17 08:17:03 +0000 2017,account_access,
2729242,@115873 cant log in my account on your app. what do i do,@765207 Here to help! Please send us a note here; https://t.co/Md7v036OoC so our team can assist.,Mon Nov 20 14:32:26 +0000 2017,account_access,
543092,@uber_Support... unable to verify my number...hence can't use your service..very bad service.. number is active,@246104 Here to help! Please send us a note via https://t.co/dwDjAokZht so our team can connect.,Sat Dec 02 16:08:26 +0000 2017,account_access,
1433787,@Uber_Support Cannot login to account. Any password reset says invalid password at login after it's accepted. Several attempts made.,@452905 We're here to help! Send us a note via https://t.co/7NEPYnmuMH so our team can assist.,Thu Nov 02 13:07:49 +0000 2017,account_access,
2269345,@Uber_Support I keep getting this every time I log into the Driver's App and I've entered this twice at this time. https://t.co/uxjBxNkkrh,@660361 We're here to help! Send us a note via https://t.co/XJy0wStLEj so our team can assist.,Sat Nov 11 12:57:58 +0000 2017,account_access,
2829001,"@Uber_Support @787836 Hi I lost my phone at last uber ride, I tried to contact my driver, butI can't login my account",@787837 We're here to help! Send us a DM with your email address so we can assist.,Mon Nov 27 12:39:02 +0000 2017,account_access,
521759,@115873 @Uber_Support I can't login to Uber app using OTP. No OTP received.,@240467 Here to help! Please send us a note via https://t.co/dwDjAoCA91 so we can connect.,Sat Dec 02 03:55:11 +0000 2017,account_access,
1196376,@Uber_Support I can’t log in to my account,@401103 Here to help! Send us a note via https://t.co/Md7v036OoC so our team can connect.,Wed Oct 25 02:14:50 +0000 2017,account_access,
2937730,@Uber_Support I got a mail to confirm my email id but after this still i m unable to login into my uber account. See the screenshot https://t.co/h85CKNuh0h,"@812061 We're happy to help! A member of our team has reached out. Please reply to them by e-mail to continue communication on this, if you are unable to sign into the app. We also recommend not sending personal info in a public response. You can DM us https://t.co/sd7yH5jmbJ",Wed Nov 29 12:47:04 +0000 2017,account_access,
109112,"@Uber_Support I left my phone in my Uber and my driver had Uber alert me, but your site does not allow me to log in on another device or access help without a phone! Please help me get in touch with the driver!",@140219 We're here to help! Send us a DM with your email address so we can assist.,Thu Nov 23 19:48:41 +0000 2017,account_access,
2888878,"@Uber_Support I rode in uber this evening and left my mobile in the cab, Can someone please assist me, I am not able to report it to Uber via their site, as the ""2 way auth"" to login is asking me to update verification code from my mobile &lt; which is lost &gt;. Quick help appreciated",@801004 Hi there! Here to help! Send us a DM (Direct Message) with your email address and contact info so we can further assist your concern.,Tue Nov 28 13:42:27 +0000 2017,account_access,
571999,@Uber_Support How can I change my phone number as a driver? It was inserted incorrectly and I would like to verify my actual number.,@254400 Here to help! Send us a note via https://t.co/FyHRJ7WgDJ so we can assist.,Sun Dec 03 04:49:53 +0000 2017,account_access,
2489130,@Uber_Support I can't place an order on uber eats because it says 'error cannot verify payment profile'. pls help.,@710809 Here to help. Send us a note at https://t.co/3eYc7uUEUm so our team can connect.,Sun Nov 26 19:06:40 +0000 2017,account_access,
2662444,"@Uber_Support OK, I've reset my password. Now, how can I look up the trips to work out if they are mine or not?",@750370 Write us a message via the previously provided link. A member of our team will follow up as soon as possible.,Tue Oct 31 06:08:37 +0000 2017,account_access,
2177650,@Uber_Support I hadn't given my mail id i logged in through my mobile number but it went on asking email id for password reset can't i get passward on my mobile no,@638287 Hey Amarsingh! Please visit this link for password reset instructions. https://t.co/6wkWDpzGXc. Let us know if you have further questions.,Thu Nov 09 16:26:24 +0000 2017,account_access,
1532579,@Uber_Support cant log in on new device. Keep getting error messages directing me to support. Not able to book a cab,@475361 Here to help! Send us a note here https://t.co/Md7v036OoC so we can assist.,Sun Nov 26 02:41:17 +0000 2017,account_access,
677705,"@Uber_Support having trouble my account, it is saying contact support. i cant log in. My wife recently joined had recently been activated but now she cannot get in say there was a problem. Help please",@281671 Here to help! Please send us a note via https://t.co/epjfBJjd4q so our team can connect.,Thu Nov 23 06:30:16 +0000 2017,account_access,
889648,@Uber_Support - need help getting lost phone back (London) - CANNOT LOGIN TO HELP CENTRE WITHOUT PHONE. Pls assist! x,@330839 So sorry about the trouble! Please send us a DM with your email address and phone number so we can connect.,Fri Oct 20 23:26:13 +0000 2017,account_access,
2213756,@Uber_Support my account has been disabled and I can’t login. I need to request a ride ASAP but email says I have to wait for a rep.. help!,@133526 We can definitely take a look! Send us a DM with your email address so we can follow up.,Fri Nov 10 02:45:34 +0000 2017,account_access,
2379042,"@Uber_Support Just help me get into my account please, i have my password, i don´t have my phone, so i can´t receive sms",@686053 Thank you for reaching out! Send us a DM with your email address so we can follow up.,Tue Nov 14 04:42:53 +0000 2017,account_access,
1458160,@Uber_Support im unable to login i havent recieved the code for the sign in,"@458442 Sorry for the trouble! Send us a note here, https://t.co/dwDjAokZht, and our team will be in touch.",Thu Nov 02 20:27:57 +0000 2017,account_access,
177050,"@Uber_Support Thanks, the problem is that is my wife's phone and she forgot her password :( son with my user I can't access her trip.","@157672 Due to our privacy policy, we're not able to address these concerns over social. Please have the account holder (or the person you're writing in for) contact us at https://t.co/balq3Eyso6 so we can assist them further. Please let us know if you have any other questions.",Sat Nov 25 01:01:20 +0000 2017,account_access,
468270,"@Uber_Support thanks for the link, but it doesn’t explain why it keeps asking me to verify my email, which is preventing me to book a ride. btw, this is my first time to attempt to use Uber",@226499 Here to assist! Please DM us your email address so we can connect. Thanks!,Fri Dec 01 06:35:18 +0000 2017,account_access,
2255888,@Uber_Support I’m just trying to login so I can get a ride and I’m going in circles on the app,@657042 Can you please provide your account email so we can further connect? Thank you.,Fri Nov 10 23:08:06 +0000 2017,account_access,
470943,@Uber_Support hi my wife is unable to verify her mobile number. Please help,"@227124 Due to our privacy policy, we will have to speak directly to the account holder. Please have them contact us via https://t.co/l6QyKGJH6k.",Fri Dec 01 08:04:34 +0000 2017,account_access,
1830828,@Uber_Support not able to login.number is 7045299345,"@549376 Let's take a look, Himanshu. Please reach out at https://t.co/BDlHSjUF9c and we'll follow up.",Wed Oct 18 04:47:25 +0000 2017,account_access,
522655,"@Uber_Support I keep receiving texts and emails asking me to verify my number, but I have done it already when I register my account. How to stop getting them?","@214750 We can definitely take a closer look! Contact us here; https://t.co/J1AzB6VeuZ , so we can help.",Sat Dec 02 04:20:00 +0000 2017,account_access,
1628628,@Uber_Support trying to login through my computer to see if I left my phone in the car last night but am unable to login. any help?,@498558 Here to help! Send us a DM with your email address so we can connect right away.,Sun Nov 05 15:29:25 +0000 2017,account_access,
548649,Yo @Uber_Support I left my phone in my Uber and can't log in to 'track it down' online because it requires an access code sent to my pdone😒,@247688 We apologize for the trouble! Send us a DM with your email address and we'll connect.,Sat Dec 02 18:08:09 +0000 2017,account_access,
2408863,@115873 won't even let me change my phone number so I can login London can burn them down for all I care.,"@692651 Here to help! Kindly send us a note here; https://t.co/Md7v036OoC, and our team will connect right away.",Tue Nov 14 14:48:22 +0000 2017,account_access,
1458137,@Uber_Support can't access my account because it is made with an old phone and I can't modify phone number without verifying with old phone,"@458439 We're here to help! Send us a note here, https://t.co/dwDjAokZht and our team will be in touch.",Thu Nov 02 20:30:44 +0000 2017,account_access,
781306,@Uber_Support It won't even let me log in anymore or make a new one I'm so confused,@306534 We're here to help - DM us the email address linked to your profile so we can follow up with you.,Thu Oct 12 07:05:58 +0000 2017,account_access,
762815,Had to reset @115873 password on new phone to use @115877 but now uber app says my phone and email aren’t associated. Making little sense since that email received the password reset!?,@302280 Let's take a further look into this. Please send us a DM with your email and phone number linked to your account.,Sat Oct 07 11:28:04 +0000 2017,account_access,
106279,@Uber_Support I lost my phone on my last ride.I Can't log into account because its asking for an SMS Code.A code I can't access without my phone.Please help me retrieve my phone.,"@139542 Hi, Juan! Here to help. Send us a note at; https://t.co/rOtqyWzf0B so our team can assist.",Thu Nov 30 18:30:31 +0000 2017,account_access,
1259733,"@115873 please help as i have forgetten my password..every time i put otp,it takes me to ""enter your number"" page...its frustrating..","@133049 Here to help, Arvind! Send us a note here, https://t.co/7NEPYnmuMH, and our team will follow up.",Thu Oct 26 09:01:43 +0000 2017,account_access,
1152855,@Uber_Support I want to delete my Uber account but I forgotten my password..plz help me out,"@391275 Here to help! Follow up here; https://t.co/SjsQQ8ofRq, and our team will connect right away.",Tue Oct 24 16:47:58 +0000 2017,account_access,
1284728,@Uber_Support not rcvg order verify SMS on uberEats. its trying to send to wrong mobile # but acct settings won't allow me to update. help,@420520 Sorry to hear about the troubles. Please send us a note at https://t.co/TsUMCmplvi so we can look into this for you.,Mon Oct 16 02:35:49 +0000 2017,account_access,
1369058,I use uber so much my bank called to verify that someone wasn’t doing fraud on my acct. @115873 y’all tryna give me a discount for my loyalty?,@438666 We apologize for the trouble! Send us a DM with your email address and we'll connect.,Fri Oct 27 22:34:44 +0000 2017,account_access,
1419175,"Security is important, @uber_support. We'd like it if you supported two factor auth. https://t.co/LLYP5Ugddf #SupportTwoFactorAuth",@176021 Here to help! Connect with us through https://t.co/zUe0dj6yoX and we'll be in touch.,Wed Nov 01 23:08:33 +0000 2017,account_access,
1923655,@Uber_Support Lost my phone in Uber. Unable to contact the driver. Cannot log in to my account. Help,@572586 So sorry to hear that! Please sign in via the following link on a laptop or PC to connect with your driver: https://t.co/rOtqyWzf0B.,Fri Oct 27 08:46:53 +0000 2017,account_access,
1346519,Any leak happened at @115873? They have randomly reset my password and sent me an email.,@434000 Happy to take a closer look. Connect with us through https://t.co/kGIXas5Cxg and we'll be in touch.,Mon Oct 16 13:53:06 +0000 2017,account_access,
935981,@115873 @Uber_Support isn’t any contact info on your site - trying to locate a lost phone Web login requires phone 2-factor authentication,"@341896 Hey, Clara. Please DM us your account email address and trip details so we can better assist. https://t.co/sd7yH5jmbJ",Sat Oct 21 15:45:39 +0000 2017,account_access,
2600947,@Uber_Support Done. Just need a ride home. No idea why I am not getting your texts to verify the phone. But as it gets later chances of someone being around get slimmer.,@736210 We're here to help! Send us a DM with your email address so we can connect.,Fri Nov 17 07:25:49 +0000 2017,account_access,
1240225,"@115873 hi guys, a phone was left in one of your cars last night. I'm unable to log into my account due to two factor security. Please help.",@410912 Here to help! Find out more about contacting your driver here; https://t.co/rOtqyWzf0B.,Sun Oct 29 19:51:17 +0000 2017,account_access,
591408,@Uber_Support my friend lost his phone in an uber but because of two-factor authentication he can’t log into his account. How is he supposed to get help?!,@259936 Due to our privacy policy we're not able to address these concerns over social. Please have the account holder (or the person you're writing in for) contact us at https://t.co/rOtqyWzf0B so we can assist them further. Please let us know if you have any other questions.,Sun Dec 03 17:11:03 +0000 2017,account_access,
1149002,@Uber_Support Its been 24 hrs after submitting to your contact team.. nothing has changed till now.. not able to login..,@390395 Hi there! It seems a member of our team has reached out to you. Please check your email and follow up with them there. Thanks.,Wed Oct 25 17:11:52 +0000 2017,account_access,
1724490,@115873 @Uber_Support I ask for password recovery. Nada. Then I check my spam folder. @115873 @Uber_Support https://t.co/LAW2NE3WtH,@521592 Here to help! Please send us a note at https://t.co/mSBDsMUeID and we'll be happy to look into this for you.,Tue Nov 07 04:01:54 +0000 2017,account_access,
157834,@Uber_Support i need help accessing my account.. ive done everything possible on your uber website.. My account has a two step factor on the account.. which sends the verification code to my old phone number which i have NO ACCESS too. HELP,"@152269 Hi, Breanna! Here to help. Kindly send us a note at; https://t.co/Md7v036OoC so our team can assist.",Fri Nov 24 17:48:11 +0000 2017,account_access,
2058851,@115873 Hey Hi can't login trying from last 6month but can't get through want to change my number and mail id i forgot so let me know,"@608924 Hello Sadik, here to help. Send us a note athttps://help.uber.com/h/53cf8809-a0fc-4856-8706-de637266d4f3 so our team can connect.",Sat Oct 07 06:22:28 +0000 2017,account_access,
2309950,@Uber_Support As im writing this message a stranger just logged into my account and requested a ride,@669951 Hey there! We've just followed up with you via DM.,Fri Oct 20 03:51:11 +0000 2017,account_access,
939498,@115873 Is there for real no way to change your password on neither the website or the app?,@342705 We're here to help! Simply visit this link: https://t.co/ACn231rQL4 to find out more about how to change your password or update your account.,Sat Nov 25 16:28:02 +0000 2017,account_access,
1863897,@Uber_Support I again gotta request for change in password for my old account. I have changed my email ID as you said but again it's happn,"@556896 Let's take a closer look, Ashley. DM us the email address connected with your account profile, so our team can look into this further.",Fri Oct 20 13:34:03 +0000 2017,account_access,
2418120,@Uber_Support account hacked last night and has been charged. Password changed but how do I report it. Website just says change password.,@511755 Here to help! Send us a note via https://t.co/J1AzB6DDDr to assist you further.,Sun Oct 29 11:09:02 +0000 2017,account_access,
1489192,@Uber_Support Immediatly after I reset my password it tells me that the password is wrong - as if it's not registring the password change.,@465883 Here to help! Send us a note via https://t.co/IoAe3kNwY9 to assist you further.,Fri Nov 03 08:39:50 +0000 2017,account_access,
2652789,@115873 really upset with my inability to log into my own account and contact my uber driver.,@748119 We're here to help! Send us a DM with your email address so we can assist.,Sun Nov 19 07:49:31 +0000 2017,account_access,
2379051,@115873 Can someone please assist me? I’m trying to reset my password and am not getting any help. My email is __email__,@686056 Sorry to hear about the trouble! Please send us a note here https://t.co/IoAe3kNwY9 and a member of our team will be in touch asap.,Tue Nov 14 03:12:30 +0000 2017,account_access,
86305,@Uber_Support not able to reset password through app and web interface. Please help !,"@134843 Send us a note here; https://t.co/Md7v036OoC, and our team will be able to help!",Tue Nov 28 11:56:38 +0000 2017,account_access,
1273690,@Uber_Support that doesn't work because I can't log in. Says acct is disabled. Email gets sent and says to verify but email isn't recognized,"@418138 Happy to help. Please go here https://t.co/kGIXas5Cxg, so we can follow up.",Thu Oct 26 15:41:52 +0000 2017,account_access,
2703089,@Uber_Support someone else is taking rides on my employer's account. We will reset the password but can we get refunded on these unsanctioned charges??,"@759250 Due to our privacy policy, we will have to speak directly to the account holder. Please have them contact us via https://t.co/kGIXas5Cxg.",Wed Nov 08 16:00:40 +0000 2017,account_access,
419248,. @115873 sucks...not sending email verification code... not sending mobile verification code..was in a hurry and it let me down @Uber_Support,"@214988 We'd like to look into this, Vinay. Please DM us the email address linked to your account and we'll follow up.",Tue Oct 10 02:50:59 +0000 2017,account_access,
733593,I’m tryna figure out why @115873 won’t let me verify my number when it’s already in the data base but yet I can’t get a ride 🤦🏾‍♂️,@295556 Sorry to hear about the trouble! Send us a note here; https://t.co/dwDjAokZht and our team will be able to assist!,Fri Oct 06 19:35:30 +0000 2017,account_access,
1373318,@Uber_Support This is so f’d up. Your password reset is flawed. Can I get some support. Trying to use service but app is preventing me.,@127905 Here to help! Send us a note here: https://t.co/7NEPYnmuMH and our team will be in touch.,Sat Oct 28 00:11:54 +0000 2017,account_access,
563439,@Uber_Support HELP! I left my phone in my uber just now. I can't log into my account and I need to call my uber now before it's too late - PLEASE HELP,"@251922 Here to help! Send us a note here, https://t.co/rOtqyWzf0B, and our team will follow up.",Sat Dec 02 23:49:07 +0000 2017,account_access,
2575432,"@Uber_Support i need assistance for editing my profile, it won't let me insert my phone number that I need to log in with on the app",@730306 Here to help! Send us a note via https://t.co/RY2a0oDSbF so we can connect.,Thu Nov 16 20:41:03 +0000 2017,account_access,
2150043,"WHY @Uber_Support @115877 signed in in new phone, and cannot get the code to verify https://t.co/MgTtF9qYfS",@548732 We're here to help! Send us a DM with your email address so we can follow up.,Thu Nov 09 00:44:32 +0000 2017,account_access,
1379674,@441179 and I HAD TO RESET MY PASSWORD AND UPDATE THE DAMN APP @115873 WTF,@441179 We're sorry to hear this was your experience. Contact us via https://t.co/e8HVorX5rh and we'll be in touch.,Sat Oct 28 03:45:32 +0000 2017,account_access,
2371531,@Uber_Support I've tried this like I did mention five times it changed my password and I can further login to my account in that same Web page but same credentials are not acceptable by your app,@684262 We're sorry to hear this was your experience. Please send us a DM (Direct Message) with your email address with details so we can follow up.,Tue Nov 14 00:39:16 +0000 2017,account_access,
572637,@115873 how exactly can I update my phone number? Can't find a way to do so and can't log into my account because of it.,@254554 Happy to help! Find out more info here; https://t.co/l7rOGObQxM,Sun Dec 03 05:22:17 +0000 2017,account_access,
1934810,@Uber_Support have a where so drivers verify who’s getting in their car so I don’t have my Uber’s stolen any time it’s busy at my pickup location.,@575681 Hey! Give us the details about your concern over at https://t.co/balq3Eyso6. Once we have this we'll be able to better assist.,Sun Oct 29 05:15:17 +0000 2017,account_access,
1831823,@115877 what is this error verifying payment profile? I just want some better byrd! 😭,@549624 Here to help. Send us a note at https://t.co/3eYc7uUEUm so our team can connect.,Sat Nov 25 22:25:47 +0000 2017,account_access,
2798499,@Uber_Support I have a question about a phone left behind on a ride. Problem is password forgotten and phone missing is the 2 factor device. Can you reach out to me and help to get in touch with driver or reset password?,"@780803 Hello, Greg! We've reached out to the account holder via email support. Please have them respond directly to that message.",Tue Nov 21 22:58:13 +0000 2017,account_access,
2932285,@Uber_Support how is that possible? How was I able to use the service before? How was I also able to reset my password???? __email__,"@806177 We've replied via DM, please follow up there.",Wed Nov 29 09:59:50 +0000 2017,account_access,
2898192,@Uber_Support Hey I can't access my Uber account as I forgot my password. I can't even reset it as Uber is unable to identify my account. Please help,"@802962 Hi, we have followed up with your DM.",Tue Nov 28 17:12:37 +0000 2017,account_access,
2057987,"@Uber_Support I need to log in to my account, but I lost my phone so I can't get the verification code. What can I do? I think I left my phone in an uber last weekend.",@608655 We're here to help! Send us a DM with your email address so we can assist.,Thu Nov 30 23:37:52 +0000 2017,account_access,
1932936,@Uber_Support @115873 help: my friend left phone in the car. She cant login to website due to 2 factor authentication. Is there a UK phone #,"@575193 Due to our privacy policy, we will have to speak directly to the account holder. Please have them contact us via https://t.co/QDn91HzZV0.",Sat Oct 28 20:13:59 +0000 2017,account_access,
474450,@Uber_Support Are you for real? I’m telling you I can’t sign into my account as I don’t have my phone and to log in is asking for a verification code that has been sent to my phone! Give me my phone back!,@227917 We're here to help! Send us a DM with your email address so we can follow up.,Fri Dec 01 10:05:31 +0000 2017,account_access,
543091,@Uber_Support Nope still not able to verify my phone number...it says number in use..I just had changed devices... Please help,@246104 Will you please DM us with your email address associated with your account? We'll look into it.,Sat Dec 02 16:42:26 +0000 2017,account_access,
1186620,@Uber_Support nope this problem of a many many delivers not able to login you need to go public with this and now.,"@141466 So sorry for the trouble! Our team is aware of the issue in Chicago, and we're working to get back up and running as quickly as possible.",Wed Oct 25 00:53:46 +0000 2017,account_access,
539167,I've lost my phone and @115873 won't let me get in contact with them because I don't know my password and they keep sending secure access codes to the phone I have lost :),@245017 Here to help! Please send us a DM with your email address with details so we can follow up.,Sat Dec 02 11:55:51 +0000 2017,account_access,
1286534,@115873 @420908 @1562 Not able to log in to desktop site also.can uber help to get invoice as her registered mail is is __email__.,@420907 Please have your wife send us a note using the following link and a member of our team will follow up - https://t.co/BDlHSjUF9c,Thu Oct 26 17:12:05 +0000 2017,account_access,
844382,"@Uber_Support hi, lost phone in uber in Guildford UK, can't sign on to Uber web without two factor auth... sent to my phone. Plz advise, ty","@320745 Hi there, Richard. Please send us a DM with your Uber account email, and we will look into this for you.",Fri Oct 20 14:04:29 +0000 2017,account_access,
2094144,@115873 not able to book cab through uber app but from tapzo m able to book. Both login from same number,@145909 Here to help. Send us a note at https://t.co/xMxswVLBKT so our team can connect .,Wed Nov 08 10:39:42 +0000 2017,account_access,
153019,@Uber_Support Says I need to log in? Not sure what website that is?,@151013 Sorry for the confusion here. Kindly send us a note here; https://t.co/sYfnwE7umI and our team will connect to assist you further.,Fri Nov 24 16:00:31 +0000 2017,account_access,
1548048,@Uber_Support trying to order food and I can't !! I'm hungry !! Keeps saying error verifying payment method 😤,@479256 We're sorry to hear about this. Sign in and visit us at https://t.co/PwMnPVp5yK so we can look into this for you.,Tue Oct 17 00:04:13 +0000 2017,account_access,
1705455,@115877 hey my account keeps disabling as Intry to use the app. My debit or credit card keeps dying verify error also,@516925 Here to help! Please send us a note at https://t.co/nNTmqKFfZd and we'll follow up.,Mon Nov 06 22:08:40 +0000 2017,account_access,
2946112,"@Uber_Support EVERYTIME I TRY AND ORDER LUNCH WITH UBEREATS IT DOES NOT VERIFY MY NUMBER WITH THE VERIFICATION SMS ,AND THEN SAYS ERROR I NEED HELP",@813769 Find out more info about not receiving the SMS to verify your number here; https://t.co/3h8wdQ4EJK.,Wed Nov 29 15:26:12 +0000 2017,account_access,
2582011,"@Uber_Support Hey guys, my account has been disabled for some reason and I can't sign in or reset it. Trouble is my last payment wasn't processed because of this and now I can't log in to pay it. Help! Thx",@731766 Here to help! Send us a note here https://t.co/Md7v036OoC so we can assist.,Thu Nov 16 23:05:00 +0000 2017,account_access,
1540670,"@Uber_Support @115877 It's 9 pm. Been waiting for txt verification code from y'all since 3 pm. Resending is no go. Starving, here.....",@477478 We're so sorry for the trouble. Send us a note via https://t.co/OtyWJkxVia so we can assist.,Sat Nov 04 01:58:14 +0000 2017,account_access,
1157493,@Uber_Support I believe I have DM'ed multiple times. Please check. Logout login done already!,@198731 We've received your DM and a member of our team has reached out. Please review your messages for our response.,Sun Oct 15 14:17:41 +0000 2017,account_access,
83638,"@115873 hey I lost my phone and someone used it to order an uber, trying to log online to change my password but it isn't letting me without my phone",@134373 Here to help! Send us a note via https://t.co/kGIXas5Cxg so our team can get in touch.,Thu Nov 30 13:34:42 +0000 2017,account_access,
939469,@Uber_Support Hi but I don't know my password to log in and they keep asking me to verify via my phone - can this be overridden or is there a number I can call? thank you!,@342696 Happy to take a closer look! Send us a DM with your email address so we can connect.,Sat Nov 25 16:36:32 +0000 2017,account_access,
2557474,"@Uber_Support I have changed my password and I have access to the uber app but it isn't a problem with my last ride because its on the uber eats app which I never downloaded. Should I fill out the form that says ""If you are unable to sign in, please share details below.""?",@726074 Please connect with us at https://t.co/J1AzB6DDDr and a member of our team will follow up.,Thu Nov 16 16:27:48 +0000 2017,account_access,
2283307,"@Uber_Support you're not understanding. Uber is requiring 2 step verification for me to log into my account, which means they're sending a text to my phone, which I don't have",@663586 So sorry about the trouble! Please send us a DM with your email address and more details so we can connect.,Sat Nov 11 12:10:42 +0000 2017,account_access,
2973940,"@Uber_Support I figured out my password, but need to change email my account is associated with-how do I do that?",@820195 We're here to help! Send us a DM of your email address so we can follow up.,Thu Nov 30 02:06:41 +0000 2017,account_access,
656438,hey @115873 this sucks please let us add new payment methods via web bc many of us put cards in our password managers https://t.co/QfgymvZrX5,@276182 We're so sorry for the trouble. Send us a note via https://t.co/OhfgxSAY58 so we can assist.,Wed Nov 22 22:33:05 +0000 2017,account_access,
2483153,"@115873 Try to reset my password, the link that you send me expires before I am even unable to get the email. Then your ""Get Help"" fails. 🤬🤬🤬🤬",@709436 Here to help. Send us a note at https://t.co/7NEPYnmuMH so our team can connect.,Sun Oct 29 23:27:46 +0000 2017,account_access,
2061969,@Uber_Support help! @14349 left her phone in the Uber and is trying to get a hold of the driver but can't log into her account.,"@609813 Sorry to hear about this, Mike. Have her send a quick note to the bottom of https://t.co/zUe0dj6yoX so we can follow up with her.",Fri Oct 06 13:04:27 +0000 2017,account_access,
1655788,"@Uber_Support is so bare-bones, you have to be logged in to get help with logging in: if you moved phones and have 2-factor, you're SOL. https://t.co/oMHOXYMgQI","@505292 Here to help, Patrick. Please share your email address in DM and we'll be in touch. https://t.co/sd7yH5jmbJ",Tue Oct 17 11:25:36 +0000 2017,account_access,
2477724,"@Uber_Support Hi am unable to log in to uber from my new phone as I am not getting the verification code despite trying many times. Pls look into it mob nbr 9849707655, Satyadeep appaji",@708195 Hi there! Please send us a note at https://t.co/dwDjAokZht and we'll be happy to look into this for you.,Wed Nov 15 14:31:27 +0000 2017,account_access,
1463532,@Uber_Support I keep getting text messages to verify my number with you and I don't have an account with you. Can you delete my number please,@153103 We're here to help! Please send us a note via https://t.co/kGIXas5Cxg so we can connect.,Thu Nov 30 19:08:07 +0000 2017,account_access,
2793249,"@Uber_Support I forgot password for my uber account with mob no 9509204404, have not attached email to it , trouble in reseting password, plz help","@779515 We're here to help! For more information, visit us at; https://t.co/gwTZoxpw04.",Tue Nov 21 21:09:42 +0000 2017,account_access,
2336168,@Uber_Support I can't log into my account on my new phone. What am I missing?,"@675936 Let's take a look, Sachlene! Please reach out at https://t.co/BDlHSjUF9c and we'll follow up.",Fri Oct 20 02:56:17 +0000 2017,account_access,
488723,@Uber_Support Could you verify through my Phone number instead of E-mail ID. I cannot find the receipt for my recent trip through the forms.,"@227723 Hi, Tejal. A member of our team has located your support inquiry, and as soon as they have an update to provide they should be reaching to you directly. Are you able to access the email linked to your Uber account?",Fri Dec 01 17:24:43 +0000 2017,account_access,
2523519,@115873 I'm not sure you want me to drive. You do not answer my questions and waste my time changing passwords. You have made me change 2 times today and nothing was wrong with my original! Get with it; Getting a car approved was horrendous. I've yet to acquire a first rider.,@718642 We've replied to your message via direct message and humbly ask you to check your messages.,Thu Nov 16 01:24:06 +0000 2017,account_access,
1760642,"@Uber_Support It's multiple charges and I can't access my account. It always says ""something went wrong"" when I try to log in. tried resetting password.",@529887 We're so sorry about that! Please send us a DM with your email address with details so we can connect.,Tue Nov 07 20:04:43 +0000 2017,account_access,
1857381,"@Uber_Support Well, the form sent me a link to login at your website. Whereas, I cannot even login. Any options?","@555448 If you successfully sent the form, we'll be able to check the status of your inquiry for you. Please DM us your account email. Thanks!",Thu Oct 19 12:39:00 +0000 2017,account_access,
704653,Uber customer​ service not helping me..sent many mails. I can't login with my no. 7507018710 Plz learn from some thing from ola customer service.@115873 @116276 #uber,@288400 We're here to help! Send us a DM with your email address so we can connect.,Thu Nov 23 18:24:07 +0000 2017,account_access,
459112,"@Uber_Support I only see two options, forgot password and sign in to access help. But since my problem is that I can’t log in, this doesn’t help. What should I do?",@224039 Here to help! Send us a note here https://t.co/Md7v03opga so we can assist.,Sat Dec 02 03:46:20 +0000 2017,account_access,
2912287,"@115873 whenever I try to sign into the app it says ""something went wrong"". I've reset my password twice already. Please help","@806177 We can definitely take a closer look! Contact us here; https://t.co/Md7v036OoC, so we can help.",Tue Nov 28 22:01:27 +0000 2017,account_access,
2754821,"@Uber_Support Who do I call if I need to verify employment with your company for a driver? Your site has NO phone numbers, email, or anything of the sort for contact. SERIOUSLY!?","@771075 Hi there! We're here to help. Let us know if you have any specific questions, or visit our help site at https://t.co/9zsMJKZ2dB for more info.",Mon Nov 20 21:07:56 +0000 2017,account_access,
2620004,@Uber_Support I can’t login to the app bc I changed my phone number the code goes to my old number. Help!!,@740354 We're here to help. Kindly send us a note via https://t.co/BDlHSjUF9c and our team will get in touch.,Fri Nov 17 15:27:58 +0000 2017,account_access,
948979,@Uber_Support I forgot my password and email address.I remember my mobile Number only that is with me.I want that account back..Please help,@345052 Happy to take a closer look. Connect with us through https://t.co/Md7v036OoC and we'll be in touch.,Thu Oct 26 03:53:20 +0000 2017,account_access,
2789347,"@Uber_Support I meant to say it’s for uber eats. Not a ride, it won’t send me verification codes either.",@125770 We'll get this sorted! Please reach out to us using this link here: https://t.co/7noMs7ap6M to further assist you with this inquiry.,Tue Nov 21 19:52:40 +0000 2017,account_access,
2948862,.@115873 why am I getting multiple verification codes via text message when I haven’t used my account since October 5th?,"@814405 Here to help! Send us a note here, https://t.co/kGIXas5Cxg and our team will follow up.",Wed Nov 29 16:45:11 +0000 2017,account_access,
2080524,Left my phone in my @115873 Saturday night! Can't log into my account and no response from @115873 after trying to contact them 6 times...help!,"@615306 Happy to help, Marcella. A member of our team has followed up with you via in-app support/email. Reach out there with questions.",Mon Oct 09 19:11:59 +0000 2017,account_access,
1041389,@Uber_Support Having issues when entering verification code. Once I enter the code it give me an error message in ubereats and uber app!?!?,@366295 We see your DM and will follow up there.,Sat Oct 14 17:53:01 +0000 2017,account_access,
2573238,@Uber_Support You can’t help. I’ve tried. The hacker changed the phone number on the account so the verification code to “change my password”. Your driver support is a nightmare! Never a response beyond a “change my password link” which gots to the hackers phone. Unbelievable!!!,@729760 We definitely want to do what we can to help. We've reached out via DM with additional information.,Thu Nov 16 19:44:24 +0000 2017,account_access,
1947987,@Uber_Support Her email is __email__ can you reach out to her? She can’t log into uber from work but she can access her email on her computer,"@578802 Unfortunately, she will need to write in to support. We will follow up, Thank you.",Mon Oct 30 15:10:45 +0000 2017,account_access,
2177657,@Uber_Support Again n again i face the same problem i got fed up now n i have been feeling cheated n m goona tell my frnds too about this very poor experience ever can't retrive my password than y u have given facility of login through mobile no only now y it is asking for my email,"@638287 Sorry to hear about the trouble, Amarsingh. If you're unable to submit that form, please feel free to reach us here: https://t.co/zUe0dj6yoX. A member of our team will follow up to advise how to proceed.",Thu Nov 09 18:04:02 +0000 2017,account_access,
756913,@Uber_Support Already switched it off...I started seeing verification codes being sent to my phone through my laptop,@300894 Thank you for getting back to us. Please send us your account email and phone number so we can look into this.,Sat Oct 07 06:59:43 +0000 2017,account_access,
2408881,@Uber_Support We can't get logged in so we can't see the 800 number to call for support and it's posted in ZERO places. Please DM with the 800 number so we can actually receive some service. Thanks.,"@692659 At this moment, we don't offer phone support for these issues. We're sorry for any inconvenience. Visit this link https://t.co/balq3Eyso6 so our team can assist.",Tue Nov 14 14:47:46 +0000 2017,account_access,
2368094,@Uber_Support can't log into the app as driver w/ my newly added vehicle. please assist!,"@683460 Sorry to hear about this, Jose! Please send us a note here: https://t.co/KzEt33o5OK so we can connect.",Mon Nov 13 22:55:17 +0000 2017,account_access,
140458,@Uber_Support can some one from uber call me. I have a issue in login on from my computer but the app is working fine but i get standard replies from uber support team without them looking into the actual issue,"@147695 At this moment, we don't offer phone support for these issues. We're sorry for any inconvenience. Visit this link https://t.co/QDn91HzZV0 so our team can assist.",Fri Nov 24 11:34:59 +0000 2017,account_access,
2936255,@Uber_Support Now I can’t login.,@811282 It seems a member of our team has reached out to you. Please check your email and follow up with them there.,Wed Nov 29 19:18:21 +0000 2017,account_access,
2435785,@115873 what a riddiculous service!! I am unable to login!!!,@216709 Here to help! Send us a note via https://t.co/Md7v036OoC and we'll be in touch.,Sun Oct 29 14:25:39 +0000 2017,account_access,
2932293,"Im unable to log into my account on the app. Ive reset my password twice already. I get ""something went wrong error"" PLZ HELP @Uber_Support",@806177 We're here to help! Send us a DM with your email address so we can connect.,Wed Nov 29 08:38:25 +0000 2017,account_access,
67637,@115873 Have reset password and account credit has disappeared. How do I get this resolved?,@131443 We're here to help! Send us a DM with your email address and more details so we can assist.,Thu Nov 30 08:56:33 +0000 2017,account_access,
276695,@Uber_Support the price at the time of booking showed 19 INR(I have screenshots) and the driver charged me 69 INR...please verify...,"@182116 We're happy to review this for you, Aniket. Please visit https://t.co/Won48KGA87 to connect with us.",Tue Oct 03 18:55:37 +0000 2017,account_access,
2923043,@Uber_Support I m not able to use my app. My mobile no is not linked to my email id. I forgot the password and i can't reset it. You support told me that they have deleted the account and after 48 hours I can create the new account with the same details bt d problm still persist.,@808913 Happy to take a closer look! Send us a DM with your email address so we can follow up.,Wed Nov 29 02:16:01 +0000 2017,account_access,
1533931,@Uber_Support my account has been hacked and it’s not letting me reset my password?,"@475706 Sorry for the trouble! Send us a note here, https://t.co/kGIXas5Cxg, and our team will be in touch.",Fri Nov 03 23:40:19 +0000 2017,account_access,
1284746,@Uber_Support my mobile number has changed. How do I change it? I cannot log in as it requires a verification code.,"@420526 Hello Richard, we're here to help! Send us a note via https://t.co/BDlHSjUF9c so our team can connect.",Mon Oct 16 08:28:04 +0000 2017,account_access,
1794413,@115877 are driver able to see what customers order that way they can verify they have everything?🤔,@539225 Our restaurant partners ensure the order accuracy for you. The delivery partners are not to tamper with the order in any way once received.,Thu Oct 12 02:36:18 +0000 2017,account_access,
1260259,@Uber_Support why am I getting the error failed to confirm email address when I login via the link ??,"@415273 Here to help! Send us a note here; https://t.co/Md7v036OoC, and our team will follow up.",Thu Oct 26 09:29:25 +0000 2017,account_access,
2186014,Can't login to my uber account @Uber_Support! Please advise!,@357124 Here to help! Send us a note via https://t.co/Md7v036OoC so our team can get in touch.,Thu Nov 09 17:29:12 +0000 2017,account_access,
2167265,"@Uber_Support somehow got two accounts with my phone number, only lets me log into the newer account and says the older one owes money on my card. how do i fix this so i can use the app again?",@635977 We're here to help! Please send us a note via https://t.co/76zx6Rm1i6 so we can connect.,Thu Nov 09 09:48:14 +0000 2017,account_access,
1527784,@Uber_Support Won’t let me log in. Changed the password and it still doesn’t work. Driver finally showed up 20 minutes later.,@474370 We'd like to look further into this. Please send us a DM so we can further assist. https://t.co/sd7yH5jmbJ,Fri Nov 03 22:27:17 +0000 2017,account_access,
1426984,#Uber I logged into uber on my new phone and all data is lost.No help from ur bots as they reply nonsense and a so mch buggy app.,@451485 We're sorry to hear this was your experience. Can you send us a DM with your email address so we can connect?,Sat Oct 28 19:44:05 +0000 2017,account_access,
1249078,I need to change the email and password on my account dudes. @Uber_Support,"@413060 For more info about updating your account, click here; https://t.co/ACn231rQL4",Thu Oct 26 01:59:49 +0000 2017,account_access,
1576505,@115873 why is my password reset email in Cyrillic? #appdeleted,@485703 Sorry to hear that! Can you please send us a DM (direct messages) of your email address so we can connect?,Sat Nov 04 18:04:06 +0000 2017,account_access,
757909,@Uber_Support lost my cell in a car. can't log in to a diff phone to call the driver cause the verification code is sent to lost the phone,@301116 Please send us a DM with the email on your account so we can assist you further. We're happy to help.,Wed Oct 11 16:11:48 +0000 2017,account_access,
721426,"@Uber_Support hey, i am unable to login in my account, kindly help me",@292684 Happy to help. Please DM us the email and phone number linked to your account so we can further assist. https://t.co/sd7yH5jmbJ,Fri Oct 06 14:48:07 +0000 2017,account_access,
1355548,@Uber_Support unable to log into uber. Plz help,@436083 We're here to help. Kindly send us a note via https://t.co/BDlHSjUF9c and our team will get in touch.,Fri Oct 27 19:04:35 +0000 2017,account_access,
771410,Hey @115873 I just added a gift card of $55 into my account and suddenly my account is disabled. I can't even reach you cuz I can't log in,@304237 Here to help! Send us a note via https://t.co/Md7v036OoC so our team can connect.,Thu Oct 12 00:06:41 +0000 2017,account_access,
336676,@Uber_Support I can’t confirm my email. The link directs to my profile page and says “could not verify...” I need to get somewhere else now.,@119106 Sorry to hear about this - DM us with your account email so our team can look into this further.,Sat Oct 07 21:07:55 +0000 2017,account_access,
2639798,URGENT - People are complaining that our restaurant are not visible on app makes 2 weeks. Please verify our coverage area bcz support Team on Brazil has no access. They say that this is a automatic algorithm. :( @115877,@744986 Thanks for reaching out! Find out more info about your concern here: https://t.co/iJuTLqjnMY,Fri Nov 17 21:10:08 +0000 2017,account_access,
185320,"@Uber_Support yo, my app said my phone# and email changed, now i can't log in or get a hold of you. WTF is happening? someone hack u?",@159581 This is concerning. Please DM us your Uber account information so we can follow up. https://t.co/sd7yH5jmbJ,Tue Oct 24 16:12:43 +0000 2017,account_access,
2848245,@Uber_Support Trying to sign up or log in (have an old deactivated account) but can't because its saying number is in use. Can you fix?,@792117 We're here to help! Please send us a note via https://t.co/mSBDsMUeID so we can connect.,Mon Nov 27 18:31:06 +0000 2017,account_access,
1866173,"@Uber_Support Your app &amp; website is broken. The website cart just shows the spinning wheel, and your app wont text me the verification code",@557532 Will you please DM us with your email address associated with your account and more details about your inquiry? We'll look into it.,Fri Oct 20 18:26:08 +0000 2017,account_access,
2463944,@Uber_Support what would be the easiest way to reset uber app password?it won't accept new password! https://t.co/L0tyVnV5D5,@705222 Here to help! Send us a note here; https://t.co/7NEPYnmuMH and our team will be able to assist!,Wed Nov 15 09:35:16 +0000 2017,account_access,
1736289,@Uber_Support my GF lost her phone on an Uber tonight in Amsterdam. Made brief contact with driver via Android lost phone method but battery died before we could Can't login via web bc no password or email is set. Can you help her?,"@524201 Due to our privacy policy, we will have to speak directly to the account holder. Please have them contact us via https://t.co/oY5vj3NqP3",Sun Nov 26 05:39:11 +0000 2017,account_access,
2736529,@Uber_Support I have got repeated verification code messages to my phone - I haven’t requested them https://t.co/WgyoSy7B4b,@766859 We can take a look! Please send us a note here; https://t.co/J1AzB6DDDr so our team can assist.,Mon Nov 20 19:59:34 +0000 2017,account_access,
283311,"@Uber_Support hi, lost a phone in an uber car, but can't log in via PC to find driver details as need phone verification... What can I do?","@183495 Hi there, John. Please send us a DM with your Uber account email, and we will look into this for you.",Fri Oct 06 12:41:59 +0000 2017,account_access,
2671081,@Uber_Support Help me reach the driver that carried me today.I left my phone in the car and I can't log in using my desktop because they keep sending me a verification code to my phone no.,@752177 Hello! We're followed up via DM.,Sun Nov 19 11:53:46 +0000 2017,account_access,
1487423,"@115873 @Uber_Support , hi , as I sent all documents 1 week before , I login in website show me this,plz let me know when I can start plz thx https://t.co/pzUNeD7S7H",@465461 Sorry for the confusion. Contact us via https://t.co/tv4psVy8sr so our team can connect.,Fri Nov 03 05:09:35 +0000 2017,account_access,
2036284,@Uber_Support Is there a way to log in the app provided the user forgot the email used for initial registering?,"@602028 Due to our privacy policy, we will have to speak directly to the account holder. Please have them contact us via https://t.co/QDn91HzZV0",Mon Nov 06 22:21:46 +0000 2017,account_access,
1409853,@Uber_Support I can't place an order. Is there a problem centrally? It's telling me it can't verify my payment profile.,@447700 Here to help. Send us a note at https://t.co/3eYc7uUEUm so our team can connect.,Wed Nov 01 22:57:59 +0000 2017,account_access,
499169,"@115877 i cant check out, keeps asking for verification code which i enter and still nothing",@234205 We can definitely take a closer look! Please send us a DM with your email address so we can connect.,Fri Dec 01 19:20:27 +0000 2017,account_access,
2710055,@Uber_Support The UberEats app does not verify regardless of how many codes I attempt to put in. So I can't order food at all.,@760977 We're here to help. Can you please send us a DM of your email address so we can connect?,Mon Nov 20 01:25:24 +0000 2017,account_access,
2383197,@Uber_Support please help I cannot log into my driver profile or my passenger profile I believe somebody hacked my account,@687002 Thank you for getting back to us. Please DM us your account email and phone number so we can look into this.,Fri Oct 20 07:12:36 +0000 2017,account_access,
443016,@Uber_Support plss help mee...I am unable to login my a/c asking u in a request manner..today night i want to bool a cab..aleast share me customer care number..r else you people call to my number,@219994 We have received your response and our team will be following up as soon as possible regarding this. Thanks!,Wed Nov 22 16:17:12 +0000 2017,account_access,
547130,So yesterday I get a receipt from @115873 saying they charged my card $16.61 Friday evening around 6:42. pickup and drop off location is exactly the same. Today they send me a email stating they charged my password and to create a new one. @Uber_Support that doesn't fix the issue,@247262 Happy to help! Please confirm your email address or phone number through direct message so we can further assist.,Sat Dec 02 17:42:36 +0000 2017,account_access,
1616076,@115873 @Uber_Support I would like to inform you that I’m unable to login my ac last 1-2months.kindly check my issue.,@495598 Sorry to hear that! Send us a note here: https://t.co/Md7v036OoC so we can follow up.,Sun Nov 05 13:57:12 +0000 2017,account_access,
1111633,@Uber_Support Thanks. Is there around the verification code? I don't have my phone to verify my account and can't get in.,"@382376 We're happy to help, Alex. Please DM us the email on your account and we'll be in touch shortly.",Sun Oct 15 11:29:11 +0000 2017,account_access,
2767644,"@115873 my account has been hacked and my email/ mobile/ password information is all incorrect and inaccessible. How can I amend this and ensure it doesn't happen again? As a consequence of this, someone has attempted to use my bank details to pay for their journeys.",@773912 Here to help! Send us a note here; https://t.co/kGIXas5Cxg and our team will be able to assist!,Tue Nov 21 11:03:30 +0000 2017,account_access,
1449558,@Uber_Support Hi Uber! I've lost my password and my email address doesn't work anymore (it was hacked a few months ago.. I deleted it) So I can't access my user account on my new cell phone. Could you please help me?,@456378 We're here to help! Send us a note via https://t.co/Md7v036OoC so our team can assist.,Thu Nov 30 19:22:06 +0000 2017,account_access,
2412779,"@Uber_Support I went to signup for Uber and someone has already signed up with my email... someone in Russia. I can reset the password, but it will not let me reset the phone # or login without the phone #. Since I cannot login, I cannot access the in-app support. What do I do?",@693619 Sorry to hear about that. Send us a note at https://t.co/kGIXas5Cxg so our team can connect.,Tue Nov 14 17:05:12 +0000 2017,account_access,
1308084,@115873 please help phone lost in your cab 19:27 muhammed left in cab unable to reset password,@425671 Happy to help! Please contact in app support or at https://t.co/rOtqyWzf0B so we can help get it back. Thanks!,Fri Oct 27 03:08:02 +0000 2017,account_access,
2405372,@Uber_Support can't login because phone is lost! Help please.,"@188812 We're here to help. Please send us a DM with your Uber email and phone number. From there, we'll attempt to contact the driver on your behalf, and provide any updates we receive via email. If you have an alternate phone # to share, send that as well. https://t.co/sd7yH5jmbJ",Tue Nov 14 14:09:01 +0000 2017,account_access,
1013157,@Uber_Support But I already have an account I just wanna login,@359739 Let's take a closer look - DM us the email and phone number attached to your profile so we can assist you further.,Sat Oct 14 14:53:11 +0000 2017,account_access,
1234812,@115873 signed out from account &amp; the linked email address have expired hence unable to login. Why can I not get the otp on my phone number?,"@409626 We're here to help! Send us a note here, https://t.co/Md7v036OoC and our team will be in touch.",Wed Oct 25 18:12:55 +0000 2017,account_access,
2964624,@Uber_Support @817950 Hi I am not able to login in my account,@817952 We're so sorry for the trouble. Send us a note via https://t.co/Md7v036OoC so we can assist.,Thu Nov 30 02:29:00 +0000 2017,account_access,
2143478,"@115873 I don't seem able to verify my phone number, tried texting 827222 but it won't send? Didn't receive any text on sign up.",@630195 Happy to help! Send us a note at https://t.co/dwDjAokZht so our team can connect.,Thu Oct 19 09:40:30 +0000 2017,account_access,
986925,I cannot log in to my account from my laptop @Uber_Support,"@353876 Sorry to hear about the troubles, Ivan. Please send us a note at https://t.co/BDlHSjUF9c so we can look into this for you.",Sun Oct 22 06:06:33 +0000 2017,account_access,
2221439,"@115873 Getting ""503 Service Unavailable"" when trying to login",@648808 We'd be happy to take a look. Please send us the details to this page here; https://t.co/balq3Eyso6.,Fri Nov 10 11:34:40 +0000 2017,account_access,
1293156,@Uber_Support For some reason Uber app doesn't recognise my phone no. When I try to log in it says Unknown errorWe were unable to complete..,@236457 Here to help! Send us a note at https://t.co/Md7v036OoC so our team can connect.,Thu Oct 26 20:56:36 +0000 2017,account_access,
718578,"@115873 I left my phone in my Uber last night - can someone help me access my account? Forgotten my password and without my phone, can't retrieve it! Thanks...",@292050 We're here to help! Send us a DM with your email address so we can assist.,Sat Nov 25 08:17:52 +0000 2017,account_access,
1363894,"@Uber_Support I am uber user,cant log in my account with my new cellphone please help me solve this matter,thank u ,and i am urgent !!!",@437577 We've followed up with your DM. Please reply to us there for further assistance. Thanks for your patience.,Mon Oct 16 10:38:23 +0000 2017,account_access,
1075657,@Uber_Support My account has the incorrect phone number. I can not change it because it wants to send a verification code to that number....,@373794 Happy to help! Send us a note here: https://t.co/qHlZSjDE9L and a member of our team will reach out asap.,Sat Oct 14 21:40:03 +0000 2017,account_access,
1013158,@Uber_Support how can I login https://t.co/2TZsjd60kR,"@359739 Here to help! For more info, please check this link; https://t.co/S1D4kgPTfO. Thanks!",Sat Oct 14 14:45:22 +0000 2017,account_access,
2684185,@Uber_Support @115873 I need a contact number for Florida Uber please. My friend has lost his phone in a ride and can't verify his account (SMS!) to log on to his app or website for help. Thanks!,@754956 Happy to help! Please have the account holder send us a note at https://t.co/zUe0dj6yoX so we can look into this further. Sign in shouldn't be required when sending us a note using the link that was provided.,Sun Nov 19 14:26:51 +0000 2017,account_access,
1450171,@Uber_Support I can't login to that site to send you a note because it's requiring me to enter a verification code you're sending to my phone.,@456513 We've followed up via DM. Please be sure to keep an eye out for our response.,Thu Nov 02 17:26:31 +0000 2017,account_access,
2891179,DM @Uber_Support I am running a Windows phone and the Microsoft edge browser does not support the reset link page for my password. Any advic,"@801502 Send us a note here; https://t.co/bkUdpDezkY, and our team will be able to help!",Tue Nov 28 14:37:37 +0000 2017,account_access,
2675101,@Uber_Support Can someone help me log into my account. Its disabled for whatever reason!,"@752772 Here to help! Send us a note here, https://t.co/Md7v036OoC, and our team will follow up.",Tue Oct 31 12:41:13 +0000 2017,account_access,
2255886,@Uber_Support __email__ I get a email to reset password but because I do not have the same number anymore I keep going in circles,@657042 Thanks for reaching out to us about this. Please reach out to us directly using this link https://t.co/BDlHSjUF9c. We look forward to your reply.,Sat Nov 11 00:10:00 +0000 2017,account_access,
784779,"@Uber_Support I think i forgot my phone in the car, but I can't login to my account because of 2-factor auth. What can I do?",@307273 We've received your DM and a member of our team has reached out. Please review your messages for our response.,Thu Oct 12 01:59:26 +0000 2017,account_access,
1331346,@115873 why did you send me a verification code in a text just now? I wasn't in your app 😕,"@430590 Here to help! Send us a note here, https://t.co/kGIXas5Cxg and our team will follow up.",Fri Oct 27 12:10:30 +0000 2017,account_access,
137771,"hi, i submitted all my paperwork, it shows active but still i cant login to account to work. please advice when account will be active. kind regards @115873",@147036 Our team is currently reviewing your email and will follow up. Thanks!,Fri Nov 24 10:08:49 +0000 2017,account_access,
2864044,@115873 please help I have lost my phone in my last ride. The phone is still ringing also my bank cards are with it. Please stop sending a verification code to a phone Inhave lost!!!!!!,@795545 We're sorry to hear about the trouble you're having. Send us a DM with your email address so we can follow up.,Mon Nov 27 23:27:21 +0000 2017,account_access,
2708543,"@Uber_Support I left my phone in a car on Friday night, called it immediately after, the driver answered but couldn't bring it back (despite being round the corner) now I'm trying to log in online to report it as missing &amp; your website requires a verification code from my phone?!",@760602 Here to help! Please send us a DM with your email address and more info regarding your concern so we can assist.,Mon Nov 20 00:45:19 +0000 2017,account_access,
1439811,@Uber_Support dear team.. Plz check DM ..I cannot log in...plz help,@454131 Let's look into that! Send us a note at https://t.co/Md7v036OoC so our team can connect.,Thu Nov 02 10:49:12 +0000 2017,account_access,
2824343,"@Uber_Support register no 9479230082 and id alokprakashmrch __email__, but unable to login and facing problem please help me",@786894 Sorry to hear about that! Can you please contact us via https://t.co/Md7v036OoC so our team can connect?,Mon Nov 27 09:00:21 +0000 2017,account_access,
2489092,@Uber_Support @Uber_Support thanks I am however unable to login as it requires to send me an sms to verify my account,@710799 Here to help! Can you please provide us your email address? From there we'll be able to assist further.,Sun Nov 26 19:33:07 +0000 2017,account_access,
1079517,"@Uber_Support I can't. In order to submit my note, it asks for a verification code my phone never receives.","@374633 We'd be glad to take a look at your account, Scot! Please send us a DM with your email address so we can follow up right away.",Sun Oct 15 01:42:30 +0000 2017,account_access,
1801072,@Uber_Support UBER!!!! UNFORTUNATELY I CANNOT LOG INTO MY ACCOUNT! I dont have my phone and I cant get passed the two step verification because I dont,@541176 We apologize for the trouble! We're currently reviewing your email and will be in touch. We appreciate your patience!,Sun Oct 29 09:23:34 +0000 2017,account_access,
578799,@Uber_Support I can't login to my account.,@256281 Here to help! Send us a note via https://t.co/BDlHSjUF9c to assist you further.,Sun Dec 03 10:49:17 +0000 2017,account_access,
229040,@Uber_Support I already did this; but the hacker is continuously using my account. I am unable to login to my account. My credit card is being charged 😡,@170626 We've followed up via DM so please check your inbox.,Thu Oct 05 09:03:14 +0000 2017,account_access,
2355353,@Uber_Support please activation again my account +62811599648..i donnot know the troble coz i cannot login.. Tks,@680465 Here to help. Send us a note at https://t.co/Md7v036OoC so our team can connect.,Mon Nov 13 19:20:18 +0000 2017,account_access,
323885,"@Uber_Support got a password reset mail. Didn't trigger it, but did get a new phone. URL appears legit. Was this you?",@193151 We've sent you a DM.,Sat Oct 07 14:18:22 +0000 2017,account_access,
2887715,@Uber_Support That's where I came from. 'Sign in to get help.' 2-factor authentification doesn't allow me to.,@800762 We're here to help! Send us a DM with your email address so we can connect.,Tue Nov 28 13:14:37 +0000 2017,account_access,
1039570,@Uber_Support left my cell phone in Uber and can’t log in to app because two-step verification. Driver isn’t picking up when I call. Advice?,@365946 So sorry about that! Send us a note via https://t.co/oY5vj3NqP3 so our team can help.,Sun Oct 22 21:33:56 +0000 2017,account_access,
968790,@Uber_Support @115873 my 311 sticker was either stolen or fell off my Vehicle. Can I drive this weekend without it? I have everything else.,@349979 Please visit https://t.co/uRjsQ64qLY and 'Sign in to get help' to send us a note. We'll be sure to follow up.,Sat Oct 21 22:31:37 +0000 2017,safety_fraud,
2488802,Yesterday I was physically threatened by my DRUNKEN @Uber_Support @115873 @2780 DRIVER after I asked him to stop &amp; let me out! More 2 come https://t.co/ebJ11DjCu0,@710742 We take this very seriously. Please send us a DM with your email address so we can connect ASAP.,Wed Nov 15 16:43:25 +0000 2017,safety_fraud,
1528142,"@115873 check your systems, my account seems to be hacked. No customer service # to call this is the only way to get an answer.","@474452 At this moment, we don't offer phone support for these issues. We're sorry for any inconvenience. Visit https://t.co/kGIXas5Cxg",Sun Oct 15 18:08:11 +0000 2017,safety_fraud,
1295808,"Like, why does @115873 tell me one price and then charger me higher. The scam is real. Yahl are garbage but I'll still use you no matter what. Ugh. My loyalty.",@422887 We're here to help! Please send us a note via https://t.co/ue84RGNpRP so we can assist further.,Thu Oct 26 21:27:58 +0000 2017,safety_fraud,
296866,@115873 My uber account got hacked - I notified Uber thru ur website. How long will it take for u guys to respond? thanks,"@186728 Happy to help, June. Please DM us your email address, we'll follow up: https://t.co/6v96p5e65s.",Fri Oct 06 18:43:11 +0000 2017,safety_fraud,
122408,"@115873 @Uber_Support How does Uber allow drivers to constantly scam riders? How are you going to charge my boyfriend a $80 “cleaning fee” for the mess HE DIDNT MAKE. A NONEXISTENT MESS. I CALL BULLSHIT. LETS GO UBER, FIX THIS SHIT.","@143300 Due to our privacy policy, we're not able to address these concerns over social. Please have the account holder (or the person you're writing in for) contact us via https://t.co/a6RfeBkKmr so we can assist them further. Please let us know if you have any other questions.",Fri Nov 24 00:06:12 +0000 2017,safety_fraud,
415789,@115873 Your drivers keep running this scam where they accept trips then drive away from pickup point. Fix it now.,@214160 Here to help. Send us a note at https://t.co/fS660rQ8NQ so our team can connect.,Tue Oct 10 02:19:32 +0000 2017,safety_fraud,
1619437,@uber_support epic fail. My daughter just took a life threatening ride with Abdul in London.,"@496427 Due to our privacy policy, we will have to speak directly to the account holder. Please have them contact us via https://t.co/IeSxT5cVHC.",Mon Nov 06 11:23:37 +0000 2017,safety_fraud,
165860,@Uber_Support Your support centre didn't even respond on the messages sent to them. This is shocking service and funds deducted without product delivered constitutes fraud.,@154512 We're sorry to hear this was your experience. Please confirm your email address or phone number through direct message so we can further assist.,Fri Nov 24 20:14:38 +0000 2017,safety_fraud,
2619981,@Uber_Support my girl friend has over 300 dollars worth of fraud charges from you and can't get anyone to help with this,"@740348 Due to our privacy policy, we will have to speak directly to the account holder. Please have them contact us via https://t.co/balq3Eyso6",Fri Nov 17 15:34:59 +0000 2017,safety_fraud,
207238,"@Uber_Support I have done that, i need immediate assistance as my account was hacked and my card is getting charged!",@165026 Will you please DM us with your email address associated with your account? We'll look into it.,Fri Oct 06 22:48:00 +0000 2017,safety_fraud,
980237,@Uber_Support women safety at toss in Uber. Complaint 48hours ago reg driver unprofessional n unsafe behaviour bt no action taken yet.,@352416 Happy to help. Can you DM us your email address associated with your Uber account so we can follow up? https://t.co/sd7yH5jmbJ,Wed Oct 11 17:46:17 +0000 2017,safety_fraud,
2194225,@115873 can my friend accompany me in the front seat while I drive? For safety...,@642085 We've been in touch via DM!,Thu Nov 09 20:16:24 +0000 2017,safety_fraud,
2818132,@Uber_Support Juanita Maidwell was told to download the driver app 3 weeks ago after dowloading it she was told to wait on an e-mail before driving .She has completed 50 rides with Lyft Uber is a scam,"@337337 Due to our privacy policy, we're not able to address these concerns over social. Please have the account holder (or the person you're writing in for) contact us at https://t.co/ZKt0NHVs3P so we can assist them further. Please let us know if you have any other questions.",Mon Nov 27 04:36:54 +0000 2017,safety_fraud,
1227346,@115873 @Uber_Support : Fraud.Liars.I was charged extra and customer support says I violated some shit. You guy are pathetic liars about promo,"@407923 Let's have a look, Amaan. Please DM us the email linked to your account and we'll follow up. https://t.co/sd7yH5jmbJ",Mon Oct 16 09:01:14 +0000 2017,safety_fraud,
373691,@Uber_Support why is there no way to call or contact your company!!!!!! Your employees are horrible drivers and threaten with violence!,@117813 That's definitely not ok. Please DM us the email on your account and additional details. We'd like to connect.,Sun Oct 08 22:59:02 +0000 2017,safety_fraud,
1583164,Hey @115873 my acct was hacked by someone using uber eats and no one will call me back! They have charged 3 different cards! Freeze my acct!,@487250 We're here to help! Send us a DM (Direct messgae) with your email address so we can assist.,Sat Nov 04 20:18:13 +0000 2017,safety_fraud,
466018,@Uber_Support Give response publicly. Its a scam. I m not going to share it on mail. Ask anything i will give feedback only here.,@225874 Hi there! Please confirm your email address or phone number that is associated with your Uber account through DM(Direct Message) so we can further assist,Fri Dec 01 05:15:01 +0000 2017,safety_fraud,
2209092,@115873 why are you guys sending me emails for rides I didn’t purchase... what kind of fraud schemes are you perpetuating,"@645768 Happy to connect. Send us a note here; https://t.co/kGIXas5Cxg, and we'll be in touch!",Thu Oct 19 14:55:24 +0000 2017,safety_fraud,
1655141,"Hey @Uber_Support, I definitely was not in Australia or NYC this weekend. Can I get a refund on all the fraudulant trips? Now I'm broke.. 😢 https://t.co/lTqfMoUZKm","@505125 We can definitely take a closer look! Contact us here; https://t.co/kGIXas5Cxg , so we can help.",Mon Nov 06 02:46:37 +0000 2017,safety_fraud,
961612,I did NOT cancel. The driver canceled and charged me. Same fraud as Uber. #boycotlyft https://t.co/p3IDh9WHSP,@348191 So sorry about that! Please send us a note at https://t.co/e8HVorX5rh and we'll be happy to look into this for you.,Sat Oct 14 03:01:02 +0000 2017,safety_fraud,
1307194,Anyone have any tricks for getting ahold of a human at @115873 ? My account got weirdly fraud blocked and I'm now unable to reactivate it.,"@247980 We're sorry to hear about the trouble, Dave. Could you please DM us the details of your issue so we can assist.",Sat Jul 22 04:33:48 +0000 2017,safety_fraud,
669262,@Uber_Support Hello. My bank statement is showing me that I have two pending Uber trips that I did NOT take!! Have I been hacked?!!,@213354 We're here to help! Please send us a note via https://t.co/J1AzB6DDDr so we can connect.,Thu Nov 23 04:31:52 +0000 2017,safety_fraud,
8615,@115873 Last time I used uber the driver threatened to knife another driver whilst having an argument through the windows of their cars!,@210033 So sorry about the trouble! Please send us a DM with your email address so we can connect.,Mon Oct 09 18:06:16 +0000 2017,safety_fraud,
758490,@Uber_Support where can I locate a copy of the safety inspection form on the website? I’m already signed up as a driver. Thanks,"@301249 Happy to help, Donald. You can go here https://t.co/BdYJ0sS0KM, to download the inspection form.",Wed Oct 11 16:37:48 +0000 2017,safety_fraud,
1850129,@Uber_Support so account hacked for the 2nd time in one month! FFS!,@553894 Looks like our team has connected with you via our in app support. Please follow up there if you have any questions.,Wed Oct 18 20:57:03 +0000 2017,safety_fraud,
2436057,.@115873 this is the 3rd time my account has been hacked in less than two months. What is the deal? Do I need to delete my account completely?,"@171716 Sorry for the trouble! Send us a note here, https://t.co/kGIXas5Cxg, and our team will be in touch.",Sun Oct 29 14:52:24 +0000 2017,safety_fraud,
129943,"One of your cab driver stolen my phone, I have been trying to contact customer care services regarding this from yesterday morning, no positive response to me still now, really frustrated about this bad experience, a poor service from uber. @115873 @Uber_Support @119983",@145293 We absolutely want to follow up right away. Please send us a DM with your email address so we can connect.,Fri Nov 24 06:04:06 +0000 2017,safety_fraud,
841966,@Uber_Support long term customer who was scammed by a driver wanting extra cash. Support basically calls me a liar and sustains. What’s up? https://t.co/x4q8fZVvzM,"@320282 Sorry to hear that, Cesar. Please DM us the email and phone number associated with your account to look into this for you.",Fri Oct 13 06:08:46 +0000 2017,safety_fraud,
530896,@Uber_Support I've already completed the form.... this is getting ridiculous and fed up with your scams. Charging wait time when customer is waiting.,@242961 We're here to help! Send us a DM with your email address so we can assist.,Sat Dec 02 10:35:25 +0000 2017,safety_fraud,
2943727,@115873 Someone has hacked my acct. I have text messages to prove it. Will you do anything to help?,@785083 Sorry to hear that! Send us a note here: https://t.co/kGIXas5Cxg so we can follow up.,Wed Nov 29 14:52:25 +0000 2017,safety_fraud,
1863593,@115873 IS A SCAM!! Our driver is trying to charge us an $80 cleaning fee for “sweat” when we took an Uber at 11pm,"@556819 Hi! we're here to help! Send us a note here, https://t.co/a6RfeBkKmr and so our team will assist.",Fri Oct 20 13:01:23 +0000 2017,safety_fraud,
1882271,@115873 horrible exp. Driver threatened me to take back or throw me in the nearby canal. Banged door on me when I tried to come out of car.,@561706 We take this very seriously. Please send us a DM with your email address so we can connect ASAP.,Fri Oct 20 06:37:10 +0000 2017,safety_fraud,
2267779,"@Uber_Support Let me pick which Navigation app I can use, it has cost me time, money, and rating. Need landscape mode or Carplay - safety!!!","@660008 You have a choice, Eric! Be sure to check out https://t.co/noe7nOtiAX for more information.",Thu Oct 19 18:03:54 +0000 2017,safety_fraud,
1310998,@Uber_Support what a scam!!! Driver didn't move. I was never picked up. And you charged me $26. What?!?! https://t.co/1VnQj0ugfy,@426351 Here to help! Please send us a note via https://t.co/1xM0TILvAI so our team can connect.,Fri Oct 27 05:38:21 +0000 2017,safety_fraud,
1541182,@477629 I have actually been hacked and had money stolen today. My @115873 account was hacked :(,@121296 Will you please DM us with your email address associated with your account? We'll look into it.,Fri Nov 03 22:04:33 +0000 2017,safety_fraud,
137788,@115873 lies telling me my rider pass would auto renew indefinitely which you now tell me is not true. So in addition to having my information hacked from Uber and you guys not reporting it to necessary the agency now you also lie to your customers about how promotions work.,"@147040 That doesn't sound right, Kyle. Please DM us your email address and additional details so we can follow up immediately.",Fri Nov 24 10:10:27 +0000 2017,safety_fraud,
1687799,@115873 need help! Had to replace a stolen credit card on my account and it keeps getting rejected. Visa says it has approved it. Help pls!,@512531 Hi there! Please send us a note at https://t.co/yqIhbGRNqi and we'll be happy to look into this for you.,Mon Nov 06 19:50:25 +0000 2017,safety_fraud,
2019760,Being scammed by @115873 and I can’t even reach an actual person on the phone........,"@597275 At this moment, we don't offer phone support for these issues. Send us a DM with your email add and additional details so we can connect.",Sun Nov 05 01:00:20 +0000 2017,safety_fraud,
219971,@Uber_Support Are you guys kidding me? I want a human to call Me NOW #UBER #UBERHACKED @115873 @Uber_Support https://t.co/SrCw2dZd4K,@168457 Hi Paul - go ahead and check your DM for further details!,Wed Oct 04 22:25:56 +0000 2017,safety_fraud,
518859,@115873 is trash. Someone hacked my account and y’all allowed them to change the phone number to theirs after I messaged you letting you know,@239708 Sorry to hear about that! Send us a DM (direct message) with your email address so we can assist you.,Sat Dec 02 02:21:38 +0000 2017,safety_fraud,
2802509,@Uber_Support my account has been hacked and being charged in Euros. My password changed. I have emailed multiple times and the charges continue to occur. Please help!!,@781766 We're so sorry for the trouble. Send us a note via https://t.co/kGIXas5Cxg so we can assist.,Wed Nov 22 01:00:03 +0000 2017,safety_fraud,
2942653,Pretty sure @115873 network has been compromised because my card info was stolen and had charges show up in another state and another country for Uber transactions,"@812987 Here to help! Follow up here; https://t.co/J1AzB6DDDr, and our team will connect right away.",Wed Nov 29 14:14:06 +0000 2017,safety_fraud,
1489760,@115873 what does it take to get a response from an actual human to follow up with a serious safety concern?,@466013 We're here to help! Send us a DM with your email address and more details so we can follow up.,Mon Oct 16 22:04:55 +0000 2017,safety_fraud,
966887,"Awesome racist driver @115873. I felt extremely unsafe, and will NEVER be riding with you again.",@349477 We take this very seriously. Please send us a DM with your email address and more details so we can further assist you.,Sat Oct 21 23:58:13 +0000 2017,safety_fraud,
2762805,"When an @115873 driver is obnoxious and couldn’t care less for your safety...Yeah, good times 😠 #wtf #uber #awfulperson","@772896 Sorry to hear that. Send us a note here, https://t.co/fS660s7JFo and our team will be able to assist.",Tue Nov 21 07:35:13 +0000 2017,safety_fraud,
1354610,"@133311 fraud, driver does not complete the trip n you end up being charged a fortune. Happened to me. Waiting for @115873 response.",@435892 We'll look into this! Please share your email address in DM and we'll follow up. https://t.co/sd7yH5jmbJ,Fri Oct 27 18:55:31 +0000 2017,safety_fraud,
2589237,#UberEATS #scam #ripoff no food and no refund!,@427337 We're here to help! Send us a DM with your email address so we can assist.,Mon Oct 30 18:23:21 +0000 2017,safety_fraud,
478935,"@Uber_Support its shitty these days when ur going yo it say 5 mins ,aftee confirming it says 15 mins driver completing near by which is like 6 kms away ,data location collection is scam","@228805 Send us a note here; https://t.co/RY2a0oDSbF, and our team will be able to help!",Fri Dec 01 12:33:51 +0000 2017,safety_fraud,
808299,"@Uber_Support Hey, I'm in Orlando and just logged in to my Uber. I live in the U.K. Is there extra charges for using my account in the U.S?","@312599 Happy to help, Daniel. We just sent you a DM.",Thu Oct 12 14:28:14 +0000 2017,safety_fraud,
835181,"Our @115873 driver saw us in the street and drove past us, cancelled the trip and charged us 3.50. @115873 is a scam, do not trust or use them.",@318848 Here to help! Send us a note at https://t.co/wW2bTlNcsR so our team can connect.,Fri Oct 13 08:27:21 +0000 2017,safety_fraud,
1351790,"Hey @115873/@115879 - your driver (7XVJ197) nearly put me in the hospital, then threatened to fight me. Deactivate this dangerous asshole. https://t.co/RccKpgwEEg",@435227 @50233 @435229 @50234 @9835 @50235 We absolutely want to follow up right away. Please send us a DM with your email address so we can connect.,Sat Nov 04 04:04:33 +0000 2017,safety_fraud,
95760,"@Uber_Support I'm a driver got a message yesterday my driver was waiting for me , I never requested and a false charge was put on my Cc hacked",@136846 We're so sorry for the trouble. Send us a note via https://t.co/J1AzB6DDDr so we can assist.,Thu Nov 30 15:57:51 +0000 2017,safety_fraud,
1949956,@Uber_Support I need to talk to someone about a fraudulent charge on my acct.it said 40.00 to clean the person's https://t.co/rIRXmnxYTv,@491024 Here to help. Send us a note at https://t.co/k0r0Fj18wo so our team can connect.,Wed Nov 08 04:31:14 +0000 2017,safety_fraud,
1289826,@115873 @Uber_Support Still haven’t heard from you about my hacked account!!! I could get a hold of the Pope faster!! ##Uberfail,@421645 So sorry about that! Please send us a DM with your email address so we can connect.,Thu Oct 26 19:55:45 +0000 2017,safety_fraud,
932767,@Uber_Support tell me why I have a fraud chg on my CC from your service and there's no way of contacting you besides signing up for twitter?,"@341258 We're sorry to hear about the trouble, Amanda. Please fill out this form here so we can take a look; https://t.co/mCbloZWiGj.",Sat Oct 21 09:46:23 +0000 2017,safety_fraud,
1950310,"@Uber_Support my girlfriend is being spammed by verification service, is she being hacked?","@579289 Due to our privacy policy, we will have to speak directly to the account holder. Please have them contact us via https://t.co/fZct07oTgl.",Sun Nov 26 09:27:37 +0000 2017,safety_fraud,
2739559,@Uber_Support I've sent it in. This has been a disappointing experience. #uber #Toronto #ScamAlert,@767556 Happy to help! Send us a DM with your email address and our team will follow up.,Mon Nov 20 17:23:13 +0000 2017,safety_fraud,
1771896,"@Uber_Support Thanks, I've submitted a refund request. It's a scam I've seen before, and it's shocking how broken the system is. GPS should be able to prove the driver's behaviour?",@136642 We're here to help! Send us a DM with your email address so we can assist.,Wed Nov 08 01:33:00 +0000 2017,safety_fraud,
263104,@115873 you are impossible to get a hold of when someone’s hacked your account. How about putting a phone # on your website... #wtf,@178704 We're sorry to hear about your experience! Can you please contact us via https://t.co/kGIXas5Cxg so our team can connect.,Thu Oct 05 22:29:13 +0000 2017,safety_fraud,
1828978,"This is the @115873 driver that drove by, then returned after driving around the block to physically threaten &amp; insult me. Bobby lic. 7MZJ011 https://t.co/RdDmysiGtC",@548881 We absolutely want to follow up right away. Please send us a DM with your email address so we can connect.,Wed Oct 18 05:12:31 +0000 2017,safety_fraud,
541642,"@115873 @Uber_Support yesterday night one of your driver assaulted us and threatened to shoot us, and now we cannot even complain against him as Uber has blocked our account already because he complained. And the uber customer care is not even ready to listen! https://t.co/MXXpC9MmjP",@245678 We apologize for the trouble! Send us a DM with your email address with additional details and we'll follow up.,Sat Dec 02 15:36:40 +0000 2017,safety_fraud,
796666,"@115873 @4018 debited my account of 71,790 within 3 hrs uber is scam this is really bad. Customer relationship is very poor. No email",@309973 Let's take a closer look! Send us a note via https://t.co/dInR3racif so our team can follow up.,Thu Oct 12 14:43:55 +0000 2017,safety_fraud,
802535,@115873 Five minutes and 40 seconds and he never even arrived. What a scam. https://t.co/c8U9aX7hAu,@243865 We're happy to connect. Please DM us the email on your account and we'll be in touch shortly.,Thu Oct 12 12:29:20 +0000 2017,safety_fraud,
378371,@Uber_Support can I get some assistance? My card has been hacked by someone using your service,"@205790 Sorry to hear about the troubles, John. Please send us a note at https://t.co/aJtaJUwNEK so we can look into this for you.",Mon Oct 09 04:14:47 +0000 2017,safety_fraud,
1420729,Big thanks to @Uber_Support for having my identity stolen again for the second time in two weeks and not emailing back after the 1st time.,@450296 We're here to help! Send us a DM with your email address so we can connect.,Thu Nov 02 00:00:38 +0000 2017,safety_fraud,
2701137,@Uber_Support @115873 My account has been hacked and I have sent you countless messages in the passed few minutes... Please contact me as I am being charged constantly for rides in Europe and I am in the States... #help #uberhack,@758762 We're so sorry about that! Please send us a DM with your email address with details so we can connect.,Sun Nov 19 20:39:27 +0000 2017,safety_fraud,
961641,@116276 1st priority for @116276 is Customer Service. Your bots are not resolving cases yet mark them as RESOLVED. I've switched to Lyft. #Uberhacked,"@312751 Hey, Stephanie! We aim to provide the highest standard of support, and we apologize for falling short of that goal for you. We'll DM you.",Sat Oct 14 17:08:20 +0000 2017,safety_fraud,
2875309,"Imagine @115873'ing home from the airport only to discover driver drove around an hour after dropping you off, running up your bill ($100 overcharge), having Uber agree to refund but refund is UBER CREDIT. $100 stolen, refund should be $ back not credit #ScammedByUber https://t.co/59qciBfize",@143292 Please follow up via in app support with any further questions or concerns.,Tue Nov 28 04:47:42 +0000 2017,safety_fraud,
1590038,My @115873 account was hacked. @Uber_Support wont do anything about it and still someone on the east coast is using my account. #boycottuber,"@488900 We've followed up with you via DM, be on the look out for our response.",Sat Nov 04 23:52:23 +0000 2017,safety_fraud,
1677183,@115873 your drivers in Miami have a really big scam!,@510166 We're here to help! Please DM us additional details regarding your concern and your email address so we can assist further.,Mon Nov 06 14:45:27 +0000 2017,safety_fraud,
2760941,"@115873 i had over $1,100 charged to my credit card from an Uber account over 3 days, including a $336 trip. How are you not flagging this kind of activity as possible fraud?",@772492 Here to help! Please send us a note via https://t.co/dInR3racif so our team can connect.,Tue Nov 21 05:22:59 +0000 2017,safety_fraud,
761983,"@115873 charging me a $150,00 cleaning fee? That’s a scam!! Unbelievable! Deleting the app and telling everbody that I know about this!",@302058 Let's take a closer look! Send us a note via https://t.co/a6RfeBkKmr so our team can connect.,Wed Oct 11 20:28:38 +0000 2017,safety_fraud,
576164,@Uber_Support massive fraud on my account - how can I stop this?,@255577 Here to help! Send us a note via https://t.co/aJtaJUwNEK to assist you further.,Sun Dec 03 08:39:34 +0000 2017,safety_fraud,
2820119,"Are you kidding me @115877? ""Busy area"" fee. No indication during order that it will be charged. What a scam https://t.co/bpjnIiiCbU",@786031 Sorry to hear about that! Can you please contact us via so https://t.co/EGiaYE5JMU our team can connect.,Mon Nov 27 06:04:41 +0000 2017,safety_fraud,
2510729,#uber I was threatened by the driver at Delhi airport. dangerous to other commuters too. Take strict action or I wl file a police complaint.,"@561234 Hey, Aashish. Please send us a DM with your account email address + details of the trip and we'll connect.",Mon Oct 30 04:44:10 +0000 2017,safety_fraud,
2445336,"@115873 driver Rachid canceled ride I was on, he was not driving to my destination. I fell asleep and he took my phone from my lap. I had been drinking and did the responsible thing, not drive. He stole my phone. #ubertheft #uberscam #uberdontcare #UberHouston https://t.co/YLLv2th4Ww",@701091 We take this very seriously. Please send us a DM with your email address so we can connect ASAP.,Wed Nov 15 00:37:18 +0000 2017,safety_fraud,
154536,@115873 @Uber_Support I think your security breech is causing my account to be stolen from!!! Plz look into this!!!! Now!!!!,@151417 We have followed up via DM.,Fri Nov 24 16:49:23 +0000 2017,safety_fraud,
646994,@Uber_Support Yes really? Since 36 hours? Really? You do this with regularly paying customers? I will take this matter up to higher authorities in no time and expose the way you fool &amp; scam innocent customers.. totally disgusted with your supposed HELP!,"@130761 We're sorry for the back and forth here, Nishad. We're taking a look into this now, so expect a response in-app or within your email inbox in the next few minutes. Please follow up directly there if you have any further questions or concerns.",Wed Nov 22 19:00:09 +0000 2017,safety_fraud,
1202103,@115873 #UberIndia has absolutely failed in getting back our #Uber account hacked by someone. This is an insult to #Uber @27090 @146956,"@402442 Here to help, Kalla. We see your DM and will be in touch shortly.",Wed Oct 25 12:35:24 +0000 2017,safety_fraud,
598480,@1582 @4735 Silver Nissan Ultima PA KFP-1244 2:30pm 12/3/17 on Columbus Blvd. Reckless driving threatening other drivers. Is this the type of drivers I can expect from Uber? https://t.co/MWSCMGA3Dv,@261909 We take this very seriously. Please send us a DM with your email address so we can connect ASAP.,Sun Dec 03 20:17:33 +0000 2017,safety_fraud,
891841,@115873 this company is ireliable. Frauders. I book a taxi and on 5he screen it keep saying 5 min away for the pass 15 min,@214838 Here to help. Send us a note at https://t.co/e8HVorX5rh so our team can connect.,Tue Oct 10 04:20:18 +0000 2017,safety_fraud,
123130,"@115873 someone hacked my account and charged me a bunch of money but the help section on the app isn’t helping, can u help me get my money back please?",@143501 Here to help! Follow up here; https://t.co/kGIXas5Cxg and our team will connect right away.,Fri Nov 24 00:54:50 +0000 2017,safety_fraud,
1779755,@115873 my wife's account got hacked. Everything changed to Russian. Glad we caught it before the phone number was changed.,"@534733 Due to our privacy policy, we will have to speak directly to the account holder. Please have them contact us via https://t.co/kGIXas5Cxg.",Wed Oct 11 19:21:57 +0000 2017,safety_fraud,
2560503,@Uber_Support driver asked me to cancel the ride as I didn't he threatened me to start the ride and he did. I was charged and also he is keep on threatening me,@656299 We absolutely want to follow up right away. Please send us a DM with your email address so we can connect.,Thu Nov 16 17:22:10 +0000 2017,safety_fraud,
2241641,@Uber_Support Cab driver calling up to be enquire about location of drop otherwise threatening to not come. Then not coming for 20 min ( car parked at same place). https://t.co/a2FA0QEdQd,@653575 We're sorry to hear this was your experience. Contact us via https://t.co/iOszeeHZhQ and we'll be in touch.,Fri Nov 10 20:31:36 +0000 2017,safety_fraud,
1631394,@Uber_Support this is getting ridiculous now Uber I've asked for my account to be deleted because it was hacked. Now I get this email https://t.co/P1FPpfKqAo,"@320567 Hello, Lisa. We've gone ahead and followed up with you via DM regarding this matter.",Sun Nov 05 18:33:45 +0000 2017,safety_fraud,
1077440,@115873 tailgated by Uber taxi driver 6” from bumper down wetherby rd very unsafe driving no wonder they lost their licence in London Idiots,@374191 Here to help! Can you please send us a DM with your email address and details so we can connect?,Sun Oct 15 00:50:16 +0000 2017,safety_fraud,
1475495,ICE should check @115873 to see how many drivers are here legally and how many are using a false or stolen SS#. Time to enforce our laws.,@462541 Here to help! Connect with us through https://t.co/zUe0dj6yoX and we'll be in touch.,Thu Nov 02 22:01:28 +0000 2017,safety_fraud,
2670099,"This uber driver did fraud with me,he charged me 2380rs,he didn’t started app,his number is . +91 91640 86979 #banglore #scam @Uber_Support https://t.co/KS3zAf1bHB",@751967 Sorry to hear about that! Can you please contact us via https://t.co/1xM0TILvAI so our team can connect.,Sun Nov 19 10:45:52 +0000 2017,safety_fraud,
2735791,My uber driver got soo aggressive &amp; loud bc I told him he missed the plaza then he started swerving. Then he threatened us saying he was recording &amp; gonna get our accounts cancelled. Not my fault the gps couldn't pinpoint Zero Degrees bud 🤦🏻‍♀️ @115873,@766673 We take this very seriously. Please contact us via https://t.co/oyYyAsTGGq so our team can further assist.,Sun Nov 26 23:48:30 +0000 2017,safety_fraud,
2739585,@115873 I will continue to push you to push your employees to be better since my safety is in their hands. https://t.co/FwektHvk08,@767561 Here to help! Send us a DM with your email address with more info so we can assist.,Mon Nov 20 17:09:30 +0000 2017,safety_fraud,
1911681,"@2006 Biggest scam in history. Thieving, lying, scum.This new CEO makes Kalanack look like Mother Theresa. This business model was designed by Hitler. https://t.co/eZ7qQhaxcR",@569462 Here to help! Can you please send us a DM with your email address and additional details so we can assist?,Sun Nov 26 09:05:10 +0000 2017,safety_fraud,
1697539,You want 2 know what a fraud @115873 is. Look wat they said . No one reached out to help me. I keep getting the automated responses. This is harassment to another level @123289 @8220 y r u not doin something like London did against @115873’s fraudulent ways #BanUber https://t.co/b3zCswdBmo,@331204 Hey there! We've just followed up with you via DM.,Sun Nov 26 04:47:20 +0000 2017,safety_fraud,
1316571,@115873 kindly assist me right away pls my account is been hacked,@148349 Here to help. Send us a note at https://t.co/kGIXas5Cxg so our team can connect.,Fri Oct 27 07:05:32 +0000 2017,safety_fraud,
1678625,@115873 when are you going to tell your riders and drivers you don’t care about their safety? Basically NO insurance.,@510557 Hi there! Please reach out to https://t.co/zUe0dj6yoX and fill out the 4 boxes at the bottom so we can get in touch.,Mon Nov 06 15:11:23 +0000 2017,safety_fraud,
1540701,"@115873 Driver just claimed we messed up his car, report is clearly fraudulent, even with the pictures he provided. Need help ASAP please!",@477486 We'll be happy to take a closer look. Send us a note via https://t.co/a6RfeBkKmr so our team can connect.,Sat Nov 04 01:52:50 +0000 2017,safety_fraud,
2754829,@115877 HAVE STOLEN $19.85 from me. I CAN NOT AFFORD FUEL NOW. REMEDY THIS IMMEDIATELY. https://t.co/nmgIPQM1cg,@771076 Here to help! Please send us a DM with your email address so we can assist.,Mon Nov 20 21:01:43 +0000 2017,safety_fraud,
1833466,@13644 Can a pax provide a prefered name rather than their legal name? Some people have their reasons for a diff name (pref &amp; safety).,"@467617 Hi, Jon. Passengers are able to use a nickname in the app. Visit this page: https://t.co/XsfugVO1el for more info on updating this info!",Mon Oct 16 22:22:34 +0000 2017,safety_fraud,
673335,"@Uber_Support @Uber_Support uber I followed what you asked me to do. From DMs to FB posts, I did everything. Nothing has come from your end. Are you cheats figuring out a way to defend one glorious member of your fraud squad? Or are you waiting for Christmas?",@280609 We're sorry to hear about the trouble. We've received your DMs and a member of our team will be in touch shortly.,Thu Nov 23 08:35:10 +0000 2017,safety_fraud,
2354002,@Uber_Support I have submitted several issues with fraudulent activity on my UK Uber Eats account. All have been ignored. What do I need to do to get a response?,@680164 We're sorry to hear this. Can you please send us a DM with your email address so we can look into this?,Mon Nov 13 18:48:59 +0000 2017,safety_fraud,
2237897,"Yay, I love days when my credit card number gets stolen. Screw you, person who used it 3 times on @115873 this morning.",@652591 Happy to follow up! Contact us via https://t.co/kGIXas5Cxg so we can connect.,Fri Nov 10 17:39:19 +0000 2017,safety_fraud,
785184,"Yesterday I tweeted this. I decided to tweet the rest of my convo with @115873 Support, since my account has been hacked. https://t.co/NaLNlVU1Gm","@307363 We can definitely take a closer look! Contact us here; https://t.co/kGIXas5Cxg, so we can help.",Thu Oct 12 08:30:27 +0000 2017,safety_fraud,
1870946,Ok this is some bullshit. #Uber @115873 @Uber_support allows my account to get HACKED. I send them a message about the hack they send this: https://t.co/5N22sHxJIq,@558755 We have located your in-app support inquiry. A member of our team will follow up once an update is available. We appreciate your patience.,Thu Oct 19 22:31:29 +0000 2017,safety_fraud,
664759,@Uber_Support did your system got hacked? for some reason I requested a ride eventhough I never made a request?,@278426 Here to help. Send us a note at https://t.co/kGIXas5Cxg so our team can connect.,Sun Nov 05 08:10:36 +0000 2017,safety_fraud,
2760393,sad to say I will no longer be using @115873 not only did I have to deal with a disrespectful and threatening driver to the point where university police got involved. she then LIED and attempted to put a 50 charge on my account as retaliation for my reporting her,@772359 We absolutely want to follow up right away. Please send us a DM with your email address so we can connect.,Tue Nov 21 05:09:27 +0000 2017,safety_fraud,
2351036,"@115873 account hacked, 48h later, some thriving genius is still rinsing my accounts - horrific customer service and now £100s down. Fancy sorting it out sometime this year @115873?",@679510 Sorry to hear about the trouble! Send us a DM with your email address so we can connect.,Mon Nov 13 17:46:32 +0000 2017,safety_fraud,
810885,When your @115873 driver is doing cocaine at stop lights you really fear for your safety! #uberdriver,@313211 We want to follow up ASAP. Can you please send us a DM with your email address and additional details so we can connect?,Thu Oct 12 18:47:05 +0000 2017,safety_fraud,
1343191,"@Uber_Support wow, tried for 18th time to resolve HACKED acct to no avail. does @116276 know you mark cases RESOLVED? Even tho not resolved?","@312751 We've followed up within your Direct Messages, Stephanie!",Mon Oct 16 12:11:13 +0000 2017,safety_fraud,
1820881,"@115873 @uber_support it appears my account has been severely hacked, but there is no way of speaking with a human about it. Please advise.","@546650 Oh no, Melissa! Please DM us your account's email address and phone number, plus the details, so we can follow up. https://t.co/sd7yH5jmbJ",Mon Oct 16 14:09:03 +0000 2017,safety_fraud,
1209935,"Your driver is now continuously calling me @Uber_Support , threatening me to come out of my office. Physical threats now from #UberIndia ?",@377033 We take this very seriously. Please send us a DM with your email address so we can connect ASAP.,Wed Oct 25 11:06:45 +0000 2017,safety_fraud,
2779427,@Uber_Support I had a driver who had no idea where they were going yesterday. I would like a full refund and to recommend that driver is off the road! Its super unsafe to have drivers that dont know where they are going and playing with gps while attempting to navigate in DC!,@776344 We're sorry to hear this was your experience. Contact us via https://t.co/y4EDPcVZOI and we'll be in touch.,Tue Nov 21 16:14:43 +0000 2017,safety_fraud,
2750536,@144886 @115873 why are you allowing your drivers to drop off passengers into traffic and the bike lane? This creates a very unsafe situation for cyclists #bikechi https://t.co/5o0eMqXhLo,@770060 Here to help! Can you please contact us via https://t.co/QDn91HzZV0 so our team can connect?,Tue Nov 21 00:22:33 +0000 2017,safety_fraud,
2652984,Just had my @115873 account hacked. In less then in 20 mins over $100 was charged my account for ghost rides out in China. Crazy time we live in.,@748143 Here to help! Send us a note here; https://t.co/kGIXas5Cxg and our team will be able to assist!,Sun Nov 19 05:27:36 +0000 2017,safety_fraud,
557138,@250088 @115873 @115873 @Uber_Support this is incredibly fraudulent and unfair to charge your customers $150+ for a car they never got into. You can easily access her location from the trip as well as receipts showing the trip was cancelled; I’m appalled by your customer service.,"@254553 Sorry to hear about the troubles, Alison. Please DM us your friends email address so we can check on this and follow up with her directly.",Sun Dec 03 05:34:18 +0000 2017,safety_fraud,
1644696,be careful using @115873 there scam charged me for a journey i didnt take because driver didnt come #SCAM,@502601 Here to help. Send us a note at https://t.co/e8HVorX5rh so our team can connect.,Mon Nov 06 01:23:11 +0000 2017,safety_fraud,
2917730,@115873 I want you to call and quit with the bullshit I been contacting you guys for too long and my private info has been stolen,@807588 We're here to help! Send us a DM with your email address and more details of your concern so we can follow up.,Wed Nov 29 00:14:49 +0000 2017,safety_fraud,
2464971,Last night was not that night @115873 charged the card twice and stolen a phone. Yet doesn't get back to you once trying to contact them.,@705427 Hi there! Please reach out to https://t.co/SjsQQ8ofRq and fill out the boxes at the bottom so we can get in touch.,Sun Oct 29 18:31:51 +0000 2017,safety_fraud,
1295816,@115873 with photo id profile how is it possible that my uber account got hacked? Pretty unsafe so account deleted,@422889 We're here to help! Send us a note via https://t.co/kGIXas5Cxg so our team can assist.,Thu Oct 26 21:26:08 +0000 2017,safety_fraud,
1998802,"@Uber_Support my phone was stolen by an uber driver in Philadelphia named dolman, i have his number and license plate info can you assist","@453176 Hey, Lyne! We'll continue connecting with the account holder about this directly. We appreciate your patience while we work to resolve this.",Thu Nov 02 20:03:30 +0000 2017,safety_fraud,
2420831,Such a scam with @115877 and @148768 donut giveaway today #websitecrash #lied,"@695398 We've been overwhelmed by demand! Supply is limited, but please keep trying.",Tue Nov 14 14:45:23 +0000 2017,safety_fraud,
1760644,@115873 @Uber_Support I have nearly $400 of fraudulent charges on my account Now can't access account and shut off my card Address ASAP,@529887 We're so sorry for the trouble. Send us a note via https://t.co/aJtaJUwNEK so we can assist.,Tue Nov 07 20:01:23 +0000 2017,safety_fraud,
159652,Happy Black Friday! My bank account was hacked 🙃 thanks @115873 !!!!! 🙃🙃🙃🙃🙃🙃🙃🙃🙃🙃🙃🙃🙃🙃🙃🙃🙃🙃🙃🙃🙃🙃,@152762 Happy to follow up. Send us a note at https://t.co/kGIXas5Cxg so our team can connect.,Fri Nov 24 18:04:07 +0000 2017,safety_fraud,
1098101,Dude seriously @115873 is fucking fraudulent! Contacted @Uber_Support numerous times and get the same reply with no resolution. #RideLyft,"@379121 Sorry to hear that, Levi! Please send us a DM with your email address so we can take a second look at this for you.",Sun Oct 15 02:56:34 +0000 2017,safety_fraud,
2773350,@115873 i wish this company could do anything for girl safety. incident happened on saturday morning my friend was travelling in a uber cab to metro station in noida when she was abused and threatened by the cab driver when she said to follow the route on gps which was displaying,@775138 We're here to help. Please have your friend reach out to us using the following link. A member of our team will be in touch as soon as possible. https://t.co/VDWZMwU5G1,Tue Nov 21 14:24:05 +0000 2017,safety_fraud,
2145841,"Just had a dude threaten to murder me bc he tried to cut me off and almost hit me lmao, its okay tho bc he is an @115873 driver and i got his liscense plate, lmao do i try to get this fool fired",@630827 We absolutely want to follow up right away. Please send us a DM with your email address so we can connect.,Wed Nov 08 23:35:24 +0000 2017,safety_fraud,
524318,"So when you order an uber pool, uber constantly updates you when your arrival time changes to something later but when you order uberx they just laugh at the scam of you paying more for shittier pool service @115873 @Uber_Support","@238709 Sorry to hear about the trouble. A member of our team has responded to your original support request. Please reply to them in-app or by e-mail to continue communication on this, if necessary. We're happy to help!",Sat Dec 02 02:25:03 +0000 2017,safety_fraud,
2555516,@Uber_Support Your Driver Rana Pratap car no. UP14FT5662 is being abusive and threatening me and family at the Delhi airport Terminal 1 arrival. Please take control of the situation ASAP. https://t.co/emVK0sAEMK,@725664 We take this very seriously. Please send us a DM with your email address so we can connect ASAP.,Thu Nov 16 16:02:28 +0000 2017,safety_fraud,
997968,@Uber_Support @356309 we should ban Uber in India. their driver takes their own route and waste your time. No safety for females. Moreover their female employees are not much concerned. they want this problem from drivers of Uber,"@692702 We've followed up within your Direct Messages, Dheeraj.",Wed Nov 15 14:31:32 +0000 2017,safety_fraud,
150064,@Uber_Support I just wrote you all. Im more frustrated because I disputed the hacked charged with pay pal and after talking to you all they denied the claim. Plus you’ve conveniently deactivated my account so I can’t even go in my trip summary for further proof. I took screen shots from PayPal,@150220 We're sorry to hear this was your experience. Can you send us a DM with your email address so we can connect?,Fri Nov 24 15:21:02 +0000 2017,safety_fraud,
977929,need a refund now. Charged my credit card when your driver went on a joy ride in the other direction #scam #triflin @115873 @Uber_Support,@264918 Oh No! Please DM us with the trip details so we can assist further.,Sun Oct 22 02:16:42 +0000 2017,safety_fraud,
1448124,"@115873 Also threatens me with account ""deactivation"". If you are going to threaten me, at least give me the opportunity to defend myself.",@456050 We apologize for the trouble! Send us a DM with your email address and we'll connect.,Thu Nov 02 16:14:32 +0000 2017,safety_fraud,
72052,@115873 got a mail today saying my account has been flagged for fraudulent activity. Pls note my car has not been on the platform for more than 7 months so how can this be? Not finding this funny.,"@132171 Sorry for the trouble! Send us a note here, https://t.co/tv4psVy8sr and our team will be in touch.",Wed Nov 22 16:24:14 +0000 2017,safety_fraud,
282298,@115873 When the whatsapp group means more than my safety https://t.co/vI9s1ancxt,"@183249 Sorry for the trouble! Send us a note here, https://t.co/IeSxT5cVHC, and our team will be in touch.",Fri Oct 06 11:55:24 +0000 2017,safety_fraud,
536120,.@Uber_Support thanks for letting me know that our safety is your priority: while your app has all safety features how can it be that most of your cab’s seatbelt feature doesn’t work? that was my experience from last 3 rides! https://t.co/X7oSA0h798,@244211 @115873 Sorry to hear that. Kindly send us a note here; https://t.co/aBEgvdNWQN and our team will get in touch.,Sat Dec 02 12:54:35 +0000 2017,safety_fraud,
2513497,"Hi @115873 one of your drivers threatened to beat me up this morning , I’m so traumatized😩",@716263 We take this very seriously. Please send us a DM with your email address so we can connect ASAP.,Mon Oct 30 06:53:26 +0000 2017,safety_fraud,
1363891,"@115873 Your Driver used abusive language and threaten me to beat, please immediately stop such things in your services. https://t.co/qLIznsMaY0",@437576 We take this very seriously. Please send us a DM with your email address so we can connect ASAP.,Mon Oct 16 14:50:32 +0000 2017,safety_fraud,
2493962,Feeling Like I have been scammed by @115877 I messaged support and they did nothing. Took my $26 and are asking for another $26... 🤔🤔🤔Wtf?,@711910 Hey! Let us make this right. Can you please provide your account email via DM? We will follow up.,Wed Nov 15 18:40:32 +0000 2017,safety_fraud,
19678,@Uber_Support get caught by uber for ride with driver threatening and abandoning. icing by uber to charge double for ubershare #shamelessuber,"@120551 We're very sorry to hear about your experience, Dheeraj! The behavior you've described is intolerable. We fully intend to investigate this.",Sun Nov 05 02:10:48 +0000 2017,safety_fraud,
976246,@115873. Took uber from lax toN. Hollywood &amp; it’s $81? I’ve traveled in rush hour to &amp; from lax weekly &amp; never been scammed this bad. #scam,@351538 Happy to help! Please visit this link; https://t.co/XU87YePtz7 to know more about different pricing.,Sun Oct 22 04:21:43 +0000 2017,safety_fraud,
1022618,Never ever call a fucking @115873 for a #drunk. Those bastards will charge you a fraudulent $150 dollars #cleaningfee. You'll thank me later,@361983 Here to help! Send us a note here: https://t.co/a6RfeBkKmr and our team will be in touch.,Sun Oct 22 23:16:55 +0000 2017,safety_fraud,
2094188,"@Uber_Support just yesterday morning i was able to use instant pay, now i cant because they said fraudulent behavior and i did nothing wrong, i need that money",@618745 Here to help! Send us a note here; https://t.co/TZfdydbgWq and our team will be able to assist!,Wed Nov 08 09:52:07 +0000 2017,safety_fraud,
1554303,@Uber_Support the job of a taxi driver is to be flexible and listen to the PAYING customer not leave him stranded on God knows where feering for his safety,@480772 We're here to help! Send us a DM with your email address so we can assist.,Sun Nov 26 03:12:20 +0000 2017,safety_fraud,
2258584,"Think you need to sort some of your drivers out @115873 , under taking us in a 40 in an unsafe manner and then proceedings to swear at us and drive dangerously whilst picking up a customer, I do have a number plate and would like to report it🤔",@657723 We take this very seriously. Please send us a DM with your email address so we can connect ASAP.,Sun Nov 26 15:03:34 +0000 2017,safety_fraud,
1243438,"I just got scammed by Uber, charged 38 dollars for my Uber pool to go from St Clair and Oakwood to YORKDALE. like what @115873 #BOYCOTTUBER",@411707 Happy to take a look! Send us a note via https://t.co/rkdKXGV1hT so our team can connect.,Wed Oct 25 23:11:00 +0000 2017,safety_fraud,
1111319,Dear @115873 it's not ok for your drivers to ask my ethnicity and when I don't respond try to guess where I'm from. #gross #feltunsafe,@358794 We take this very seriously. Please send us a DM with your email address so we can connect ASAP.,Sat Oct 14 05:08:07 +0000 2017,safety_fraud,
1712108,"@115873 my account was hacked, my credit card on file was used to purchase Uber eats in foreign country and no response from u guys 6 hrs ago?",@518592 Here to help! Please send us a note via https://t.co/kGIXas5Cxg so our team can connect.,Tue Nov 07 02:01:08 +0000 2017,safety_fraud,
2848252,"@Uber_Support sucks been telling them for a week,my account got hacked with no help. Now just got two charges that are not mine for a account I can’t even get into.","@273697 We want to get in touch, Jason. Can you please send us a DM with more details? https://t.co/sd7yH5jmbJ",Mon Nov 27 18:19:53 +0000 2017,safety_fraud,
229041,@Uber_Support my account seems to be hacked by someone in Bangladesh. Pls help,"@170626 Let's take a look, Jubilant! Please reach out at https://t.co/J1AzB6DDDr and a member of our team will follow up.",Thu Oct 05 04:01:32 +0000 2017,safety_fraud,
2523483,hey @115877! someone in europe hacked my account and spent a dumb amount on mcdonald’s. please resolve this issue immediately. https://t.co/2Ny7fcB6rV,@718635 We can definitely take a look! Send us a DM with your email address so we can follow up.,Thu Nov 16 02:36:24 +0000 2017,safety_fraud,
19716,@Uber_Support We have tried to carry out the consultation in these ways but it has not been possible. . We are 5 people plus 1 baby of 6 months and we want to use UberXL. Can the baby be in our arms or can it be placed in a safety seat carried by us? Can the payment for Uber XL be in cash? T,@707577 Please send us a DM with your Uber account email address so we can follow up. https://t.co/sd7yH5jmbJ,Wed Nov 15 16:22:47 +0000 2017,safety_fraud,
2476318,So @115873 is not honoring the flat rate prices they quote for a 30-day Pass. Sounds like a scam to me. Anyone else experienced overcharging?,@541670 Hi there! Please send us a note at https://t.co/FKBK5sbwQh and we'll be happy to look into this for you.,Wed Nov 15 14:00:56 +0000 2017,safety_fraud,
2408871,@115877 you have allowed a fraud on my account and I can’t find a number to contact you. Please provide ASAP.,@692656 That doesn't sound right. Can you please send us a DM with your email address so we can look into this with you?,Tue Nov 14 16:02:12 +0000 2017,safety_fraud,
2834904,@118730 2x in one week @108773 and I are passed by Uber drivers driving 20-30 km/hr over the speed limit (40 km/hr) on Prince Edward in our neighborhood putting our kids at risk. It's not a race. #kids #SafetyFirst https://t.co/RjwuPHVOnw,@789117 So sorry about that! Send us a DM with your email address so we can connect right away.,Mon Nov 27 14:41:55 +0000 2017,safety_fraud,
2645724,@Uber_Support need help as my sisters account has been hacked and money taken from her account for rides she hasn’t taken!!,"@746458 According to our privacy policy, we will have to speak directly to the account holder. Please have them contact us via https://t.co/balq3Eyso6 so our team can assist you!",Fri Nov 17 19:42:08 +0000 2017,safety_fraud,
1797634,@18811 scam going on with Uber many drivers are losing their jobs please respond no one's taking this seriously,"@540148 We can certainly review what's going on, Joseph. Please DM the email address to your Uber account so we can connect. https://t.co/sd7yH5jmbJ",Fri Oct 13 15:05:45 +0000 2017,safety_fraud,
1897959,"Too bad @115873 and @Uber_Support take fraud like it is a joke, especially if your not a customer. And that is why I will never use it. #SAD",@565663 We're here to help! Please DM us your Uber account email address so we can check the status of your support inquiry. https://t.co/sd7yH5jmbJ,Mon Oct 23 12:59:05 +0000 2017,safety_fraud,
1034292,@Uber_Support You are not replying on mails properly so I have to bring this issue on social platforms.. As it's a case of fraud,"@344826 Hi, Himanshu. Due to our privacy policy ( https://t.co/HcVH2Xso6Y ), we will need to be in touch with the account holder directly. We cannot discuss other peoples account information unless it is with the account holder. Thank you for your understanding.",Mon Nov 27 16:29:59 +0000 2017,safety_fraud,
584106,Mobile phone stolen from uber car. Pls look into the matter urgently! @Uber_Support @115873 @116288 @119983 @3564 @127960 https://t.co/2cxPn44fgd,"@257812 According to our privacy policy, we will have to speak directly to the account holder. Please have them contact us via https://t.co/rOtqyWzf0B so our team can assist you!",Sun Dec 03 14:15:15 +0000 2017,safety_fraud,
1843720,@115873 I would but I’m in an uber scared for my safety at the moment.,@552416 Happy to help! Please confirm your email address or phone number through direct message so we can further assist.,Sun Nov 26 07:31:28 +0000 2017,safety_fraud,
378220,"@115873 Sleazy uber driver safety who charge more than cabs, no safety on your trip to support overseas entity. Bloody rort",@609155 Here to help. Send us a note at https://t.co/yfZfahk101 so our team can connect.,Thu Oct 19 00:33:36 +0000 2017,safety_fraud,
2354022,@115877 frauded Saturday night still NO call back from your company. This is going to court as Iv no idea what your doing with my info,"@680166 Hey, Emma. We can assure you a member of our team will be in touch via in app support asap. Thank you for your patience.",Mon Nov 13 07:59:54 +0000 2017,safety_fraud,
1139883,AWFUL service from @115873. Scammed by the driver. Made to pay £50 in cash and then charged £90. Also held phone hostage. Great story for BBC. https://t.co/M2qBJwP9Rt,@388323 Sorry to hear about that! Can you please contact us via https://t.co/K05RdmK3t4 so our team can connect?,Sun Oct 15 15:45:08 +0000 2017,safety_fraud,
2866535,Officially used @115873 for the last time tonight..how did I confirm a pick up that now I'm charged a cancel fee for? I opened the app and it froze. Reopened it to a confirmed uber. I was in a moving bus. Scam.,@796153 Here to help! Send us a note here; https://t.co/K05RdmK3t4 and our team will be able to assist!,Tue Nov 28 00:49:11 +0000 2017,safety_fraud,
2562428,"@115873 I can sign in with my facebook account, but I can't change my password, because my account's been hacked, and my email address has been changed, thus I can't receive that psw reset email! I think this is the deficiency of your product design. HELP! THEY ARE SITLL USING IT!",@727185 Here to help. Send us a note at https://t.co/kGIXas5Cxg so our team can connect.,Thu Nov 16 17:56:40 +0000 2017,safety_fraud,
2876083,"@Uber_Support @115873 @119983 @116288 Major scam at delhi airport. These drivers make us walk out of the airport pickup area, saying that they 'accidently' went a little further ahead( to save rs150).Witnessed tons of ppl with their luggage trying to find their rides",@798413 Sorry to hear this was your experience! Please send us a note at https://t.co/e8HVorX5rh so our team can connect right away.,Tue Nov 28 05:30:11 +0000 2017,safety_fraud,
425914,"@115873 my UK account has been hacked, while I am in India. Can you please respond and take action. It's been 5 days since the hack.",@216301 Sorry to hear about the troubles. Please DM us the email address linked to your Uber account so we can look into this for you.,Tue Oct 10 10:00:41 +0000 2017,safety_fraud,
2123720,Currently on hold with @115873 and they are telling me drivers have to take people with young children without car seats. Are you kidding me?!? #unsafe #BuckleUp,@625578 Happy to follow up! https://t.co/1Nn5guFESc so we can connect.,Wed Nov 08 18:10:31 +0000 2017,safety_fraud,
2951431,@Uber_Support he is a fraud not picking my phone call his number is 9871213618 Devesh,"@814995 Sorry for the trouble! Send us a note here, https://t.co/WFtPA6RjWt and our team will be in touch.",Wed Nov 29 17:45:18 +0000 2017,safety_fraud,
2033278,"@115873 @Uber_Support ""we will look into it"" is code for ""never"". Safety really doesn't matter, does it?",@601230 Here to help! Can you DM us your email address and more details about your concern? Once we have this we'll be able to better assist.,Wed Nov 08 05:15:39 +0000 2017,safety_fraud,
2586482,@115873 Any chance for support with account being hacked. Contacted you by e-mail more then 24h and no answer,@732884 We can definitely take a look! Send us a DM with your email address and details so we can follow up.,Fri Nov 17 00:43:04 +0000 2017,safety_fraud,
441706,@Uber_Support I need immediate assistance. I’m being charged and there’s no records of a trip. Please help before I have to file fraud claim,@219751 We're ready to look into this. Please fill out this form here; https://t.co/dInR3racif so that we better assist.,Wed Oct 11 08:49:23 +0000 2017,safety_fraud,
2469493,I have seen bad customer service from a lot of companies but @115873 @Uber_Support you guys are really doing hard work in pissing off your customer. And what is the point of that email message help section when you don't even reply to it. #JusticeLeague #UberScam #uberdriver #suck,@209239 We can take a look! Send us a DM with your email address so we can follow up.,Wed Nov 15 10:21:05 +0000 2017,safety_fraud,
2854334,@115873 my account has been hacked and i cannot access my australian account as i no longer have my mobile number to verify and query the payments. I have emailed to no response? Please help,@793458 Sorry for the trouble! Send us a DM with your email address so we can connect.,Mon Nov 27 20:25:13 +0000 2017,safety_fraud,
1417275,@209798 But at least give me information. About the car or full name. After i call the police the time wasted. So your driver denied he stolen me,@449413 Hey Malabduh! Can you please send us a DM with your account email so we can further connect? We will follow up,Mon Oct 16 14:04:27 +0000 2017,safety_fraud,
994537,"Yo, @115873: yet another reason your lack of response to safety issues, over &amp; over, makes you an irresponsible, dangerous entity. https://t.co/kXo9olGjpm","@355574 Here to help! Follow up here; https://t.co/SjsQQ8ofRq, and our team will connect right away.",Sun Oct 22 16:04:36 +0000 2017,safety_fraud,
1879604,@115873 The driver basically tried to scam and @Uber_Support is trying to back &amp; justify their wrong. 11.33 jump to 180.66 for a 10 min ride.,"@561005 We can look into that trip with you, Kentrell. Can you please send a note our way via https://t.co/wW2bTlNcsR?",Mon Oct 30 16:26:07 +0000 2017,safety_fraud,
1715704,"@Uber_Support I've emailed you, I hope this is investigated asap as this is fraud. thank you.",@519594 We're here to help! Send us a DM with your email address so we can assist.,Tue Nov 07 04:39:54 +0000 2017,safety_fraud,
2730471,@Uber_Support Uber overcharged me $125. What are you doing to prevent drivers from fraudulently extending trips after customer drop off?,"@765503 Here to help! Send us a note here, https://t.co/oEOANqFpjc and our team will follow up.",Mon Nov 20 15:07:23 +0000 2017,safety_fraud,
1001197,@115873 support center removes money from partner account without notifying driver why. Fraudulent riders before 5300 ride driver! #nouberipo,@195004 It seems a member of our team has reached out to you. Please check your email and follow up with them there.,Thu Oct 12 05:36:13 +0000 2017,safety_fraud,
143578,"@Uber_Support Uber celebrating 3 years in Kochi, India and messaged us that there are offers for lesser kilometre when you ride. Check the prices below for 5.5 kilometres uber service You guys are fraud n cheat https://t.co/XrUyad2CDn","@148442 Here to help, Karthik. Simply follow the link on how fares are calculated: https://t.co/UYuIveoHXo",Fri Nov 24 13:15:07 +0000 2017,safety_fraud,
1553903,@115873 my account has been hacked and I cannot submit a ticket without loging in to the account I no longer control...,@480688 We're here to help! Please send us a note via https://t.co/J1AzB6VeuZ so we can connect.,Sat Nov 04 11:18:28 +0000 2017,safety_fraud,
2414602,@115877 @148768 were there ever actually any free donuts or was this just a marketing scam? 🙃🙃😭🙃😭 https://t.co/E3AtKbL2vF,"@694051 Demand is very high today, but we'll try our best to get a some doughnuts your way soon.",Tue Nov 14 14:37:29 +0000 2017,safety_fraud,
1343125,"@115873 @Uber_Support @4018 But if indeed these drivers are Uber drivers and Uber wasn't hacked then this is rather dismal of the company. Because of this debacle,","@267514 Happy to help. Please go here https://t.co/K05RdmK3t4, so we can follow up.",Mon Oct 16 08:03:01 +0000 2017,safety_fraud,
2794439,@115877 yet again my accounts with u and @144886 have been hacked from the UK! Right now there is a pizza in the UK that is delivering a huge order to some ass on my dime.,@779822 Here to help. Please contact us via https://t.co/kGIXarO18G so we can follow up.,Tue Nov 21 21:50:46 +0000 2017,safety_fraud,
1037749,@Uber_Support @365493 Could please refund my 138 USD? I have been charged in USD for a trip in ARS. Sent 3 emails. #fraud #uber,@365492 We've been in touch via DM!,Fri Oct 20 02:28:43 +0000 2017,safety_fraud,
1397385,@Uber_Support why you/ur driver charged two MCD charges for within UP journey? #UberFraud https://t.co/MKAfHFejOn,@444956 Happy to take a look! Send us a note via https://t.co/zJ6aIZinzb so our team can connect.,Sat Oct 28 15:10:31 +0000 2017,safety_fraud,
1323537,"@Uber_Support driver has takn longer &amp; unsafe route, resulted into almost double fare than the original fare.No action from uber support.","@428851 We're here to help, Ayush. Please send us a note at: https://t.co/XijNMfvSmO and a member of our team will follow up shortly.",Mon Oct 16 04:53:38 +0000 2017,safety_fraud,
235516,@115873 Worst ride ever #Today. #FeelUnsafe by cab driver.Abused and harassed .Lodged a police complaint.,@172088 We want to follow up ASAP. Can you please send us a DM with your email address and additional details so we can connect?,Thu Oct 05 09:17:22 +0000 2017,safety_fraud,
307001,@115873 how do I make a complaint without having your app? One of your drivers casually threatened to kill my driver today. 😓,@189306 We want to follow up ASAP. Can you please send us a DM with your email address and additional details so we can connect?,Fri Oct 06 23:11:35 +0000 2017,safety_fraud,
2833737,"I was going to shop for my husband for xmas on our one non-joint account today, but then I realized there were over $700 in unauthorized @115873 charges and I had to report my account for fraud 🙃😐 #GreatThanks",@124653 Here to help! Please send us a DM with your email address so our team can assist.,Mon Nov 27 14:07:56 +0000 2017,safety_fraud,
2177570,Beauty for him is I can’t rate him because I cancelled. @115873 #Scam https://t.co/wKpEWUAmNQ,@638269 We're sorry to hear this was your experience. Please send us a note at https://t.co/QsI1vsvcif and our team will be in touch.,Thu Nov 09 15:53:28 +0000 2017,safety_fraud,
727954,@115873 riders requesting rides and scamming drivers with hijacking accounts with fake promotions. It appears Uber does not care.. Sad!!!!!! https://t.co/XVmrSPTyJ6,@294387 We're sorry for the trouble! We're currently reviewing your email and will follow up shortly.,Wed Oct 11 04:07:44 +0000 2017,safety_fraud,
722989,@115873 My account was hacked by someone in Russia and I can't get into it anymore. The hackers changed the email and phone number. Help!,"@293115 Here to help! Send us a note here, https://t.co/kGIXas5Cxg, and our team will follow up.",Wed Oct 11 02:51:10 +0000 2017,safety_fraud,
2943758,@uber_support My account is hacked! Someone on a ride right now I cant stop the payment! HELP!!!,@813230 Here to help. Send us a note at https://t.co/kGIXas5Cxg so our team can connect.,Wed Nov 29 14:31:45 +0000 2017,safety_fraud,
1409861,"@Uber_Support I’ve not booked an Uber, is this a real text from you or scam? Is someone hacking my Uber account? https://t.co/vElFqXNYXc","@447703 We're here to help! Send us a note here, https://t.co/kGIXas5Cxg and our team will be in touch.",Wed Nov 01 22:37:18 +0000 2017,safety_fraud,
698853,it’s been like 4 days since someone has hacked my @115873 account and I have yet to get an email response from the company.,@286691 We're here to help! Send us a DM with your email address and more details so we can follow up.,Fri Oct 13 02:53:56 +0000 2017,safety_fraud,
2213568,@115873 I was just scammed,@296005 Sorry for the delay. Our team is currently reviewing your email and will follow up shortly.,Fri Nov 10 03:04:49 +0000 2017,safety_fraud,
1268199,My driver cancels the trip and bill comes to me @115873 : Stop the fraud https://t.co/7Yqwr3TTja,@416944 Here to help! please send us a note via https://t.co/h840Iouehc so our team can connect.,Mon Oct 16 06:23:41 +0000 2017,safety_fraud,
314078,@Uber_Support my account has been hacked. What is the customer service # to fix it,@190983 Sorry to hear that! Please connect with us here; https://t.co/J1AzB6DDDr so we can follow up right away.,Sat Oct 07 06:05:47 +0000 2017,safety_fraud,
2221384,@115873 I have been charged an extortionate cleaning fee for last nights journey and sent pictures of the sick. None of us were sick it was a normal journey. I need to be refunded now. This is clearly a scam. Please sort this.,@648793 Sorry to hear about that. Send us a note here; https://t.co/0eE9rDRP7W so our team can connect.,Fri Nov 10 12:02:03 +0000 2017,safety_fraud,
965959,Hi my Uber account was hacked.I just reveived a message telling me that someone is taking a ride on my expense. https://t.co/jBVqpRBiWy,@349241 Here to help. Send us a note at https://t.co/kGIXas5Cxg so our team can connect.,Sat Oct 14 04:17:53 +0000 2017,safety_fraud,
1243956,"@115873 why should i pay 42 inr if your driver didn't pick the call, this is fraud will use @1143 from next time",@411840 Here to help. Send us a note at https://t.co/e8HVorX5rh so our team can connect.,Mon Oct 16 02:43:38 +0000 2017,safety_fraud,
1394081,@Uber_Support I need help. My account has been hacked and I have no ability to reverse the changes to email &amp; phone number. Please help!!,@443992 We've sent you a DM.,Sat Oct 28 13:48:12 +0000 2017,safety_fraud,
559930,"Hi @115873, you allowed a hacker to steal my personal details and make trips using my account and credit card. No help on your site on how to get a refund. Help, please.",@250937 We're here to help! Send us a DM with your email address so we can follow up.,Sat Dec 02 22:02:43 +0000 2017,safety_fraud,
1733198,@115873 @Uber_Support For a trip under 4kms I was charged Rs. 399 but the trip fare was supposed to be Rs 76 #fraud #didnottakethisroute https://t.co/mBzW1xqlsn,@523496 Here to help! Contact us via https://t.co/oEOANqFpjc so we can connect.,Tue Nov 07 13:07:42 +0000 2017,safety_fraud,
1070245,@Uber_Support my account been hacked &amp; getting notifications about cancelled rides charges. contacted support many times. help!?,"@372537 We're here to help! Please send us a DM with your email address, so we can connect.",Mon Oct 23 15:54:50 +0000 2017,safety_fraud,
396151,@115877 Is A SCAM‼️‼️‼️‼️‼️Never Will I Order Food Again💯,@209800 We have followed up via DM.,Mon Oct 09 15:44:17 +0000 2017,safety_fraud,
2753919,"Just spent R316 ordering food and #ubereats stole our food!!! No food, no call!!! It’s a scam!!!","@770852 Hi, we're here to help. Please DM us the email linked to your Uber account so we can look into this for you.",Tue Oct 31 18:26:16 +0000 2017,safety_fraud,
2694056,@Uber_Support so someone has set up an Uber Eats account fraudulently using my email address. Any help available?,"@123896 Hi there, we're here to help! Please send us a note here; https://t.co/J1AzB6DDDr so our team can help.",Sun Nov 19 17:37:22 +0000 2017,safety_fraud,
527787,@115873 @Uber_Support another of your idiot drivers just nearly hit me in a bikelane in SF - Folsom at Langton - then threatened me with his car. now calling cops. White Toyota 7SXF471 https://t.co/UGHszT1lRT,@242170 We take this very seriously. Please send us a DM with your email address so we can connect ASAP.,Sat Dec 02 08:06:03 +0000 2017,safety_fraud,
2473646,@Uber_Support i was absolutely just scammed by one of your drivers. I am absolutely furious.,@611874 That's not ok! Send us a note via https://t.co/fS660rQ8NQ so our team can get in touch.,Wed Nov 15 12:32:29 +0000 2017,safety_fraud,
1973850,@Uber_Support I’m getting nervous I’m afraid I got hacked and someone took my earnings from last week. Please respond ASAP.,@579043 We see your outreach and a member of our team will be following up via email as soon as possible. We appreciate your patience.,Wed Nov 01 13:15:57 +0000 2017,safety_fraud,
2167330,"@Uber_Support @115873 My dad's account was hacked and used to book Uber cab in U.S while we stay in India. His cc was billed, please close his account so this won't happen in future.",@635996 Due to our privacy policy we're not able to address these concerns over social. Please have the account holder (or the person you're writing in for) contact us at https://t.co/kGIXas5Cxg so we can assist them further. Please let us know if you have any other questions.,Thu Nov 09 08:47:02 +0000 2017,safety_fraud,
2410827,Does @148768 issue apologies... because I'm pretty fucking mad they got my hopes up high with this Free donut marketing scam! #KrispyKreme #UberEATS 😡😠🍩,"@693161 Sorry for the trouble, Sumitra! We're working hard to get Krispy Kreme to as many people as possible, keep trying.",Tue Nov 14 14:34:27 +0000 2017,safety_fraud,
89444,My @115873 account was hacked and someone from California charged MY account and @115873 doesn’t seem to be worried about it.,"@135356 Hi, Katie! Go ahead and check your DM for further details.",Thu Nov 30 14:08:42 +0000 2017,safety_fraud,
481015,@115873 waiting patiently at LHRT5. 3 different car cancellations.Drivers are uber scamming hoping that I will cancel and pay fee-I'm waiting!,@229330 Here to help! Contact us via https://t.co/e8HVorX5rh so we can connect.,Fri Dec 01 13:49:44 +0000 2017,safety_fraud,
707512,Attempt as well even if haven't got an oppurtunity to seat in the car which means i've to pay for my 2 attempts!!Biggest fraudster @115873 3/3,@289145 That's not ok! Send us a note via https://t.co/e8HVorX5rh so our team can get in touch.,Tue Oct 10 12:25:32 +0000 2017,safety_fraud,
530897,@115873 Their new name should be scammers as the try to charge you for waiting time when you have been awaking for them. Liars @Uber_Support,@242961 Hi there! Please reach out to https://t.co/zUe0djo9gv and fill out the 4 boxes at the bottom so we can get in touch.,Sat Dec 02 09:59:53 +0000 2017,safety_fraud,
622766,@Uber_Support But my account was not hacked! You charge me improperly,"@267815 Sorry about that, Patrick. We can see you have reached out to our team via in-app support. We'll be notifying the appropriate department so they can follow up as soon as possible regarding this. Thanks for your patience!",Wed Nov 22 18:06:43 +0000 2017,safety_fraud,
2503980,"@Uber_Support I will send you her email and have her reply to the message she got back denying her claim, but this has been upsetting to her. She doesn't use your app much. It's not about the money as much as lack of concern. Chase was helpful given the obvious case of fraud, uber not so far.","@714126 We just got back to you via email, Lauren.",Wed Nov 15 21:49:34 +0000 2017,safety_fraud,
91592,@Uber_Support Hi. There’s been an unknown charge on my credit card today as payment for “Uber BV”. Can someone please assist me? I fear that my CC has been hacked. Thanks.,@135862 We're here to help! Send us a note via https://t.co/dInR3racif so our team can assist.,Thu Nov 30 15:08:45 +0000 2017,safety_fraud,
870407,"@115873 stay scamming, they never allow you to use a promotion , always saying “another invite was applied” where ? I’m not getting a ride for free 😐 https://t.co/S73dqyYBU6",@326665 Let's take a closer look! Send us a note via https://t.co/lqVgKo4ZO3 so our team can follow up.,Fri Oct 13 15:28:39 +0000 2017,safety_fraud,
468902,@Uber_Support fraud on all accounts. Was never given a chance to cancel my order when I discovered that the app was showing false information about a restaurant.,@224953 Hello! Thanks for your patience. Please check your DM ( direct messages) for our reply.,Fri Dec 01 04:25:09 +0000 2017,safety_fraud,
2162745,Have Ola or Uber issued any guidelines to their drivers not to or atleast use headsets while driving in India? See many talk holding their phones for long. Unsafe behavior. @1143 @Uber_Support @115873,"@635032 Here to help, Syed! Connect with us through https://t.co/zUe0dj6yoX and we'll be in touch.",Thu Nov 09 05:16:50 +0000 2017,safety_fraud,
2836298,"@Uber_Support Hi, I've had 10 SMS messages in the last hour from what appears to be a fraudulent attempt to get my log in details. How do I report?","@789450 Sorry about that. Kindly send us a note here, https://t.co/J1AzB6DDDr, and our team will be in touch.",Mon Nov 27 15:12:50 +0000 2017,safety_fraud,
833690,Just got scammed on my first time using @115877 What the fuck,@318532 Let's take a further look into this. Please send us a DM with your email and phone number linked to your account.,Fri Oct 13 03:45:26 +0000 2017,safety_fraud,
1868162,I’m in the back of the worst @115873. I honestly feel scared. I know that no ride share is perfect... but this is it for me. I feel so unsafe.,@558056 Sorry to hear about that! Send us a DM (direct message) with your email address so we can assist you.,Sun Nov 26 08:21:33 +0000 2017,safety_fraud,
483919,@144886 @115873 I was scammed and charged $150 by a uber driver for cleanup fees from some other rider. Now I cat contact Uber. This is a scam https://t.co/AVFm1VDvyw,@230121 We're here to help! Send us a DM with your email address so we can connect.,Fri Dec 01 14:48:36 +0000 2017,safety_fraud,
1399985,@Uber_Support I'm going to file a police report on the driver who fraudulently used my card. I need their information so I can press charges,@445525 We're happy to look into this - send us a note at https://t.co/jm4ITwt95w so we can follow up!,Sat Oct 28 16:48:29 +0000 2017,safety_fraud,
1551412,Always been a fan of @115873 till tonight. Totally unsafe and ruined my experience. Never using ever again.,@480080 Here to help! Send us a note here; https://t.co/yfZfahBCoB and our team will be able to assist!,Sat Nov 04 03:23:20 +0000 2017,safety_fraud,
2344144,@115873 you all have drivers scamming customers for $150 cleaning fees when there was NO incident at all requiring a car to be cleaned. This is unacceptable &amp; policies need to be changed immediately. There should be a NO tolerance policy regarding drivers stealing from customers.,@677927 We're sorry to hear this. Please send us a note at https://t.co/a6RfeBkKmr and we'll be happy to look into this for you.,Mon Nov 13 15:51:34 +0000 2017,safety_fraud,
174190,@Uber_Support ORRRRR you can refund me the $150 you scammed me out of? Which news station do I️ take my story to? You can chose!,@156824 Sorry for the trouble! Kindly send us your email address via direct message (DM) so our team can assist.,Fri Nov 24 23:12:04 +0000 2017,safety_fraud,
2420905,"What's going on w @115873 support lately? Had a driver make me wait in his car while he refilled his tank, and got nowhere with support. Multiple drivers with unsafe (check engine light, cracked windshield, etc.) and dirty (car smells like smoke). Might make the perma @115879 switch.","@695423 That's completely unacceptable, Aaron. Send us a DM with your email address so we can follow up ASAP.",Tue Nov 14 17:02:05 +0000 2017,safety_fraud,
1042380,"@115877 Has a problem with delivery control. Paid for food which never arrived, now I’m being accused of fraud. #neveragain #crooks",@366451 Oh No! Please send us your email and the order details so we can look into this issue.,Mon Oct 23 01:05:27 +0000 2017,safety_fraud,
2349769,@115873 support I have received multiple Text messages from multiples phone asking me to confirm my Uber account? Scam? LMK,@679194 Here to help! Send us a note at https://t.co/kGIXas5Cxg so our team can connect.,Mon Nov 13 17:10:35 +0000 2017,safety_fraud,
2705114,@Uber_Support can I talk to someone about a fraudulent charge from uber on my bank account? Bank suggested talk to uber first.,"@759746 We're here to help! Send us a note here, https://t.co/kGIXas5Cxg and our team will be in touch.",Sun Nov 19 22:31:24 +0000 2017,safety_fraud,
1070223,@372533 @Uber_Support Is this not fraud? Disgraceful service!,@372534 So sorry about the trouble! Please send us a DM with your email address so we can connect.,Mon Oct 23 16:01:45 +0000 2017,safety_fraud,
1801331,"@Uber_Support one of your inebriated drivers threatened to fight, then run over, my friend last weekend so I immediately called the crisis line but have yet to hear back...","@541261 This is very concerning, Luke! Please send us a DM with your Uber email address + trip details so we can follow up as soon as possible.",Fri Oct 13 00:50:49 +0000 2017,safety_fraud,
2206350,Some hacked @115873!!! Networks down in Boston #sendhelp,@645104 Here to help. Send us a note at https://t.co/PWVkQvrcL1 so our team can connect.,Thu Nov 09 23:48:24 +0000 2017,safety_fraud,
688502,"@Uber_Support @115873 no response from uber side even after 2 days of written complaint, your driver had shown unsafe behaviour. Its very discouraging.",@284487 So sorry about the trouble! Please send us a DM with your email address and more details so we can connect.,Sat Nov 25 07:39:30 +0000 2017,safety_fraud,
568868,Dear whoever’s using my card for @115873 rides: I reported my card stolen so you can stop now.,"@253466 Here to help! Send us a note here, https://t.co/kGIXas5Cxg, and our team will follow up.",Sun Dec 03 02:40:31 +0000 2017,safety_fraud,
2207953,@Uber_Support So how do I send you the drivers info via the app? Obviously they know if they cancel people can’t easy complain about the scam,@326038 Here to help! Send us a note at https://t.co/fS660rQ8NQ so our team can connect right away.,Fri Nov 10 01:52:42 +0000 2017,safety_fraud,
1747504,@Uber_Support ... I already told you that form doesn't work. In the tweet you responded to. Where is the care here?,@303794 Hi there! We see your outreach via in-app. It seems that a member of our team has already responded to your query. Please reply there for an additional question.,Mon Nov 13 13:20:50 +0000 2017,technical_issue,
2412758,So @115877 &amp; @148768 cancelled my order after it wouldn't show up on the app for time. There is a store 2 min walk ermmm what's going on. I want free doughnuts,"@693610 We’re sorry to hear you are experiencing trouble. Please try and re-order again. If you would like us to look into it, send a note through the ""Help"" section in the UberEATS app.",Tue Nov 14 14:33:41 +0000 2017,technical_issue,
2133279,@115877 your app keeps denying my payment info please help!,@627687 We're here to help! Please send us a note via https://t.co/nNTmqKFfZd so we can connect.,Wed Nov 08 20:34:10 +0000 2017,technical_issue,
1597400,@Uber_Support I gotta reset my password and can't get into my email cause I lost phone. Please help me,@490708 Hi there! Please reach out to https://t.co/QDn91HzZV0 and our team will be in touch.,Sat Nov 04 22:22:24 +0000 2017,technical_issue,
123156,"@Uber_Support, dear Uber, why you currently unavailable? What happened dear?","@143509 Hi, Rajiv! Sorry for the trouble. Kindly send us your email address via direct message (DM) so our team can follow-up.",Fri Nov 24 00:31:38 +0000 2017,technical_issue,
830171,"Absolutely appalling service. Delivered a completely wrong order and the ""help line"" hung up on me. @115877",@317680 We've responded via DM!,Sun Oct 08 20:20:39 +0000 2017,technical_issue,
2336163,This exact thing happened to me as I sat in the passenger seat for a 40 min ride and @115873 still hasn't done anything about it https://t.co/hmHZLvE9oy,@675934 Sorry to hear about this! We've sent you a DM.,Fri Oct 20 02:40:40 +0000 2017,technical_issue,
1824980,"@115873 @116288 So, immediate help during a trip can't be possible! BAD!","@547841 Hi, Baidya. Please send us a DM with your account email address + details and we'll be in touch.",Wed Oct 18 03:10:36 +0000 2017,technical_issue,
2194286,@115873 what must for the happen now when my app is not working? 😞,"@642104 Here to help! Follow up here; https://t.co/SjsQQ8ofRq, and our team will connect right away.",Thu Nov 09 19:25:16 +0000 2017,technical_issue,
317125,@Uber_Support my account is blocked since past 6 months. Everytime i see the below #error while booking a ride. https://t.co/AlxBDoHaOq,"@191686 Happy to help, Aditya. Please send us a DM with your account email address + details and we'll be in touch.",Sat Oct 07 08:24:42 +0000 2017,technical_issue,
1530059,@Uber_Support Just says there is an error and then I get locked out. Is it an issue with my bank??,@460712 We will be following up via your existing support message/email.,Fri Nov 03 20:26:48 +0000 2017,technical_issue,
2323235,@Uber_Support Why do you have such pesky drivers ???? They cancel on your customers cos they are choosy about going places. Why should I pay for his fault ? This hasn't happened once. Please be foolproof with your cancellation policy . Disgusting.,@673139 We can definitely follow up! Send us a note here; https://t.co/h840Iouehc so our team can connect.,Mon Nov 13 14:37:17 +0000 2017,technical_issue,
2802506,"@Uber_Support The app wouldn't let me tip my last driver! Please help, he was excellent!","@781765 Hi, Kathleen. Happy to help! We recommend uninstalling and reinstalling your app before following the steps provided: https://t.co/r8kAQthr56. If you are still not seeing the option become available, it is likely your driver has not opted into receiving tips yet.",Wed Nov 22 00:55:27 +0000 2017,technical_issue,
2582025,"Hey @115873 drivers, it’s ok to fart in your car.it happens. But PLZ open windows and drive around for 3-5 minutes before a pickup. Thx.",@731770 That doesn't sound right! Send us a note via https://t.co/fS660s7JFo so we can follow up.,Thu Nov 16 22:52:53 +0000 2017,technical_issue,
2456813,.@115873 my app says I was not charged for cancelling 3 rides but I have been charged on my card. Please help fix this,"@703743 We're here to help! Send us a note here; https://t.co/hr88X1ZGuG, and our team will connect right away.",Sun Oct 29 17:58:03 +0000 2017,technical_issue,
80887,"@Uber_Support I took a video of the driver surfing FB but don't want to post it here in public. Will send it to you thru the Uber app. Obviously you have work to do in training your drivers on traffic rules, safety and service!",@133947 Oh no! Sorry to hear that. Please send us a note in the app or by visiting us at https://t.co/z8NNR56eyf. We'll make sure to review this trip carefully and take appropriate action.,Thu Nov 30 13:43:48 +0000 2017,technical_issue,
2456217,"@Uber_Support I deleted my account over a month ago, but my account info is still showing as disabled. I was told it would be deleted in 30 days. I can't use the help feature because I don't have/don't want to reopen the account. Please help!",@703595 Here to help! Send us a note here; https://t.co/T9QCqACqox and our team will be able to assist!,Wed Nov 15 03:47:58 +0000 2017,technical_issue,
2410619,@Uber_Support I have been cheated by uber for my 13th Nov booking where your app has issue but I was charged Rs. 42. Raised case with Govt. Case id DOCAF/E/2017/02975,"@692702 Sorry for the trouble! Send us a note here, https://t.co/1xM0TILvAI and our team will be in touch.",Tue Nov 14 16:34:25 +0000 2017,technical_issue,
2639747,@Uber_Support Thanks. I can't log into my personal Uber account any more...need help,"@744976 Sorry for the confusion! You can use this link instead; https://t.co/Md7v036OoC. If you'd like, you can also DM us with your email address so we can assist!",Fri Nov 17 21:45:39 +0000 2017,technical_issue,
2718090,@Uber_Support unable to get account verified otp never on time.. 918686507007 make it done,@498978 Here to help! Send us a note at https://t.co/RY2a0oDSbF so our team can connect.,Mon Nov 20 07:51:22 +0000 2017,technical_issue,
2680846,"@Uber_Support We have, it doesn't work. Do you not have a customer support number?","@754215 We definitely want to take a closer look. However, due to our policy terms and conditions, we will need to discuss this with the account holder. Please message us with the email address via DM associated with the account and we'll follow up with him directly via in-app support.",Sun Nov 19 15:05:32 +0000 2017,technical_issue,
2122631,@uber_support So here I am in Mexico city with a habitual error message AFTER I cleared my card. Even added a diff card. Why can't I get a ride?,@625328 We're here to help! Please send us a note here; https://t.co/xMxswVLBKT so our team can assist.,Wed Nov 08 15:48:53 +0000 2017,technical_issue,
497649,@115873 if I’ve booked a trip will it defo happen?? Worried they won’t take me where I need to go !,"@233762 Hi there. Scheduling a ride in advance does not guarantee you'll be connected with a driver. In the rare case that a driver can't be found, you'll be notified at the end of your selected time window of 15 minutes. For more information on this, click here; https://t.co/avOql7o416.",Fri Dec 01 18:47:36 +0000 2017,technical_issue,
1621326,Anyone know any good cab apps. I'll never use @115873 @Uber_Support again. Tryna charge me for someone else's messy behaviour! https://t.co/cYuMPYpqE5,@496830 So sorry about that! Send us a note via https://t.co/a6RfeBkKmr so our team can help.,Sun Nov 05 16:42:59 +0000 2017,technical_issue,
2705104,"@Uber_Support Hello, I received a promo code for $5 off my first order on UberEats, but it's not working. It's telling me ""Promotion code is not valid."" Can we get this fixed?",@759741 Here to help. Send us a note at https://t.co/h3vAjBLlBH so our team can connect.,Sun Nov 19 22:39:27 +0000 2017,technical_issue,
1831777,@Uber_Support how do I cancel an invoice? I don't find and option on your websites #helpmepls 😢,@549613 Thanks for reaching out. We're not exactly sure what you're wanting to do. Could you please DM us with more details on your qeustion?,Mon Oct 16 16:42:08 +0000 2017,technical_issue,
1310259,@Uber_Support This link is not opening. anyways I submitted through the app. account mobile njmber 9873471270. kindly see to this.,@426191 Hi Anshul! Our team is reviewing your email and will be in touch. We appreciate your patience!,Fri Oct 27 06:00:09 +0000 2017,technical_issue,
1732164,@Uber_Support I have already send PM on Twitter and have sent message to customer care on app. No response and resolution so far,@451521 Our team is currently reviewing your email and will follow up. Thanks!,Tue Nov 07 12:43:28 +0000 2017,technical_issue,
916665,"@Uber_Support Unfortunately, I am not being helped and your driver will get away with the theft. Very disappointing.","@337636 Check your DMs, we've followed up there.",Sat Oct 21 22:43:44 +0000 2017,technical_issue,
2674218,@Uber_Support I cannot get a verification code from your system to renew my Uber license.. Please help..,"@752833 We're here to help, Jesse! Send us a DM with your email address and more details so we can follow up.",Tue Oct 31 12:14:13 +0000 2017,technical_issue,
2410611,"@148768 @115877 That’s it, this app’s going to the bin. Back to deliveroo","@693079 We're working hard to sort a technical issue caused by high demand. Please doughnut worry, there will still be plenty of time to order. If you're not immediately connected, do try again.",Tue Nov 14 14:30:58 +0000 2017,technical_issue,
2449750,@115877 why is your website awful,@702112 So sorry about the trouble! Please send us a DM with your email address and more details so we can connect.,Sun Oct 29 15:59:20 +0000 2017,technical_issue,
2390574,@148768 @115877 Aanndd the app crashed.,"@692241 We've been overwhelmed by demand! Please try uninstalling and reinstalling the app. Supply is limited, but please keep trying.",Tue Nov 14 14:06:48 +0000 2017,technical_issue,
1752562,"@Uber_Support Are there any considerations in place for handicapped riders? It's very hard to get to ""help"" on the app unless it's about specific rides.",@527964 Happy to help - please look into https://t.co/jVHCza2seb for additional assistance about accessibility.,Tue Oct 17 19:57:52 +0000 2017,technical_issue,
95707,"@Uber_Support my email is __email__, I was charged for a trip to a different card, because the payment with the main card was not made, the day of the trip was made a payment test for 260 pesos approximately and and has not been debugged","@135844 We recommend deleting the tweet containing your private information, Antonio. We have located your support inquiry and can see we've been in touch there. Please be sure to check your inbox for our reply and get back to us there.",Thu Nov 30 15:45:23 +0000 2017,technical_issue,
1240599,Second time in two days @115873 mapping cars have just suddenly decided to stop and almost caused accidents. #notokay #uber,"@410989 We have followed up via DM, Kristin.",Thu Nov 30 19:49:49 +0000 2017,technical_issue,
2416850,@115877 website/app crash in Phoenix market?,"@694568 We're here to help, Paige! Send us a DM with your email address so we can follow up.",Sun Oct 29 09:36:54 +0000 2017,technical_issue,
1043285,"@115877 sucks. 1st time order: 30m after delivery was DUE, the apps says ""sorry couldn't find a driver, order cancelled"".",@366705 Oh No! This doesn't sound right. Please DM us your email and order details so we can look into this for you.,Mon Oct 23 01:10:24 +0000 2017,technical_issue,
2692911,@Uber_Support You need to add a call or email option for your support team your in app messaging system is not user friendly.,@756927 We're sorry to hear this. Can you please send us a DM of your email address so we can look into this?,Sun Nov 19 17:12:38 +0000 2017,technical_issue,
2226955,Absolutely shocking service from @115877 tonight. Will never order food using that app again.,@650054 Here to help! Send us a DM (direct message) with your email address with more info so we can assist.,Fri Nov 10 09:03:37 +0000 2017,technical_issue,
73677,@115873 @Uber_Support Booked a cab but cancelled by the driver and bear by us? What’s this happening? Is this the way you charged more or looting from your customer? https://t.co/ljO7bl4RX9,@132479 Here to help! Please send us a note at https://t.co/h840Iouehc and we'll be happy to look into this for you.,Thu Nov 30 10:34:08 +0000 2017,technical_issue,
2827707,"@Uber_Support When I add the promotional code it throws me an error that your code is not valid, could you please check this from your end? https://t.co/3s0WonvuE1",@787591 Here to help. Send us a note at https://t.co/lqVgKo4ZO3 so our team can connect.,Mon Nov 27 11:05:30 +0000 2017,technical_issue,
1058123,@Uber_Support Just got out of a movie and it's still happening. https://t.co/2d1M3WS8rS,@369825 We see your message and will be following up via DM.,Sun Oct 15 06:09:15 +0000 2017,technical_issue,
351968,"@Uber_Support , don't see proper option for it in app also. High time you guys start customer care for response and safety to the customer",@199707 We've followed up via DM!,Sun Oct 08 11:48:55 +0000 2017,technical_issue,
786192,@Uber_Support Why can't drivers cancel rides? He couldn't find me and then I had to cancel 😟,@307549 Sorry to hear about the trouble! Please send us a message at https://t.co/QsI1vsvcif with the details and we'll follow up.,Thu Oct 12 02:20:24 +0000 2017,technical_issue,
2206375,@Uber_Support my Uber driver showed up to the wrong location twice. Almost had me miss my flight and your response is basically oops things happen. What insanity I’ll never use uber again ✌🏾✌🏾,@645113 So sorry about that! Send us a DM with your email address so we can connect right away.,Thu Nov 09 23:47:18 +0000 2017,technical_issue,
2665629,"@Uber_Support So utterly frustrated. I'm trying to go through your official prescribed process and it just doesn't work, nor does it produce a helpful error message.","@751020 Sorry to hear about the trouble. Visit https://t.co/oPsmsdUCX5 for information on this issue. If you have any questions, please sign in through the link provided so we can assist you as quickly as possible. https://t.co/7Iluzs7L9x",Sun Nov 26 22:19:10 +0000 2017,technical_issue,
2592331,"@Uber_Support someone stole my phone and is using the Uber app but I can't log on to stop them, can you help?",@734162 Here to help! Contact us here; https://t.co/kGIXas5Cxg so we can take a closer look.,Fri Nov 17 01:34:31 +0000 2017,technical_issue,
669288,Someone stole my @115873 and they fucking charged me for it. Why did I reinstall this app??,@175734 Here to help! Send us a note via https://t.co/bGbBMJqMgN and we'll be in touch.,Thu Nov 23 04:40:58 +0000 2017,technical_issue,
1415318,@Uber_Support My phone # is wrong under my account info. I can’t receive txt verification codes and when I correct the # I get an error code,@448905 Here to help! Send us a note here; https://t.co/dwDjAokZht and our team will be able to assist!,Thu Nov 02 01:18:43 +0000 2017,technical_issue,
100098,"@Uber_Support Its okay, I didn't want food I ordered on @115877 . Missing items and double the estimated time to arrive, didn't realise that was how @115877 worked. Plus no contact number, no response to support messages and very vague customer service advice. Disappointed",@137932 So sorry about that! Send us a DM with your email address so we can connect right away.,Thu Nov 30 16:57:04 +0000 2017,technical_issue,
699924,@Uber_Support I’ve complained via the app. Doesn’t change the fact that I’m stuck somewhere though,@286992 We're sorry to hear this was your experience. Send us a DM with your email address so we can follow up.,Thu Nov 23 16:07:12 +0000 2017,technical_issue,
2117971,"@Uber_Support I was emailed a few days ago about purchasing a ridepass, I went to the app to buy today and there was nothing there. plz help",@251811 Hey Angelica! Can you please provide your account email so we can better connect? We will follow up.,Wed Nov 08 14:01:54 +0000 2017,technical_issue,
1571074,@Uber_Support I reinstalled app. However I'm not getting the SMS with code.,"@484438 Sorry for the trouble! Send us a note here, https://t.co/dwDjAoCA91, and our team will be in touch.",Sat Nov 04 17:16:46 +0000 2017,technical_issue,
1522773,Why don’t @115873 drivers use the Uber app? You get in the car and they like where you going mate? Then they ask where you want to get out.. 😑,@473188 We're sorry to hear this was your experience. Contact us via https://t.co/fS660rQ8NQ and we'll be in touch.,Fri Nov 03 20:58:12 +0000 2017,technical_issue,
468318,Met 3 people in the last one week who don't ride with @115873 drivers who are less than 4.5 rated. Is this a thing that is common? Is that Black Mirror episode really happening?,@226509 Here to help! Please reach out to https://t.co/QDn91HzZV0 and fill out the 4 boxes at the bottom so we can get in touch.,Fri Dec 01 06:02:03 +0000 2017,technical_issue,
1404088,I cannot tell you how many times an @115873 driver has said they picked me up on the route but actually didn't. DISGUSTING customer service.,@446434 We're sorry to hear this was your experience. Can you send us a DM with your email address so we can connect?,Mon Oct 16 16:54:12 +0000 2017,technical_issue,
2881600,"@Uber_Support Hi, I'm unable to link my PayPal account with Uber. It gives me an error saying, ""Unable to add this PayPal account. There was a problem connecting to PayPal. Try again later."" (I'm able to make purchases using my PayPal account on other sites, though.)",@799564 Happy to follow up! Contact us via https://t.co/yqIhbGRNqi so we can connect.,Tue Nov 28 09:19:27 +0000 2017,technical_issue,
2522609,Hey @115873 explain to me why my app suddenly doesn’t allow me to call for rides and the only response I got in the email I sent you was ‘just change your payment method!’ when I clearly states ALL my methods of payment are being declined with an ‘Oops! Something went wrong!’,@718429 Here to help! Send us a note at; https://t.co/xMxswVLBKT so our team can assist.,Thu Nov 16 01:41:04 +0000 2017,technical_issue,
1342854,@Uber_Support Considering you guys dont have a list of locations and carseats are 30 pounds themselves. Your website tells me to find the info myself. https://t.co/hArt1UGgp5,"@433191 You can always go here https://t.co/7nLCPSOc8m, to see if that vehicle option is available in your city.",Fri Oct 27 16:12:47 +0000 2017,technical_issue,
2226926,@Uber_Support i would like to know what is a next step after you have uploaded all documents required because when am trying online session it does not allow me to log n my code is sphephelom32ue email is __email__ i would appreciate if i get the response to myemail,@650043 We can take a look! Send us a note via https://t.co/LDXEzScUGp so our team can get in touch.,Fri Nov 10 09:44:17 +0000 2017,technical_issue,
1551711,"@Uber_Support it keeps saying there is a server error when I try and enter my payment info, what's happening?","@480160 Here to help! For more info regarding your concern, please visit; https://t.co/YWcrRDAXHl",Tue Oct 17 03:24:24 +0000 2017,technical_issue,
55171,"@Uber_Support I've been on your shit website 3 times, get someone the fuck on it already",@128513 We're here to follow up! Please send us a DM with your email address so we can take a closer look.,Wed Nov 01 19:22:18 +0000 2017,technical_issue,
310846,@Uber_Support @119720 just had a driver that almost ran over my foot when I made myself known &amp; approached. Sped away then wouldn’t cancel,"@190232 We've located your support contact, Alexia. A member of our team will review and follow up as quickly as possible.",Sat Oct 07 02:11:33 +0000 2017,technical_issue,
1575475,@Uber_Support I logged into my account on a new phone. Payment options not showing up and I can't add new ones. Email: __email__,@485479 Here to help! Send us a note here; https://t.co/OhfgxSAY58 and our team will be able to help.,Sat Nov 04 17:51:16 +0000 2017,technical_issue,
273480,"It’s five fucking AM, there is no fucking need for surge pricing @115873 you money grabbers 😠 why am I still using this app?!? https://t.co/Qo0hnhDyfm",@149794 Rates will lower when demand goes down. Keep checking the app &amp; you'll see when prices are lowered.,Fri Oct 06 04:16:07 +0000 2017,technical_issue,
664013,@Uber_Support 68 days here waiting on Uber and checkr to complete a background check. Unable to get a real answer as to why my background check is taking 68 days. I contacted several court houses and there is no hold up on information being provided to checkr.,@278247 Here to help! Please send us a note via https://t.co/tMUZJWxRmw so our team can connect.,Thu Nov 23 02:01:21 +0000 2017,technical_issue,
2364964,@Uber_Support I really need help. please contact me. i haven't gotten ahold of my driver and my purse is in there. he has not voicemail set up. i can't get ahold of anyone at uber . PLEASE email me or call me . please.,@682782 Find out more about contacting your driver here; https://t.co/oY5vj3NqP3,Mon Nov 13 22:03:01 +0000 2017,technical_issue,
497647,"@Uber_Support can I get my verification code for my password reset, sent to my email? I can't get to the mobile number as it is my old number, that I couldn't alter because I dont know my password",@233761 Here to help! Please send us a note via https://t.co/bkUdpDezkY so our team can connect.,Fri Dec 01 18:45:13 +0000 2017,technical_issue,
1774127,@115873 @Uber_Support I've just had a very horrible xperience with an uber driver! This Is Very disappointing! M shocked nt xpected frm uber.,"@533182 Sorry to hear that, Ananya! Can you please provide us more details via DM? https://t.co/sd7yH5jmbJ",Tue Oct 17 21:18:56 +0000 2017,technical_issue,
2372465,"@Uber_Support Your upfront cost doesn’t show details of promo usage, and it turns out it is the cost after it’s applied. Very misleading.",@684487 We're sorry for the trouble! We're currently reviewing your email and will follow up shortly.,Tue Nov 14 00:49:58 +0000 2017,technical_issue,
2123757,"@Uber_Support It is shocking that your company does not have email address, company having website but no email.I have filled the form.","@625587 Thanks for filling that out! You'll be able to see our response directly in your email inbox, and reply to it just like a regular email.",Wed Nov 08 17:49:24 +0000 2017,technical_issue,
2577112,@Uber_Support Someone has hacked your app take all my secure information including my location information and is ordering food taxis everything how can this happen this is rediculous they must have my card details aswell all because of your app,"@730718 Thank you for providing that information, Alexander. We've received your in-app support inquiry. A member of our team will follow up with you there as soon as possible. Please stay tuned for an update.",Thu Nov 16 21:44:09 +0000 2017,technical_issue,
2437803,@115877 appalling customer service the delivery driver was rude and forgot our drinks!,@312115 Sorry for the trouble! Send us a note via https://t.co/hVMgTsth35 so we can connect.,Sun Oct 29 15:24:17 +0000 2017,technical_issue,
156060,@115873 @Uber_Support also when I mailed my problem to your team I did not get any response. @1143 is better than you in this aspect. Same problem of not able to access the app is faced by other people I know and different reasons have been given to each one of them.,@151831 Thanks for following up! Please confirm your email address or phone number through direct message so we can further assist.,Fri Nov 24 17:21:27 +0000 2017,technical_issue,
2412778,"@Uber_Support That link requires me to login... which I cannot do. How can I connect if I can't login? That is my problem. I can access email &amp; change password, but cannot login without phone number. Nor can I create new account with my email since someone else signed up with it. Please help.","@693619 Hi there, we're here to help! Can you send us a DM with your email address so we can assist?",Tue Nov 14 17:14:48 +0000 2017,technical_issue,
40582,@Uber_Support i am waiting for 15 minutes when waiting time was 5 minutes.. driver went right past me.. what is happening?,"@124907 We're here to help! Send us a note here, https://t.co/e8HVorX5rh and our team will be in touch.",Wed Nov 01 15:23:55 +0000 2017,technical_issue,
474454,@Uber_Support how to apply promo code.. or discount code pls say,@227918 Find out more info about how to apply promo code here: https://t.co/G9b42UeovC,Fri Dec 01 09:57:44 +0000 2017,technical_issue,
1936927,"@115873 your driver just accepted my ride to then call and say ""actually it's too far, can't be bothered, please cancel"".. advise? #uber",@576240 Sorry to hear about the trouble! Send us a note here https://t.co/pCZ12w4Rxo and a member of our team will be in touch asap.,Fri Oct 27 23:01:40 +0000 2017,technical_issue,
2440954,"@115877 Youve charged me £10 for failed doughnut delivery. First you steal my happiness, now my money? #UberEats flop.","@700049 Sorry to hear that, Hanif! Please send us a note at https://t.co/PwMnPVp5yK so we can look into this further for you.",Tue Nov 14 19:55:40 +0000 2017,technical_issue,
2162603,"@Uber_Support Why make it hard for users to contact you? No email, no helpline. Only a website and FAQ's. Is this your idea of customer service?",@306166 Simply click on the 'Help' button in the app to contact us and we'll be in touch.,Thu Nov 09 05:18:48 +0000 2017,technical_issue,
1189813,"@Uber_Support I can't pay using credit card, i updated my card info but i still get an error messagewhen i'm using it to pay my rides.","@399652 Here to help! Send us a note here, https://t.co/yqIhbGRNqi, and our team will follow up.",Wed Oct 25 06:37:58 +0000 2017,technical_issue,
2541124,@115877 what’s with promo codes not working?,@722551 Here to help! Please send us a note via https://t.co/h3vAjBLlBH so we can connect.,Thu Nov 16 11:16:52 +0000 2017,technical_issue,
176047,"On the phone for 20, on the app and waiting outside and still can't get a taxi. Rmnd me #YVR WHY CANT WE HAVE UBER!? @115873 @10049",@157401 Here to help! Please DM us your email address so we can further assist.,Sat Nov 25 00:14:01 +0000 2017,technical_issue,
2542395,@115873 @Uber_Support NO DISCOUNT CAN BE APPLIED ON MY ACC. AND ALL RIDES WILL BE OFF FULL PRICE. well this msg flashing on coupon code box.well m also not talking any ride with this restrictions i have other options @722821,@722820 Here to help! Send us a note via https://t.co/L2aXwAc0Tb to assist you further.,Thu Nov 16 12:18:41 +0000 2017,technical_issue,
902920,"@115873 where's my 3 quid for my driver cancelling on me then, can't just work one way.....","@334343 We're here to help! Send us a note here, https://t.co/fS660rQ8NQ, and our team will be in touch.",Fri Oct 13 18:26:23 +0000 2017,technical_issue,
673321,@115873 fuck you. I tried to updated my information but apparently that isn't good enough for you. I'll be getting free rides from someone else you cunts,@280605 We're here to help! Please DM us additional details regarding your concern and the email address associated with your account so we can assist further.,Thu Nov 23 09:26:44 +0000 2017,technical_issue,
2138161,@Uber_Support so tired of getting into foul smelling X cars with stains on seats. What has happened to your QC?,@411968 We're sorry to hear this was your experience. Contact us via https://t.co/aBEgvdNWQN and we'll be in touch.,Wed Nov 08 21:40:34 +0000 2017,technical_issue,
1152851,@Uber_Support What is in app?,"@370809 Hi, Montse. Our messages can be seen in the Uber app under the ""Help"" section. Please keep all communications within that message thread.",Tue Oct 24 22:29:40 +0000 2017,technical_issue,
1102027,@Uber_Support Hey your app sucks and I am LIVID. It's not recognizing my Phone # and I ordered FROM THE PHONE IN MY ACCOUNT.,@380030 Here to help! Send us a note here; https://t.co/Md7v036OoC and our team will be able to assist!,Mon Oct 23 23:03:38 +0000 2017,technical_issue,
2082127,@115873 why is it impossible to get in contact with you? I have an issue but I can't get you to reply to my concerns. Please help!,@615766 Hi there! Send us your email address and provide more details of what the specific issue is? From there we'll be able to assist further.,Tue Oct 10 18:16:42 +0000 2017,technical_issue,
2573988,"@Uber_Support Someone finally answered the phone, said it was a network error and cancelled the order. Couldn't confirm if the error was with the restaurant or with Ubereats. I asked if I could try ordering from a different restaurant and they said to wait an hour before trying.","@729930 Hi, Adam. We're always striving to improve the UberEATS experience and appreciate you letting us know about this. Please go ahead and try ordering from a different restaurant at your discretion. If you experience further issues, please let us know.",Thu Nov 16 20:42:33 +0000 2017,technical_issue,
2377307,"@115877 Why did you email me a coupon that the app says I cannot use? ""Sorry, you cannot apply two of the same promotion.""",@685651 Thank you for reaching out! Send us a DM with your email address so we can follow up.,Tue Nov 14 03:25:44 +0000 2017,technical_issue,
1635226,"Still can't log into my @115873 account for uber eats, because it doesn't recognize my email. All while tech support emailed me at it.😏",@500204 We'd be happy to assist you with this! Please DM us your email address and we'll follow up.,Sun Nov 05 20:56:45 +0000 2017,technical_issue,
2426213,@148768 @115877 what happened to your giveaway the app &amp; website crashed ..????? https://t.co/wCmhuVWx93,"@696703 Sorry for the trouble, David! The high volume of users accessing the app may have caused a crash, please refresh/restart your app and try again!",Tue Nov 14 15:06:13 +0000 2017,technical_issue,
2912295,"@Uber_Support Guess u didn’t get what i mean, the trip hasn’t started koz your chauffeur with 4.71 ratings isn’t picking me up nor receiving calls. Apparently all your drivers only want to take airport drops at night.","@146015 We'd like to look closer into this. Please share details here; https://t.co/593jusCquh, so our team can further review and assist.",Tue Nov 28 22:11:46 +0000 2017,technical_issue,
2441928,@Uber_Support I’m getting daily offers via SMS but app doesn’t allow me to use them. Stop spamming or let me use them.,@700284 We're here to help. Send us a note at https://t.co/lqVgKo4ZO3 so our team can connect.,Tue Nov 14 23:33:58 +0000 2017,technical_issue,
2668803,@Uber_Support Hello - my app doesnt give me the option to schedule a journey in advanced - i am on android,@751707 Hi there! Please reach out to https://t.co/zUe0dj6yoX and fill out the 4 boxes at the bottom so we can get in touch.,Sun Nov 19 10:16:14 +0000 2017,technical_issue,
1508766,@Uber_Support I cant with the media device I have. It won't scroll down and I cannot enter my info to sign in without my phone please help,@470204 Happy to take a look. Send us a DM with your email address so we can connect.,Fri Nov 03 14:15:26 +0000 2017,technical_issue,
547180,"@Uber_Support ! I left my phone in a car yesterday, and can't log into my account because it asks for 2 factor authentication (via SMS). How do I report this?",@247274 Hi Daniel! We're here to help! Send us a DM with your email address so we can assist.,Sat Dec 02 17:31:27 +0000 2017,technical_issue,
2939671,@Uber_Support Have sent a message on my Uber app several times already. Awaiting for a response to my recent message.,@812490 Happy to take a closer look! Send us a DM with your email address with details so we can follow up.,Wed Nov 29 13:16:54 +0000 2017,technical_issue,
2818071,@Uber_Support app doesn't show the exact location. Screenshot when the cab is at my location. Have been charged wait period multiple times https://t.co/6Vj9mhDw3t,"@785540 Sorry for the trouble! Send us a note here, https://t.co/e8HVorX5rh, and our team will be in touch.",Mon Nov 27 04:47:23 +0000 2017,technical_issue,
1315598,@Uber_Support not able to book cab through app pls help,@427339 Here to help! Please visit for more info; https://t.co/xMxswVLBKT.,Fri Oct 27 07:00:50 +0000 2017,technical_issue,
1628052,@Uber_Support Insert Button Driver Not Responding &amp; when rider clicks that charge driver Rs.100/= block app to accept bookings. Difficult ?,@498421 Sorry to hear about this. Please send us a note here https://t.co/QsI1vsvcif so we can look into this further.,Tue Oct 17 06:21:17 +0000 2017,technical_issue,
2237950,@115873 i lost my mobile phone in the taxi. But i am really suprise to get pathetic support from your end. Even your support team is unable to give driver details. I only know his name Naveen Car- Chevrolet Enjoy Please assist as soon as possible. https://t.co/0ZpdZOM4Na,@652604 We apologize for the trouble! Send us a DM with your email address and we'll connect.,Fri Nov 10 17:32:24 +0000 2017,technical_issue,
2410843,@148768 @115877 It's not on the app! I want doughnuts :(,"@693168 We've been overwhelmed by demand! Please try uninstalling and reinstalling the app. Supply is limited, but please keep trying.",Tue Nov 14 14:19:34 +0000 2017,technical_issue,
707510,"@6980 I got the email for the new promo but it doesn’t show anything for it on the app, can you help?","@289144 We're here to help, Kenny. Please send us a DM with your Uber account email address, and the promo you're trying to use.",Tue Oct 10 19:45:37 +0000 2017,technical_issue,
2610817,@Uber_Support you owe me three refunds please advise who can actually speak to! Website not helping am afraid!,@738325 Here to help! Please send us DM your email address with details so we can follow up.,Fri Nov 17 11:20:53 +0000 2017,technical_issue,
268810,@Uber_Support your delivery partner app needs a time stamp on countdown for the confirm order screen so we know how long we've been waiting. https://t.co/iyGFbWqFoY,"@180091 Good looking out, Mathew! Thanks for the feedback. We're always working to provide you with new features, so stay tuned.",Fri Oct 06 00:21:56 +0000 2017,technical_issue,
1935120,@Uber_Support unable to contact support for account login registered with mob 9049993602 please help for the same,@575626 We're sorry to hear you're still having trouble. Send us a DM so we can help you get in touch with our team. https://t.co/sd7yH5AX3h,Sun Oct 29 06:57:43 +0000 2017,technical_issue,
2221248,"Today I booked @115873, it was supposed to be 2km trip&amp; actually happened 7 km! Paid Rs.60 extra! Is uber lost after it's CEO gone @Uber_Support pathetic! Happening quite often! Will never use, better to use @1143",@648761 Here to help! Can you please contact us via https://t.co/y4EDPcVZOI so our team can assist?,Fri Nov 10 13:20:30 +0000 2017,technical_issue,
2112996,@Uber_Support I have submitted a complaint via your app,@623087 Thank you for letting us know. We'll be sure to follow up with your request. We appreciate your patience.,Wed Nov 08 16:35:14 +0000 2017,technical_issue,
301934,"@Uber_Support Disappointed with UBER customer service resolution, never expected this from UBER !!!",@188037 We're happy to get another pair of eyes on this for you. Please DM us the email linked to your account so we can assist.,Fri Oct 06 20:50:51 +0000 2017,technical_issue,
2787954,"Huh, just found @115873 credit card is not issued in US, so it can’t be used in some websites who checks issue location!","@254426 Thanks for reaching out, Conan! Feel free to check out https://t.co/AUBShfYjaj for more details.",Tue Nov 21 19:08:45 +0000 2017,technical_issue,
1623958,@Uber_Support How do I completely delete my account? I've deleted the app but I want to fully remove my details.,@301337 Here to help! Send us a note at https://t.co/T9QCqACqox so our team can connect.,Sun Nov 05 17:25:42 +0000 2017,technical_issue,
127186,"@Uber_Support Yeah, your 'in touch' just included a sorry. Awful. Not the service I expect, you can't just say a sorry after wasting 1 hour of my time early in the morning.",@144556 We see that you have been in touch with us through in-app support. A member of our team will be in touch as soon as possible. We appreciate your patience.,Fri Nov 24 09:32:16 +0000 2017,technical_issue,
2379072,@115877 @Uber_Support @115877 I've talked to 3 different people and nothing's going to happen about this awful food that was delivered way to go guys,"@686062 Hi, Eva. We have located your support inquiry and if you would like to discuss this further please follow up with your in-app support message so we may follow up with you on this.",Tue Nov 14 19:03:26 +0000 2017,technical_issue,
601793,@115873 I'm doing thesis on app based taxies. Can I have personal chat with u. I need some Questions to be answerd by u people,@262808 Happy to help! Please reach out to https://t.co/QDn91HzZV0 and fill out the 4 boxes at the bottom so we can get in touch.,Sun Dec 03 21:49:35 +0000 2017,technical_issue,
1193507,@Uber_Support I need your help resetting pword you retired. App showed no car coming. It wouldn't let me cancel search. Then car came for fee. Refund me.,@312635 Hi there! Please reach out to https://t.co/QDn91Hiowq and fill out the boxes at the bottom so we can get in touch.,Wed Oct 25 00:58:02 +0000 2017,technical_issue,
2926794,Not happy with @115873. I've now had 3 drivers cancel on me. All I want to do is get out of LAX!,@751220 We apologize for the trouble! Please contact us via https://t.co/e8HVorX5rh so our team can connect.,Wed Nov 29 04:05:46 +0000 2017,technical_issue,
438947,@115873 @219270 @Uber_Support Promo doesn't work ) again 😒 Any recommendations??!! https://t.co/fpqUOuVnQ1,@219269 Hello! Thanks for your patience. Please check your DM for our reply.,Wed Oct 11 07:53:25 +0000 2017,technical_issue,
1386833,"@115873 @Uber_Support when msg clearly says code applicable til 16 oct, why is it not working. Earlier uber service was gud, now fooling cust https://t.co/gsONFQUJnP","@279187 Happy to help. Please go here https://t.co/lqVgKo4ZO3, so we can take a look.",Mon Oct 16 11:11:00 +0000 2017,technical_issue,
945758,"@137317 3 times now your Swansea store has cancelled on my @115877 order, what is going on at the store. Can't find the staff",@344262 Sorry to hear about any inconvenience. Take a look here for more info: https://t.co/t3fy5Wyywy.,Sat Oct 21 16:35:24 +0000 2017,technical_issue,
490744,"And the cab, which apparently has already arrived, is 8 mins away. #uberwoos @Uber_Support @115873","@231371 Hi, Koyel. We're here to further assist you. Send us a DM with your email address so we can follow up.",Fri Dec 01 16:26:05 +0000 2017,technical_issue,
1142187,"@115873 What happened to in-app tipping? Didn't ride while it was in trial. Went to tip last night, no option. Why?","@388851 Here to assist, Kristin! Please visit here: https://t.co/r8kAQthr56 for more on your inquiry.",Tue Oct 24 11:55:28 +0000 2017,technical_issue,
2805297,"@Uber_Support every time I try to order on UberEATS and get the verification codes, I get this error https://t.co/JXFz8gftWd",@782435 We're here to help. Send us a note at https://t.co/n3xLwM8eKI so our team can connect.,Wed Nov 22 02:13:00 +0000 2017,technical_issue,
416792,"@Uber_Support 2015 I spent approximately $1208; 2016 I spent $953, and $663 in 2017. #UBERWHO #IMPETTY #Lfty #adiosuber I now need @115879","@214432 We've responded via DM, please follow up there.",Tue Oct 10 02:25:56 +0000 2017,technical_issue,
14882,@Uber_Support Ur in app support refuses to acknowledge promise made by phone CS rep for refund. U used to have stellar CS. Now the worst.,@119222 We're here to help! Send us a DM with your account email address and we'll be in touch.,Wed Nov 01 02:00:50 +0000 2017,technical_issue,
724060,"@Uber_Support @116288 hey guys for a tech company your app really sucks on days esp before a flight &amp; advance booking! Does it take 11 mins to search? @116276 has his work cut out beyond fixing culture, get kids to fix the app.","@293402 Hey, please reach out with the details at https://t.co/PWVkQvrcL1 and a member of our team will be in touch.",Wed Oct 11 00:42:10 +0000 2017,technical_issue,
2826016,"@Uber_Support Hi. I want to delete my account but my password that I know is correct, doesn't work. Next steps?","@787231 We're here to help, Erin. Contact us through https://t.co/Md7v036OoC so we can assist.",Mon Nov 27 09:59:49 +0000 2017,technical_issue,
2800664,Love when my @91571 doesn’t show up and I have to book an @115873 for triple the price. How do you apply for a refund?,@400740 Here to help. Send us a note at https://t.co/0qkrx8eiTk so our team can connect.,Tue Nov 21 23:58:01 +0000 2017,technical_issue,
2127060,@115877 y'all got a lot of work to do smh disappointed.,@626292 We're here to help! Please send us a DM with your email address and more info so we can assist further.,Wed Nov 08 18:24:18 +0000 2017,technical_issue,
1589794,@Uber_Support I can't log-in so I can't get to the help page! I've tried about 20 times this morning already.,"@488824 Hello, Louisa. If you could please DM us with the email address linked to your Uber account, we can connect. https://t.co/sd7yH5jmbJ",Tue Oct 17 08:19:16 +0000 2017,technical_issue,
260119,Hi @115873 I've just been charged for a taxi I didn't order but your app doesn't let me talk to someone about it,@177889 We can absolutely follow up! Can you please send us a note via https://t.co/dInR3racif,Thu Oct 05 20:42:13 +0000 2017,technical_issue,
2508290,@Uber_Support There is literally nowhere on that page for me to explain what happened. It just asks for me to change my password. Okay done but y’all are still charging me,@715092 Happy to take a closer look! Send us a DM with your email address so we can follow up.,Thu Nov 16 03:17:13 +0000 2017,technical_issue,
2599787,"@115877 my promo code didn't work, again. This happened a few weeks ago and after many emails back and forth I was told I would get a refund. That never happened either. Wtf. Customer service has been the worst lately https://t.co/voYIf6koxg","@544436 Send us a note here;https://t.co/lqVgKo4ZO3, and our team will be able to help!",Fri Nov 17 06:33:49 +0000 2017,technical_issue,
1149830,@Uber_Support @Uber_Support There is no place on the app where I can report an incident like this,"@390578 Hi there! We're here to help. Send us a note here, https://t.co/Wavn5xnaeo and so our team will assist.",Tue Oct 24 14:27:28 +0000 2017,technical_issue,
1006790,"@115873 my account disabled and can’t reset, shambles of an app!!",@358239 We're here to help. Kindly send us a note via https://t.co/Md7v036OoC and our team will get in touch.,Sat Oct 14 13:36:56 +0000 2017,technical_issue,
2642845,@115873 ur driver cancelled n I need 2 pay 42 May that 42 turns out 42000000 4 u but I m uninstalling your app,"@745742 We can definitely take a closer look! Contact us here; https://t.co/593jusCquh , so we can help.",Tue Oct 31 01:49:03 +0000 2017,technical_issue,
1103802,Hey @115873 your stupid app just made me miss my bus to Amsterdam.. great service!!,"@380475 Here to help! Send us a note here, https://t.co/u3MyknJaaN, and our team will follow up.",Mon Oct 23 23:39:34 +0000 2017,technical_issue,
2776128,@Uber_Support I'm not able to use Uber since the system is not accepting my credit card (there's nothing wrong with my card). I was traveling overseas and am now using a new phone with a different sim. Reinstalling the app is not helping. Please help.,@775700 Here to help. Send us a note at https://t.co/yqIhbGRNqi so our team can connect.,Tue Nov 21 14:55:40 +0000 2017,technical_issue,
2695118,@Uber_Support Need to speak with someone via phone ASAP over charged and un-happy.,@757393 Our team is reviewing your email now and will be in touch. We appreciate your patience!,Sun Nov 19 18:22:51 +0000 2017,technical_issue,
2629055,@Uber_Support Already spoke to someone. Was told can't refund. Ya service sucks 🤷🏻‍♀️ I'll pick up my own food from now on.,@742197 Sorry to hear about that! Please confirm your email address or phone number through direct message so we can further assist.,Fri Nov 17 17:18:25 +0000 2017,technical_issue,
2070445,@Uber_Support my Uber eats app not working !,"@612306 We're sorry to hear you're experiencing some trouble, Megan! Please DM us so we can connect further about the issue you are having.",Sun Oct 08 22:07:20 +0000 2017,technical_issue,
2732546,@Uber_Support High I sign up yesterday loaded all my documents how long before approval? Thanks,@765956 Happy to follow up! Contact us via https://t.co/ILb6VgllH9 so we can connect.,Tue Oct 31 18:18:37 +0000 2017,technical_issue,
2463961,"@Uber_Support Hey. How do I change the phone number associated with my account? I can't login on my new phone cos I don't have the old number, and I don't want to change the email address associated with it.",@705227 Here to help! Check out https://t.co/ACn231rQL4 for more information.,Wed Nov 15 09:23:54 +0000 2017,technical_issue,
502625,"@115877 To say I’m hangry is an understatement. This is the second time in a row that I have had issues with you. My food hasn’t arrived, yet the app says it has been delivered. And there’s no way of speaking to anybody to get a refund! Why is your customer service so poor?!",@235084 We're so sorry for the trouble. Send us a note via https://t.co/nFTc4ODH3P so we can assist.,Fri Dec 01 20:04:25 +0000 2017,technical_issue,
1218440,@Uber_Support Do we have some human support for our queries??? My two coupons disappeared but no one responds?? Are we living in alien world,@405887 We're here to help! Send us a DM with your email address so we can follow up.,Wed Oct 25 14:21:14 +0000 2017,technical_issue,
2776120,"@Uber_Support Dear Uber support today I have booked a cab , driver was not reachable over phone so again re-booked and regret to say that Rs 47 has been charged with no reason. Unable to contact is not customers fault..Pl refund the same.",@775697 Here to help! Send us a note via https://t.co/1xM0TILvAI and we'll be in touch.,Tue Nov 21 14:57:16 +0000 2017,technical_issue,
2449620,@Uber_Support Can I get access to my uber through the website I have a blackberry and I can't find the app for it,@702081 We're here to help. Send us a note at https://t.co/nRKoixyM7h so our team can connect.,Wed Nov 15 02:41:58 +0000 2017,technical_issue,
457936,@Uber_Support Please calibrate ur apps too for smooth GPS update. Lot of times wrong bill has been generated due to GPS issue...,@229022 We're always considering to make changes to the app. We appreciate your feedback and will be looking into this further!,Fri Dec 01 09:07:21 +0000 2017,technical_issue,
2751185,@115873 @Uber_Support smh disappointed,@770226 We're sorry to hear about the trouble! Please contact us via https://t.co/h840Iouehc so our team can connect.,Tue Nov 21 00:44:19 +0000 2017,technical_issue,
1236343,"@Uber_Support Please fix this issue ASAP, so that I can start using Uber again, since I am unable to do so until this issues is resolved.",@409975 We're so sorry about that! Please send us a DM with your email address with details so we can connect.,Wed Oct 25 18:33:03 +0000 2017,technical_issue,
1105633,"@Uber_Support Hi - My driver tonight missed 2 turnings, meaning I got diverted and as such, charged much more than usual. Not happy!",@133683 Hi there! Here to help. Connect with us through https://t.co/y4EDPcVZOI and we'll be in touch.,Tue Oct 24 00:11:58 +0000 2017,technical_issue,
1249995,@115873 in my last journey I had already paid to driver by cash but in app asking for payment..Why..pls check.my no is 7797548833,@413281 Here to help. Send us a note at https://t.co/IJyXXAn11f so our team can connect.,Thu Oct 26 02:40:50 +0000 2017,technical_issue,
1025739,@Uber_Support Why Can't I use the same cell number for my UberX and UberBlack accounts? Only cell I have,@362708 We're happy to help. We just sent you a DM.,Thu Oct 12 05:29:44 +0000 2017,technical_issue,
605275,"@Uber_Support Got into App every Reset, but STILL NOT WORKING... Gives ERROR page after selecting Book Trip, Accept...",@263862 We're sorry to hear about the trouble. We've made some adjustments to your account and it should be good now. Please let us know if the issue persists.,Thu Nov 23 06:50:13 +0000 2017,technical_issue,
1138506,"@Uber_Support Cannot update my credit card information keep receiving ""Something went wrong"" What the fuck???!!! Why can we never receive assistance?",@388170 Here to help! Send us a note via https://t.co/OhfgxSAY58 so our team can get in touch.,Wed Nov 08 18:50:31 +0000 2017,technical_issue,
2427599,So @148768 didn’t show up when I searched on the @115877 app. I knew it was too good to be true. 😂😂😂 #con #KrispyKreme #UberEATS,@397320 We're so sorry you didn’t get your free Original Glazed Dozen box. Demand was through the roof and stocks ran out. Stay tuned for more fun promotions soon!,Tue Nov 14 16:55:39 +0000 2017,technical_issue,
2206436,"@Uber_Support I signed up deliver for Ubereats and submitted my documents last week. Background check was completed Monday. Got a pin texted to me last night, but no other info. Photo keeps disappearing from account too.",@645130 Here to help! Send us a note at; https://t.co/tv4psVy8sr so we can assist.,Thu Nov 09 23:39:36 +0000 2017,technical_issue,
349151,"@Uber_Support I signed up for uber drive months ago. My account shows up active on my computer but not in the app, Could you look into it?",@199101 Please send us a DM with your account email address + details and we'll connect.,Sun Oct 08 06:39:58 +0000 2017,technical_issue,
2426182,@Uber_Support What happened to all the spare doughnuts 😒,"@450462 We're so sorry you didn’t get your free Original Glazed Dozen box. Demand was through the roof and stocks ran out, leading to difficulty for some users trying to get theirs. Stay tuned for more fun promotions soon!",Tue Nov 14 19:51:10 +0000 2017,technical_issue,
2593442,"@Uber_Support Getting error while booking ride on uber today , can you help",@734447 Here to help. Send us a note at https://t.co/u3MyknJaaN so our team can connect.,Fri Nov 17 01:59:52 +0000 2017,technical_issue,
695412,@Uber_Support I can't start sesion yet. the app said I need to update something in my account to start sesion but I am not sure what that is,@285866 We're here to help! Send us a note via https://t.co/tv4psVy8sr so our team can assist.,Thu Nov 23 15:38:47 +0000 2017,technical_issue,
1483049,@115873 I just tried to register in Uber app and it says my number is blocked. May I know why my number 9164400444 is blocked?,"@464377 Here to help! Send us a note here, https://t.co/Md7v036OoC, and our team will follow up.",Fri Nov 03 02:21:13 +0000 2017,technical_issue,
2538203,"@115873 @Uber_Support wtf?! Scheduled a pickup yesterday for 4:15am to airport Uber canceled the ride at like 4:10 with absolutely zero notifications, emails, no errors, it’s as if the ride never existed - even though I confirmed it a dozen times! Glad I checked... #annoyed #pissed","@721917 Sorry for the trouble! Send us a note here, https://t.co/593jusCquh, and our team will follow up.",Thu Nov 16 09:30:26 +0000 2017,technical_issue,
1034296,@Uber_Support Hahaha same reply for all the query same you guys are doing on app. What the funny support system you guys have...,"@344826 As previously mentioned, we'll be following up with the account holder via email due to our privacy policy ( https://t.co/HcVH2Xso6Y ) which we have provided. We apologize for any inconvenience this may be causing you and appreciate your continued patience throughout this matter.",Mon Nov 27 16:50:23 +0000 2017,technical_issue,
1330906,"Had an uber eats order last week come without part of meal, told we would be refunded, still got nothing and now can't respond to the email?","@430496 Sorry to hear about the trouble, Ethan! Please DM us with the email linked to your account and we'll get a closer look at this concern.",Fri Oct 20 22:35:44 +0000 2017,technical_issue,
332864,@Uber_Support Solved it! Found the appropriate option in the trip details after cancelling. Thanks :),"@12741 You're welcome, Dan. If there is anything else we can assist with, please let us know!",Sat Oct 07 19:03:59 +0000 2017,technical_issue,
905329,I’m about to start crying in @Walmart because the fucking @115873 app won’t work. I just bought 50 bucks in credits AND MY BALANCE IS 35 CENTS,@334925 We see your message and will be following up via DM.,Sat Oct 21 01:21:38 +0000 2017,technical_issue,
100058,@Uber_Support This is what is showing on my app. I have uninstalled and installed a new one still the same. Please help cause I can't access it. https://t.co/54QqMRbX7G,@137917 Happy to help! Please reach out to https://t.co/zUe0dj6yoX and fill out the 4 boxes at the bottom so we can get in touch.,Thu Nov 30 17:07:40 +0000 2017,technical_issue,
837922,"@Uber_Support is Uber still doing the Visa Local Offer promo? It hasn't been showing on my app. When I re-downloaded it, it all disappeared","@290089 Happy to help! To find out more on promotions in your city, visit our Blog site here https://t.co/wcgVfgocA6.",Thu Oct 12 21:50:51 +0000 2017,technical_issue,
443060,@Uber_Support its disgusting 40 hrs passed still ur unable to soilve my problem i will apeal all people dont user uber again because they cheat first u taken money from me now again ur sysyem saying this card owes money,"@131440 We're sorry to hear you're still experiencing this issue, Jammy. We followed up via DM.",Wed Nov 22 09:01:54 +0000 2017,technical_issue,
2826824,@Uber_Support Please what's happening as I've been unable to request a ride for months now. It keeps giving this error message in the screenshot. I've uninstalled and reinstalled the app and it's still the same.pls help https://t.co/CQf2kYkzin,"@787396 We're here to help, Atinuke. Contact us through https://t.co/xMxswVLBKT so we can assist you.",Mon Nov 27 10:38:44 +0000 2017,technical_issue,
2969576,"@Uber_Support I can’t connect, I don’t have an account with you, that’s what’s worrisome. I don’t want to make an account. I need for you to investigate what’s happening and advise...",@819104 Happy to take a closer look! Send us a DM with your email address and additional details so we can connect.,Thu Nov 30 00:54:10 +0000 2017,technical_issue,
42682,@Uber_Support Somebody is using my account illegally . Your app and website do not address these issues . I have changed the password 5 times,@125439 Please send us a DM with your Uber account email address and phone number so we can follow up. https://t.co/sd7yH5jmbJ,Wed Nov 01 15:44:45 +0000 2017,technical_issue,
339177,@115873 @196983 @144907 @71218 I book ride on Uber but becoz their app's bug it charged me for a ride which i did not took.Its been more than 2 months but they hav't reslv,"@610538 We'd be more than happy to investigate this charge for you, Amit! Send us a DM with your email address + additional info so we can connect.",Sat Oct 07 19:46:51 +0000 2017,technical_issue,
1658348,@Uber_Support My driver's app wasn't working.He tried for 15-20 mins and then said you need to take another cab and charged cancellation fee,@505966 We're sorry to hear this was your experience. Contact us via https://t.co/h840Iouehc and we'll be in touch.,Mon Nov 06 04:31:17 +0000 2017,technical_issue,
2826821,@115877 I’ve just ordered a McDonald’s breakfast again and now all my drinks spilled and it’s totally ruined my food as the driver didn’t pack it properly so I want to make a formal complaint and get a full refund as not happy.,@787395 Here to help. Send us a note at https://t.co/qLzKaGQcAg so our team can connect.,Mon Nov 27 10:43:50 +0000 2017,technical_issue,
2762784,@115873 Need help!! No response from your in app chat support its been more than 16 hours already...,@772891 Happy to connect! Can you send us a DM with your email address with more info?,Tue Nov 21 07:43:39 +0000 2017,technical_issue,
2422844,@148768 @115877 Ahhh! We’re trying desperately but its not working. #sendhelpsanddoughnuts https://t.co/pPeU5wdvuP,"@590493 We've been overwhelmed by demand! Supply is limited, but please keep trying.",Tue Nov 14 14:04:32 +0000 2017,technical_issue,
1593423,"Dear @115873 mumbai, please take off the cabs like MH03BC5583 who doesn't have working AC even after paying premium. Drivers don't want to follow the routes properly. I just noticed the cab number itself has BC then journey can't be smooth.",@489723 We're here to help! Send us a DM with your email address so we can assist.,Sun Nov 26 03:32:11 +0000 2017,technical_issue,
833207,"@Uber_Support, I bought a Groupon a while back and never used it. My credit doesn't appear on my account. Help, please.","@318421 Here to help, Candice! Please connect with us here; https://t.co/qHI8xcWfiW so we can follow up right away with you.",Fri Oct 13 00:41:13 +0000 2017,technical_issue,
2736509,@Uber_Support Sick to death of Dallas TX Uber drivers speaking to me on the phone right up until they aare within a block of my apt and then cancelling unexpectedly. Why can't they find my Condo complex whenI'm on the phone with them giving directions??? ANGRY -1/2,@766850 Sorry to hear about that! Send us a DM with your email address so we can further assist.,Mon Nov 20 20:11:35 +0000 2017,technical_issue,
1636677,"@115877 So, applied promo code and it shows in UBEREATS app, but been told it's for RIDES; misled and not happy!",@497681 Sorry to hear about the trouble. We just sent you a DM.,Sun Nov 05 20:47:52 +0000 2017,technical_issue,
2390694,"@148768 @115877 This isn’t working on my UberEATS app. Can’t find Krispy Kreme,",@696674 We're so sorry you didn’t get your free Original Glazed Dozen box. Demand was through the roof and stocks ran out. Stay tuned for more fun promotions soon!,Tue Nov 14 16:19:15 +0000 2017,technical_issue,
1948335,"@Uber_Support Thanks, but doesn't really help. I want to keep push notifications in the Uber app when I ride, but don't need all the commute requests","@578870 Happy to help, Conrad! Please DM us the email linked to your Uber account so we can look into this further for you. https://t.co/sd7yH5jmbJ",Mon Oct 30 15:06:51 +0000 2017,technical_issue,
2253859,@Uber_Support I followed the link but just takes me to your site. The reference for the ride appears to be TripTetjc #uber it was a random $6 charge,@656534 Here to help! Send us a DM with your email address so we can connect.,Sat Nov 11 06:30:57 +0000 2017,technical_issue,
1000672,Hi @Uber_Support I'm trying to report an issue via your app and it's not one of your pre defined options. What do you suggest I do?,"@356904 We recommend selecting the issue type that best suits your inquiry, provide specific details, and we'll follow up!",Sat Oct 14 09:24:55 +0000 2017,technical_issue,
2698085,"@Uber_Support Your response was completely unsatisfactory. Apparently you think it's OK for a driver to kick a woman out of his car on a dark street corner after she asked him to check the traffic to Hollywood and he refused. NO, IT IS NOT, and a simple fare refund and a LAUGHABLE $5 credit?",@364341 We've followed up via DM!,Mon Nov 20 05:12:15 +0000 2017,technical_issue,
1822705,"@Uber_Support Hi, I’m receiving lots of text messages (30) with a new activation code. What is happening? I didn’t ask for them.","@547176 Thanks for reaching out, Stefano. We'd like to take a closer look on our end. DM us your Uber account email address so we can follow up.",Sun Oct 15 18:04:52 +0000 2017,technical_issue,
1350745,@Uber_Support respond to uner app help,@434963 Our team has recently responded via email. Please reply there if you have additional questions!,Tue Nov 07 07:26:05 +0000 2017,technical_issue,
2646312,"@Uber_Support the MS Windows10 app is very sluggish, and frequently crashes the phone. It needs to be update to be equally functional with the IOS and Android, and also NOT CRASH the windows 10 phone - Thank you",@746626 Hi there! Please reach out to https://t.co/zUe0dj6yoX and fill out the 4 boxes at the bottom so we can get in touch.,Fri Nov 17 22:37:11 +0000 2017,technical_issue,
272265,@Uber_Support my driver app isn’t receiving requests what do I do,"@180974 Happy to help! Please send us a note here https://t.co/LHP08Qw04q , and a member of our team will reach back out.",Fri Oct 06 02:43:03 +0000 2017,technical_issue,
467596,"@Uber_Support The error has already been reversed, thank you for your assistance.",@226301 Thank you for letting us know. Please let us know if you have any questions or concerns.,Fri Dec 01 11:32:13 +0000 2017,technical_issue,
595102,"@Uber_Support Hi, can't send ""GO"" to 827222. I'm using non-UK number and I just can't send the text. (Uber UK)",@261001 Hi there! Please reach out to https://t.co/zUe0dj6yoX and fill out the 4 boxes at the bottom so we can get in touch.,Sun Dec 03 18:53:25 +0000 2017,technical_issue,
463489,"@119983 It says it is a payment issue. You guys are an app-based service, right? How can you not reply instantly? #shame #dissapointed @115873",@225181 We're aware of the issue and are working to resolve ASAP. We appreciate your patience.,Fri Dec 01 03:03:41 +0000 2017,technical_issue,
95716,Hi @Uber_Support I cannot book a single ride on Uber. The following error occurs. Kindly help me resolve https://t.co/9qzQYoOdQk,@136833 Here to help! Send us a note via https://t.co/xMxswVLBKT so our team can connect.,Thu Nov 30 16:18:11 +0000 2017,technical_issue,
225904,@Uber_Support I just sent a message requesting help on scheduling a ride in advance and the error I am receiving. Anxious for a reply please,@169934 Hello! Thanks for your patience. Please check your DM for our reply.,Thu Oct 05 03:15:00 +0000 2017,technical_issue,
2051495,@115877 Hey. I can't get any search results on the App or Desktop right now. Is the server down? What's the ETA to resolution?,"@606686 So sorry for the trouble, Kevin! Our team is aware of the issue, and we're working to get back up and running as quickly as possible.",Thu Oct 05 19:13:50 +0000 2017,technical_issue,
1451638,@Uber_Support sent DM -- going to bed -- can't wait any longer :-(,@456871 We've followed up via DM!,Tue Oct 31 07:59:27 +0000 2017,technical_issue,
961496,@Uber_Support Hi please i need to book an appointment for uber delivery driver on bicycle .my email address is __email__ pls send instructions,@348163 We've followed up via DM. Please check your messages for an update.,Wed Oct 11 14:32:48 +0000 2017,technical_issue,
2867584,@Uber_Support Or at least I can’t remember any time that happening. At very least it’s not median time. Is it mean? Would be good to understand skew as well as variance (1st Q). Thanks in advance for actually answering my questions.,@200742 Hey there! We've just followed up with you via DM.,Tue Nov 28 05:26:33 +0000 2017,technical_issue,
2434704,I'm in the train!! But apparently I ordered an @115873 while I was in the metro station and now I'm 6€ out.,@698624 We're here to help! Send us a note at https://t.co/1xM0TILvAI so we can assist.,Sun Oct 29 13:49:20 +0000 2017,technical_issue,
1571041,"@Uber_Support none of those apply. Using Apple Pay, phone confirmed. Brother can order on his iPhone but I can’t on mine. No contact on link",@484429 We've been in touch via DM!,Sat Nov 04 17:28:52 +0000 2017,technical_issue,
1352309,@Uber_Support why does the @115877 app never work? Keeps saying nothing is available to order even though I’ve ordered before? https://t.co/54DiMw0mkL,@435365 That doesn't sound right. Can you please send us a DM so we can look into this?,Fri Oct 27 18:07:23 +0000 2017,technical_issue,
2078575,@115873 How do I get UberEats to hand stuff out at my philanthropy event? Having trouble locating it on the website!!,"@614753 Hi Caroline, thanks for reaching out! Please check out this link here for further details related to your request, https://t.co/wrG7TIuGqu.",Mon Oct 09 02:02:03 +0000 2017,technical_issue,
2961910,@385542 really disappointing food from itsu tonight. Delivered by @115877 in decent time but cold and hard by the time it arrived 😓,"@817356 Sorry for the trouble! Send us a note here, https://t.co/qLzKaGQcAg, and our team will be in touch.",Wed Nov 29 20:45:04 +0000 2017,technical_issue,
107788,"@115873 @119983 @Uber_Support @3564 @127960 @3565 Still wondering if anybody from Uber is going to help me to recover my medical files. Looking at the way @Uber_Support is responding/not responding, it feels they don’t care for whatever happens after they have collected money from the customer. Long way to go @115873 @116276","@139951 We've followed up within your Direct Messages, Alok!",Thu Nov 23 18:43:01 +0000 2017,technical_issue,
763717,@Uber_Support I'm receiving the below error after Uber selects a car and tries to connect me. Thoughts?? https://t.co/O4XZekOKQ9,@302512 We've been in touch via DM!,Wed Oct 11 18:46:09 +0000 2017,technical_issue,
1121189,@115873 why can't I cancel if more than 5 mins for free,"@131053 Hello Jesse, here to help. Send us a note at https://t.co/zUe0dj6yoX so our team can connect.",Sat Oct 14 12:28:16 +0000 2017,technical_issue,
2620015,Help @Uber_Support! Something happening with payments and I’m unable to call the next ride!,@669137 Here to help. Send us a note at https://t.co/OhfgxSjmGy so our team can connect.,Fri Nov 17 15:16:49 +0000 2017,technical_issue,
1575471,"@Uber_Support I’m 14th car in #TIA queue , seen at least 4 Uber’s go to pick up &amp; app not changed # ??? Thought it was #fifo #confussed",@309787 Here to help! Send us a note via https://t.co/ZKt0NHVs3P so we can help.,Sat Nov 04 17:57:01 +0000 2017,technical_issue,
1941582,@115873 @uber_support what is happening here? Why can’t you communicate changes effectively? https://t.co/YnjWoGmXFz,"@272963 Thanks for reaching out and providing feedback, Damon. We'll pass this along to the appropriate team so they can take a look into this.",Sun Oct 29 22:08:13 +0000 2017,technical_issue,
2517230,@Uber_Support my two stop ride was ₱178-225 based on booking. But you charged me ₱433.84 for it. I felt cheated by the company I trusted so much. I've been a very good patron but this happened. 😤 https://t.co/HUegVXA2JT,@717054 Sorry for the trouble! Kindly send us a note here; https://t.co/1xM0TILvAI so our team can assist.,Wed Nov 15 23:49:09 +0000 2017,technical_issue,
2823417,@Uber_Support My email is __email__. I'm clicked on the address for the 5$ cancellation and I was never there nor did I request an Uber at that time. How did this happen? Do I need to delete the app? This is not my charge!,@786712 It seems a member of our team has reached out to you. Please check your email and follow up with them there.,Mon Nov 27 09:09:35 +0000 2017,technical_issue,
2639794,@115873 Can't login with my Cayman Islands phone number on your Android app. Country code shows +965 (which is wrong) instead of +1 (or +1 345) so can't receive SMS message. Please can you fix!,@744985 Here to help! Contact us via https://t.co/dwDjAokZht so we can connect.,Fri Nov 17 21:19:20 +0000 2017,technical_issue,
1485801,So fuck @115873. App has glitched out or you’re being greedy as hell because you want to charge me £43 to go 3 miles 🤔,"@161626 Here to help! Send us a note here, https://t.co/1xM0TILvAI, and our team will follow up.",Sat Oct 28 20:51:36 +0000 2017,technical_issue,
286964,@115873 hi always Uber app ask me to choose cash for this booking. For paytm and credit card. Kindly see the screenshot of the error message https://t.co/QE1mQHOI2s,@184378 We can take a look! Send us a note via https://t.co/OhfgxSAY58 so our team can get in touch.,Fri Oct 06 14:25:18 +0000 2017,technical_issue,
2407967,@115877 our whole office is trying to order free Krispy Kremes but the app has crashed😩😩😩 send help!,"@692446 Hey, Fiona. Demand is high. Please continue to try and order. Please note, the maximum you can order is one free Original Glazed Dozen box for the duration of the offer. Let us know if you have any other questions or concerns.",Tue Nov 14 14:03:37 +0000 2017,technical_issue,
1272978,@Uber_Support I’ve had a trip ‘processing’ for 3 hours &amp; have received no new trip requests since. I have rent due starting tomorrow &amp; I don’t have it. Is the app down?,@153241 We're aware of the issue and are working to resolve ASAP. We appreciate your patience.,Fri Dec 01 01:53:48 +0000 2017,technical_issue,
2805273,I was just involved in a @144886 car accident. My phone was dead and I couldn’t call police or take photos. I reported it on app. What else am I supposed to do?,@258776 We hope everyone is ok. Please DM us your email address so we can follow up immediately.,Wed Nov 22 02:35:10 +0000 2017,technical_issue,
2167355,Massive day. 14 hrs. Starving. Massive fuck you to @115877. You can't answer a call. Where's my pizza? #shitservice,@636005 Sorry to hear about this! Send us a DM with your email address so we can connect.,Thu Nov 09 08:07:21 +0000 2017,technical_issue,
1284755,My @115873 driver can't keep his hands off from browsing Facebook.,"@420528 Hello Hardeep, here to help. Send us a note at https://t.co/IeSxT5cVHC so our team can connect.",Mon Oct 16 08:14:04 +0000 2017,technical_issue,
810869,@115873 would really love to pay you but your shitty application won't let me,@313208 We're happy to help! Please connect at https://t.co/EbMvJOAMRB and a member of our team will be in touch shortly.,Thu Oct 12 15:58:36 +0000 2017,technical_issue,
2937747,“Your accidental order of ONE ITEM you placed two minutes ago looks like it’s already on it’s way so you’ll still get charged if you want to cancel...Do you want to cancel your order?...” TFOH Bad company = Bad app = Bad service @115877 . @2350 are so much better. https://t.co/06qlsEnWfu,"@812064 Send us a note here; https://t.co/sXTPJXZ84q, and our team will be able to help!",Wed Nov 29 12:12:00 +0000 2017,technical_issue,
2841065,@Uber_Support Just an FYI this is system wide on a fleet partner account. Not an individual driver account. Not sure that submitting in app via one driver account will serve the purpose. @116276,@289941 We'd be happy to look into this for you. Please send us the details at https://t.co/FF2YGTGjuA so we can connect.,Mon Nov 27 17:16:21 +0000 2017,technical_issue,
1771078,@115873 is there a way to request sedan not 4x4. Surgery was done and can't climb. Is there a way to sort.,@532389 Here to help! Please send us a note via https://t.co/QDn91HzZV0 and fill out the 4 boxes at the bottom so we can get in touch.,Tue Oct 17 22:25:25 +0000 2017,technical_issue,
1408262,@115873 my uber credit isn’t appearing. How can I sort this out?,@447323 Find out more info where to see Uber credit on account here: https://t.co/CSw3jYzdqK,Sat Oct 28 18:24:42 +0000 2017,technical_issue,
576753,"@115873 @116288 @Uber_Support Ho Team, I have Uber credit but when I book cab it always give option to card or cash and I already on apply Uber credit How can I use it ????","@255734 Happy to help! Send us a note here, https://t.co/zpq2qqd9a2, and our team will follow up.",Sun Dec 03 09:18:32 +0000 2017,technical_issue,
1663958,"@Uber_Support Is this for real? I already did that thing and says everything was ok. If the app gives an arrival time and movs 5min evry 5, time is a scam",@507154 Sorry to hear about this. Will you please DM us with your email address associated with your account? We'll look into it.,Sat Oct 28 22:52:58 +0000 2017,technical_issue,
1291239,"@Uber_Support please help me get approved for uber eats, very difficult to contact uber support please help",@421965 We'd be happy to assist you with this! Please DM us the email associated with your account and we'll follow up.,Thu Oct 26 20:29:14 +0000 2017,technical_issue,
378216,@115873 Hey @115873 is there a non sexual harassment option in the app?,@205746 Here to help! Send us a note via https://t.co/QDn91HzZV0 and we'll be in touch.,Mon Oct 09 04:39:34 +0000 2017,technical_issue,
2390575,@148768 @115877 Well it doesn't even work. App can#t even find the restaurant at 1:57 and it could fine it at 11am.,@692287 We're working hard to get Krisp Kreme to as many people as possible! Keep trying.,Tue Nov 14 14:05:03 +0000 2017,technical_issue,
1189509,@50832 &amp; @115873... what’s going on? Why can I never order an Uber? Why is there always a payment method error? I hate being stranded.,@399604 Here to help. Send us a note at https://t.co/yqIhbGRNqi so our team can connect.,Fri Oct 20 09:46:05 +0000 2017,technical_issue,
342807,Nothing like waking up to a bunch of @115873 trips I didn't take 😡 anyone have this happen? I can't log in either https://t.co/WzXrzVD74B,@197614 Here to help! Send us a note at https://t.co/kGIXas5Cxg so our team can connect right away.,Tue Oct 17 12:58:33 +0000 2017,technical_issue,
445700,@Uber_Support why are there limited help options on your app? How do I get a refund if the ride was cancelled because the cab had brake failure?,@220545 We can definitely follow up! Send us a note here; https://t.co/h840IoLP8K so our team can connect.,Wed Nov 22 10:12:20 +0000 2017,technical_issue,
377516,@115873 thanks for charging me for a ride after saying there was an error,@205583 Here to help! Send us a note via https://t.co/1xM0TILvAI and we'll be in touch.,Mon Oct 09 03:58:41 +0000 2017,technical_issue,
123750,"@Uber_Support hey quick question, how long usually take to be approved? My brother been on the “approving” page for 36 hours already. Thank you 🙂","@143673 Due to our privacy policy, we will have to speak directly to the account holder. Please have them contact us via https://t.co/LDXEzScUGp",Fri Nov 24 01:07:36 +0000 2017,technical_issue,
1562938,Why won’t @115877 show my nearest McDonald’s and let me order breakfast 😭😭😭😭😭,@482689 We're here to help! Send us a DM with your email address so we can connect.,Sat Nov 04 10:11:53 +0000 2017,delivery_issue,
907463,"@115877 It's been ""preparing my order"" for 40 min now. What gives?","@335489 Hi, here to help. Please DM us the email linked to your Uber account so we can look into this for you.",Fri Oct 13 18:14:45 +0000 2017,delivery_issue,
1592900,"@Uber_Support i've ordered from them before, all three should be open and deliver to me, but the app says currently unavailable, not closed","@329212 Sorry to hear about the troubles, Alex. Please send us a note at https://t.co/balq3Eyso6 so we can look into this for you.",Sun Nov 05 01:31:00 +0000 2017,delivery_issue,
2424796,Anyone else fail to get @148768 donuts because @115877 crashed? 😪 #UberEats #KrispyKreme https://t.co/LzEiyEg6sl,@696337 We're so sorry you didn’t get your free Original Glazed Dozen box. Demand was through the roof and stocks ran out. Stay tuned for more fun promotions soon!,Tue Nov 14 15:38:01 +0000 2017,delivery_issue,
1190557,@115877 i ordered food today and the status says delivered but the driver never turned up where are my burritos,@399828 Here to help! Send us a note at; https://t.co/nFTc4ODH3P so our team can assist.,Sat Nov 25 19:18:46 +0000 2017,delivery_issue,
516725,ordered w/ @115877 and the food arrived ICE cold. Don’t think I’ll be doing that again.,@239102 We're sorry to hear this was your experience. Contact us via https://t.co/OWBkgXcbMl and we'll be in touch.,Sat Dec 02 01:08:53 +0000 2017,delivery_issue,
2738028,@115877 it said i had $10 credit and when i ordered my food it didnt apply the credit.. so fix it please!,@767193 We can take a look on this. Kindly send a note here: https://t.co/h3vAjBLlBH so we can connect.,Mon Nov 20 20:47:35 +0000 2017,delivery_issue,
1887876,@431030 @Uber_Support yeah I'd think not a lot would be open around this time? Who takes someone's food hostage like this??,@563044 Thanks for reaching out. We'll get this sorted out! Please send us a note through https://t.co/o056uE8sfv so we can help.,Wed Oct 18 11:38:21 +0000 2017,delivery_issue,
825148,@115877 seriously I ordered from Leles African cuisine and got wrong order! I have not received anything from you guys since Saturday? 😡,@316520 Sorry to hear about the trouble! Please visit https://t.co/ZFaWy0Lkdu so we can sort this out.,Wed Oct 11 18:14:15 +0000 2017,delivery_issue,
2390634,@148768 @115877 @115877 @148768 going donutty about this!! UberEats App crashed Donut work. Stupid. #timetoriot #falseadvertising,"@693606 We're working hard to sort a technical issue caused by high demand. Please doughnut worry, there will still be plenty of time to order. If you're not immediately connected, do try again.",Tue Nov 14 14:32:37 +0000 2017,delivery_issue,
1492808,@Uber_Support why is it taking you days to delivery? https://t.co/2LreL9gntM,@466662 We're here to help. Can you please send us a DM with your email address associated with your uber account so we can connect.,Fri Nov 03 09:58:54 +0000 2017,delivery_issue,
987846,@115877 shout out for the late meal service 🙌🏾,"@354059 Sorry to hear about the troubles, Manolo. Please send us a note at https://t.co/uqkboJBiJd so we can look into this for you.",Sun Oct 22 06:21:57 +0000 2017,delivery_issue,
663988,@Uber_Support does Appleton wi have uber eats,@278242 Find out more info about When and where is UberEATS available here; https://t.co/bl5B9dVLvX.,Thu Nov 23 02:07:56 +0000 2017,delivery_issue,
722999,How do I order a car with a bay seat? @Uber_Support,"@293118 For more info about Uber car seat, click here; https://t.co/B7TnOOg1JY",Wed Oct 11 02:48:28 +0000 2017,delivery_issue,
2124353,Uber Eats in Jacksonville now???,"@625724 Head over to https://t.co/IWfScGSb5o and plugin your address, to see if we service your area. Have a great day!",Thu Oct 19 05:08:39 +0000 2017,delivery_issue,
2881594,@Uber_Support sometimes i am not able to use paytm as my option for payment method...whenever i try to Click on ride now it shows error...cash on delivery option working though,@799562 Here to help! Please send us a note at https://t.co/hr88X1ZGuG and we'll be happy to look into this for you.,Tue Nov 28 09:19:44 +0000 2017,delivery_issue,
2867745,"@115877 Order F7ECD, your driver went to the wrong address, then argued with us about our own address, then said ""fuck you"" and then hung up. Wow, so much professionalism. May we have a refund? It's been a really bad day and we just wanted a hamburger.",@796427 Sorry for the trouble! Send us a note via https://t.co/hVMgTsth35 so we can connect right away.,Tue Nov 28 01:10:28 +0000 2017,delivery_issue,
1370279,@115877 is trash hour past wait time then they cancelled my order thanks a bunch,@438962 Sorry to hear this. Can you please DM us your email address so we can follow up?,Fri Oct 27 23:00:19 +0000 2017,delivery_issue,
2832216,"@115877 #ubereats -Poor customer service so far on my first and now last order. Duplicate order not confirmed by me charged and delivered, I want it resolved.",@788537 We're sorry to hear this was your experience. Can you send us a DM with your email address so we can connect?,Mon Nov 27 13:35:06 +0000 2017,delivery_issue,
457992,"@115873 Over an hour and it gets cancelled? Can I just go to store and pickup? It's made, I don't want to order again, just want to pickup. https://t.co/nG0H5T0y4M",@223731 Here to help! Please send us a note at https://t.co/EGiaYE5JMU and we'll be happy to look into this for you.,Fri Dec 01 00:36:08 +0000 2017,delivery_issue,
688012,@Uber_Support i am still waiting for my uber eats account to be activated but now it got disabled for no reason I've sent you guys 3 emails in the last 3 days but no reply back..help please,@284336 Sorry for the delay! We see your outreach and a member of our team will be following up via email as soon as possible. We appreciate your patience.,Thu Nov 23 14:07:24 +0000 2017,delivery_issue,
1630301,Does anyone know if uber eats would drop off some Gatorade? Asking for a friend,@498991 Hi there! Please reach out to https://t.co/QDn91HzZV0 and fill out the boxes at the bottom so we can get in touch.,Sun Nov 05 19:27:56 +0000 2017,delivery_issue,
63242,"Hey @130513 I would love to order with @115877 at your National Harbor, MD location but the menu is screwed up.",@130512 We're here to help! Please send us a DM with your email address so we can assist.,Wed Nov 01 21:37:04 +0000 2017,delivery_issue,
2503992,"@115877 - Pregnant lady here with a hankering for chicken nugs. Driver circled my office once, sends a ""where r u"" text &amp; then cancels my order. Got my refund but still bitter. BITCH STOLE A PREGNANT WOMANS CHICKEN NUGGETS. I WILL LOSE SLEEP UNTIL JUSTICE IS SERVED. #FIXTHIS","@714130 We understand your frustration, Stephanie. Can you please provide your account email so we can further connect?",Wed Nov 15 19:41:25 +0000 2017,delivery_issue,
564484,@115877 who charges the delivery fees? You or the establishment?,@252222 Here to help! Send us a note via https://t.co/NcKEnQDmxQ so we can assist.,Sat Dec 02 23:58:34 +0000 2017,delivery_issue,
1883293,@115877: Love your service. Use it pretty much everyday but I had two orders cancel on me today alone. What's up with that?,"@562017 We'd like to find out, Mike! Please send us a DM with your email address + the details of each order so we can review these for you.",Sun Oct 22 21:22:18 +0000 2017,delivery_issue,
2207802,"@115877 One of your drivers refused to deliver to my door and makes me go outside in the street to get my food. That's not what I paid for and I will never use this ""delivery"" service again.","@613457 Here to help! Send us a note here, https://t.co/hVMgTsth35 and our team will follow up.",Fri Nov 10 02:09:28 +0000 2017,delivery_issue,
2390666,@148768 @115877 I feel bad for you ...UberEATS doesn’t work with these promotions...you don’t come up...and I’m very central...it comes up any other day ..just not today https://t.co/LBhzyjRTfn,@695410 We've been overwhelmed by demand! Supply is limited but please keep trying.,Tue Nov 14 14:52:17 +0000 2017,delivery_issue,
2220883,@115877 just tried to order some food and sat for an hour before it was cancelled due to a lack of drivers. On a weekday?In #pdx?Nice fail,@648652 Sorry to hear about the trouble. Send us a note via the 'Help' tab and a member of our team will follow up.,Thu Oct 19 15:24:12 +0000 2017,delivery_issue,
261896,"@Uber_Support I placed an order on UberEats, got confirmation on credit card and then my order vanished in app. Hungry. Frustrated. Billed.","@178367 Sorry to hear this, Matthew! Please send us a note at https://t.co/uqkboJBiJd so we can look into this order for you.",Thu Oct 05 19:43:05 +0000 2017,delivery_issue,
1230966,Why was my @115873 driver trying to sell me drugs? Is this now a drug delivery service too? Lol,@408729 We want to look into this right away. Please DM us the name of the driver and additional details so we can further assist. https://t.co/sd7yH5jmbJ,Sat Nov 25 19:47:39 +0000 2017,delivery_issue,
393636,"Um, @115877, yeah, we gotta talk: One of your drivers just stole our food. Cust Serv Mgmt did nothing. Can you fix this plz?","@209240 Sorry for the delay, Jeremy. Please send us a DM with your UberEATS account email address and phone number.",Mon Oct 09 05:40:33 +0000 2017,delivery_issue,
2409049,@Uber_Support I’m afraid it was one of the free promo Krispy Kreme orders so I cannot reorder as the shop closed and cancelled my order.,@692716 We're so sorry you didn’t get your free Original Glazed Dozen box. Demand was through the roof and stocks ran out. Stay tuned for more fun promotions soon!,Tue Nov 14 16:03:58 +0000 2017,delivery_issue,
2551444,@Uber_Support We're in Chicago trying to order a cab but we keep getting an Oops message.,"@724822 We're here to help, Caoimhe! Please send us a DM with your Uber account email address and phone number.",Mon Oct 30 15:08:39 +0000 2017,delivery_issue,
2420838,@115877 and @148768 do you have the resources/drivers to deliver on this free giveaway? Saddened by my rejected order and have clocked that Krispy Kreams is no longer coming up on the app...anyone else noticed this? 😒,@695402 We're so sorry you didn’t your FREE Original Glazed Dozen box. Demand was through the roof and stocks ran out! Stay tuned for more fun promotions soon!,Tue Nov 14 14:44:39 +0000 2017,delivery_issue,
2910854,"@Uber_Support £20 order and you want to give a £5 promo voucher? Is this a joke? After the abusive delivery driver, 30mins late and cold food? #notgoodenough 😡😡😡😡😡😡😡😡",@121165 Hello. We've checked into your concern and show a member of our team sent you a message via in-app support. Just navigate to the 'Help' section in the app - from there you can respond with additional concerns.,Tue Nov 28 22:36:18 +0000 2017,delivery_issue,
947770,UnerEats sucks shittiest app ever! no proper support my order is late an hour Fuck you @115877 😄,@342753 Here to help! Please DM us your email address so we can assist.,Sat Nov 25 10:45:28 +0000 2017,delivery_issue,
1751633,"uber eats has always been so good to me, what’s happening today fellas",@527304 Happy to further assist you. Can you please send us a DM with your email address and additional details?,Tue Nov 07 18:18:47 +0000 2017,delivery_issue,
994475,@115877 I reluctantly ordered Ham &amp; Pineapple Pizza for the wife. Received Mushroom &amp; Pineapple. We’re not fucking savages FFS. Refund me.,@355555 Let us look into this. Please send us a DM so we can connect. https://t.co/sd7yH5jmbJ,Sat Oct 14 03:36:05 +0000 2017,delivery_issue,
2099011,My @115877 just brought me the wrong order 😑,"@619994 We'd like to look into this, Giovanni. Please send us a note at https://t.co/xLLG6cfrJA and a member of our team will follow up.",Thu Oct 19 02:14:59 +0000 2017,delivery_issue,
1773040,@115877 so I got charged twice for something that I didn’t even order once 🤔 and your customer service decided to take the night off I guess,"@532885 We'll be happy to take a closer look. Send us a note https://t.co/p3Pbdcq9iW, so our team can connect.",Wed Nov 08 02:03:35 +0000 2017,delivery_issue,
2632343,Hey @McDonalds I ordered from @115877 and my Big Mac seems to be missing something😔 Tis a sad day indeed. https://t.co/vFS5irHQ5Q,"@743265 Sorry for the trouble! Send us a note here, https://t.co/ZFaWy0Lkdu and our team will be in touch.",Sun Nov 26 21:45:16 +0000 2017,delivery_issue,
2152359,"@115877 1st time placing an order. Waited over an hour for an order that was supposed to be under 30 minutes. Never made it passed the ""preparing"" stage 😒",@632478 Sorry to hear that!! For more info please visit this link...https://t.co/OfU5UzgGiI,Thu Nov 09 01:06:40 +0000 2017,delivery_issue,
2969590,@Uber_Support Been on hold for over 15 minutes trying to resolve an issue with an Uber Eats order...... maybe Twitter is faster?? #UberSupport,@819107 Here to help! Send us a note here; https://t.co/aZ6Ktyb1LN and our team will be able to assist!,Thu Nov 30 00:08:49 +0000 2017,delivery_issue,
2972040,WHY DOESNT @115877 DELIVER CAFE RIO,"@819727 For more info about where is UberEATS available, click here; https://t.co/bl5B9dVLvX",Thu Nov 30 01:13:32 +0000 2017,delivery_issue,
1287073,"@Uber_Support SOS. Just picked up order, app crashed, won't let me open. Been trying to open for 10 minutes. Food getting cold.",@421046 Here to help! Send us a DM with your email + details so we can follow up.,Thu Oct 26 18:44:32 +0000 2017,delivery_issue,
1872449,"Hey @Uber_Support, I ordered food off of Uber Eats and was given a totally bogus and disgusting order.",@241569 Sorry to hear about this! Send a DM with the e-mail or phone number for your account and we'll look into it for you. https://t.co/sd7yH5AX3h,Fri Oct 20 04:08:17 +0000 2017,delivery_issue,
1128163,@Uber_Support ordered from wimpy's diner but didn't get my soup. not acceptable🙁,@196847 Here to help! Send us a note at https://t.co/ZFaWy0Lkdu so our team can connect.,Tue Oct 24 09:26:06 +0000 2017,delivery_issue,
1228829,Ordered chicken wings and they didn’t show @51974 @115877 😭,@408276 We're so sorry for the trouble! Please send us a note here; https://t.co/nFTc4ODH3P so our team can assist.,Wed Oct 25 20:03:30 +0000 2017,delivery_issue,
2684400,@Uber_Support please cancel my order#24E29. It is one hour 30 mnts and yet no delivery,@755000 We're here to help! Send us a DM with your email address so we can connect.,Tue Oct 31 16:48:52 +0000 2017,delivery_issue,
2403001,@148768 @115877 Well that’s a failed PR stunt! Cancelled order after wasting time trying. How did you not prepare for this?,@696314 We're so sorry you didn’t get your free Original Glazed Dozen box. Demand was through the roof and stocks ran out. Stay tuned for more fun promotions soon!,Tue Nov 14 15:45:45 +0000 2017,delivery_issue,
2460074,Ordered ubereats and literally didn’t get it for almost 45 minutes 🤔🤔 tf,"@704474 Sorry for the trouble! Send us a note here, https://t.co/aZ6Ktyb1LN, and our team will be in touch.",Wed Nov 15 06:48:16 +0000 2017,delivery_issue,
971725,#ubereats terrible service waited for order and it was mysteriously canceled person never showed up,@350521 Sorry to hear about the trouble! Please DM us your Uber account email address so we can follow up.,Wed Oct 11 16:46:20 +0000 2017,delivery_issue,
832394,I've been sitting in THIS BAR FOR 30 MINUTES WAITING FOR THIS UBEREATS ORDER TO COME OUT SO I CAN DELIVER IT. I NEED TO SPEAK TO A MANAGER.,@318253 Sorry to hear about the trouble! Please send us a message at https://t.co/uqkboJjHkD with the details and we'll follow up.,Fri Oct 13 01:40:14 +0000 2017,delivery_issue,
2683193,@115877 Ordered something that was allegedly delivered an hour ago --- nowhere to be seen.,@754731 We're sorry to hear this. Can you please send us a DM so we can look into this?,Tue Oct 31 16:33:04 +0000 2017,delivery_issue,
1640365,". @115877 are so frustrating. A £2 refund for a missing item when I threw out a £20 order for being soggy, cold &amp; over 1hr late! 😤",@151888 Our team has recently responded via email. Please reply there if you have additional questions!,Sun Nov 05 23:35:04 +0000 2017,delivery_issue,
114611,@115873 @115877 @Uber_Support @127960 @116276 You should remind your UE drivers of their ONLY job: deliver food to a handicapped customer's door! Your driver just refused to deliver mine. #thanksgiving #hungergames #goinghungryonthanksgiving #thanksubereats #boycottubereats,@141481 Sorry to hear that! Please let us know here so we can further assist: https://t.co/hVMgTsth35,Thu Nov 23 21:02:40 +0000 2017,delivery_issue,
2410811,"""@115877, you have 30 minutes to deliver our @148768 donut's or we will burn Gotham to the ground"" https://t.co/66aeDDHVM6","@693156 We're still going strong – keep trying, and we hope to get to you ASAP!",Tue Nov 14 14:21:27 +0000 2017,delivery_issue,
657448,"@Uber_Support What's the point of using @115877 when you place order at 7:34, food is on the way at 7:57 and hasn't been delivered at 8:55","@276486 Hi Ricky, have you connected with our in app/live EATS team just yet? If not, please DM us your email address and details.",Thu Oct 05 09:55:38 +0000 2017,delivery_issue,
2624525,@115877 messed up my order 🙄,@741392 Here to help! Send us a note at https://t.co/qLzKaGQcAg so our team can further assist.,Mon Oct 30 22:17:28 +0000 2017,delivery_issue,
394601,@Uber_Support Uber prtnr app's builtin map no longer zoom in automatically when picking up food from a restr! Why did u make those changes?,@209494 Let's look further into this! Please reach out to us here: https://t.co/FF2YGTGjuA so we can follow up.,Mon Oct 09 13:01:08 +0000 2017,delivery_issue,
1380537,why do uber eats charge a booking fee 🤦🏽‍♀️,"@441354 For more info about booking fee on UberEATS, click here; https://t.co/cl5t22EH7F",Sat Oct 28 04:06:27 +0000 2017,delivery_issue,
125049,@115877 driver stuck 3m outside flat for 40 mins now. Been trying your number and the driver &amp; nothing. Is he OK? Do you even care? Order #D0E1A,@144033 Here to help! Contact us here; https://t.co/aZ6Ktyb1LN so we can take a closer look.,Fri Nov 24 02:11:36 +0000 2017,delivery_issue,
924564,@Uber_Support what’s happened with Uber eats today? Nothing’s available,"@339408 Happy to clarify. Check out https://t.co/HlbTgAt26C for additional details, and to find out what is open in your location.",Sat Oct 21 12:53:25 +0000 2017,delivery_issue,
1882381,"When you're back in the UK after 2 months away, you're craving @41414 and @115877 go and cancel your order 😭 #poorcustomerservice","@561736 So sorry to hear that you didn't receive your order, Rachael! If you DM us your email address, we'll be happy to review this for you.",Sat Oct 21 18:48:51 +0000 2017,delivery_issue,
2919158,@148768 oh my why have you disappeared from uber eats! We wanted freebies 😓😓,@807961 We’re sorry -- it looks like you are outside of Krispy Kreme’s delivery area. Stay tuned for more fun promotions soon!,Tue Nov 14 14:11:41 +0000 2017,delivery_issue,
18747,"@115877 and @McDonalds y'all mess my order up so often! If I order a tote of Cookies and a single cookie comes, you got an issue.",@120183 Here to help. Send us a note at https://t.co/Tq0sPMsSdu so our team can connect.,Wed Nov 01 05:41:37 +0000 2017,delivery_issue,
1631397,Yo @115877 Your GPS has been screwing up my deliveries all week it's not hard to find my apt complex but your driver's sure do,@152611 Here to help. Send us a note at https://t.co/nFTc4ODH3P so our team can connect.,Sun Nov 05 19:40:36 +0000 2017,delivery_issue,
663992,I always have the pleasure of watching my @115873 drivers make wrong turns in order to pick me up and the 2 minutes always becomes more like 7.,@278244 Here to help. Send us a note at https://t.co/y4EDPcVZOI so our team can connect.,Thu Nov 23 02:03:40 +0000 2017,delivery_issue,
231257,@Uber_Support how do i complete the uber eats fitness consent form when uploading documents to start riding a push bike,@171071 Let's take a further look into this. Send our support team a direct message at https://t.co/balq3Eyso6. Have a great day!,Thu Oct 05 03:35:48 +0000 2017,delivery_issue,
2145803,@115877 is a great idea until you actually order through them and they never pick up your food or deliver the wrong meal... every time,@630818 We're sorry to hear this. Can you please send us a DM with your email address so we can look into this?,Thu Nov 09 00:00:01 +0000 2017,delivery_issue,
36145,Deliveroo and ubereats not delivering to my postcode does not bode well on days like today,"@123865 We're always looking to expand. You can go here https://t.co/67boQweyV0, for future updates.",Wed Nov 01 13:46:25 +0000 2017,delivery_issue,
289202,"@115877 order 0C26F didn't deliver the 1.25 liter coke. Submitted help straight away, but have still not heard back from you.",@184914 Appreciate you letting us know. Please DM us the email address linked to your Uber account and we'll follow up.,Fri Oct 06 11:50:50 +0000 2017,delivery_issue,
1217032,"I want Mexican food, but I don’t want to leave my house, they don’t deliver, and I don’t have @115877 by me. #thestruggleisreal 😭","@405584 Sorry if we're not in your area yet, Erin! We're expanding quickly so stay tuned for updates.",Sun Oct 15 21:44:08 +0000 2017,delivery_issue,
2414655,Finally managed to order a free box of @148768 via @115877 and it was cancelled by the @148768 shop in #Holborn. Fine example of how NOT to do this type of thing - #unprepared,"@694073 We've been overwhelmed by demand! If you can’t get your free Original Glazed Dozen box, it probably means supply has ran out. Sorry.",Tue Nov 14 14:36:50 +0000 2017,delivery_issue,
2005636,@115877 y would u send a driver n the opposite dir. to del. another order? I am 2 mi from the rest. U sent him 20 mins. Away b4 ret. to me,@528680 Happy to help. Can you DM us your email address associated with your Uber account so we can follow up?,Wed Oct 18 18:36:06 +0000 2017,delivery_issue,
456645,@McDonalds @115877 Your food taste like a salt block.... I can go get my own salt block if i need it. I doubt i need a salt block tho. I know where i can find them tho...right next to the undercooked sponge fries. You don't even resemble food anymore... Insta vomit,@224041 Sorry for the trouble! Kindly send us a note at; https://t.co/OWBkgXcbMl so our team can assist.,Fri Dec 01 00:46:49 +0000 2017,delivery_issue,
1832957,@McDonalds @115877 So i ordered from ubereats and my food was really cold and my mcdonalds is about a mile away... i dont think imma use uber eats again man... i like warm mchicken sandwhiches,"@771558 So sorry to hear this. In order to further assist you, we'll need you to send us a note at https://t.co/OWBkgXcbMl.",Tue Nov 21 02:51:25 +0000 2017,delivery_issue,
2519828,"@Uber_Support I need my return account as soon as possible, they deducted my money and I still could not follow up on my order. I am very hungry, I already wrote to you by DM.","@710797 We've been in touch via DM, Abrahan. Please keep an eye out for our response.",Sun Nov 26 19:51:26 +0000 2017,delivery_issue,
1783851,"@115877 What's the point of ""delivery"", or puting my apt number into the site, if I have to run out to the street to meet the driver 😡","@535983 This is supposed to be a door to door service. Try putting a note in the special instructions to come to the door, hopefully that will help.",Wed Oct 11 06:24:47 +0000 2017,delivery_issue,
2786650,I trunk my app is broken. You said my food is on the way and all I see if the blue dot to me. No route of the delivery guy @Uber_Support.,@222841 We're here to help. Contact us via https://t.co/QDn91HzZV0 so we can assist.,Tue Oct 31 18:35:05 +0000 2017,delivery_issue,
1522750,Uber eats fucked up our order tho.,@334023 Here to help! Send us a note via https://t.co/EGiaYE5JMU and we'll be in touch.,Fri Nov 03 21:00:56 +0000 2017,delivery_issue,
1939660,"@Uber_Support Hi, my gift card balance is no longer popping up in the apps (Uber and UberEATS). Could I get help with this?",@576952 Hi there! We see your outreach via in-app. It seems that a member of our team is currently reviewing your email and will connect shortly.,Sun Oct 29 19:42:12 +0000 2017,delivery_issue,
41286,Just received my first @115877 delivery now that they're in my area. I was told the driver waited for a tip. Is that normal? https://t.co/6L5lCy9Lsw,@125051 Hi there! Please visit; https://t.co/r06229QMLK for more info. Please let us know if you have any other questions or concerns.,Wed Nov 22 20:03:10 +0000 2017,delivery_issue,
2143498,@115877 Need help. Hungry and it won't let me sign in. I've been trying for 30min to order and still haven't been able to. I was signed out and not given any confirmation on my order and STILL 40-50min wait. :(,@630200 We're so sorry about that! Please send us a DM with your email address so we can connect.,Wed Nov 08 23:25:56 +0000 2017,delivery_issue,
1661623,Soooo tempted to order a maccie d’s through @115877 right now 🤔,"@506785 We deliver the food you want, from the restaurants you love, at Uber speed. Learn more at https://t.co/6rZp3XyWol",Sat Oct 28 22:43:39 +0000 2017,delivery_issue,
2390547,@148768 @115877 😡😡😡😡😡 you cancelled my order,"@694100 If you can’t get your free Original Glazed Dozen box, it probably means supply has ran out. Sorry.",Tue Nov 14 14:35:25 +0000 2017,delivery_issue,
709327,"@Uber_Support I waited an entire hour for food, only for it to be canceled.","@118727 Oh no! Please connect with us via the ""Help"" section in-app so we can review this further.",Fri Oct 06 02:18:21 +0000 2017,delivery_issue,
2490925,"@Uber_Support can someone get back to me on a delivery I completed and the fare was adjusted? let me know what info you need to look up the trip, thanks.",@388945 Here to help! Send us a DM with your email address and phone number so we can connect right away.,Wed Nov 15 17:30:55 +0000 2017,delivery_issue,
161372,@Uber_Support I'm missing a part of my order and your support in app isn't responding !,@153238 We've followed up within your Direct Messages!,Fri Nov 24 18:07:00 +0000 2017,delivery_issue,
653515,"@115877 How will you last w/ terrible customer service? Obviously, Ubereats's customers want the ultimate in convenience &amp; service. Instead, I was given the runaround by rep who can't communicate &amp; says has no ability to help w/ my order directing me to email. So frustrating",@275414 Here to help! Please send us a DM with your email address with details so we can follow up.,Thu Nov 30 20:33:42 +0000 2017,delivery_issue,
2862679,If you're an affiliate do not send referrals to @115873 or @127960 @Uber_Support They will cheat you out of affiliate credits. I referred hundreds of Uber Eats and Uber customers to the platform and this is how they treat me. I have a huge body of evidence showing my credits. https://t.co/8KRSwhGQEV,"@182075 That doesn't sound right, please send us a DM with the details so we can look into this for you.",Mon Nov 27 23:05:17 +0000 2017,delivery_issue,
516699,@115877 you guys have been getting my orders wrong for a bit now :(,@239092 Here to help. Send us a note at https://t.co/DpLEahcQAT so our team can connect.,Sat Dec 02 01:19:09 +0000 2017,delivery_issue,
1998295,@115877 make Uber eats available in Kilmarnock in Scotland in uk please thanks,@590852 We're working hard to expand our service area. Stay tuned to our website for updates: https://t.co/Mf9vzZ0uru.,Wed Oct 18 17:59:04 +0000 2017,delivery_issue,
1155681,First order with @115877 and they forgot a meal 😂 totally defeated the purpose of ordering when we have to go pick it up. Never again.,@391860 Sorry to hear about this! Send us a DM with your email address so we can take a look.,Sun Oct 15 15:17:14 +0000 2017,delivery_issue,
2837715,@115877 not only did I wait nearly 2 hours on Friday. My order was completely wrong!,@358124 Here to help! Send us a note via https://t.co/fqyJImLaLY to assist you further.,Mon Nov 27 15:53:46 +0000 2017,delivery_issue,
2254035,@Uber_Support you guys must not honor the pin in Uber eats. Driver has been circling block for 20 minutes looking for me. Don't navigate to a reverse address lookup. Navigate to the pin!!,@181421 We're sorry to hear this was your experience. Contact us via https://t.co/hVMgTsth35 and we'll be in touch.,Sat Nov 11 03:24:47 +0000 2017,delivery_issue,
711723,#Detroit and #RoyalOak are in dire need of a late night food delivery service. @116057 @115877 lmk if yall need help implementing here,"@290209 We're working hard to expand our service area, Parth. Stay tuned to our website for updates: https://t.co/Mf9vzZ0uru.",Tue Oct 10 20:31:56 +0000 2017,delivery_issue,
710701,"Wow @115877 is AWFUL. We waited 2 hours for food that never came &amp; after 4 refund requests, I'm still being charged $7. Seriously!?",@289952 Sorry to hear about this! Send us a DM with your email address so we can take a look.,Tue Oct 10 18:40:18 +0000 2017,delivery_issue,
305352,"Hey @115877 wanna tell me why this delivery took 53 minutes? I could’ve walked, ate, and got him by now. Thanks. https://t.co/BC1phisvOm",@188905 Sorry to hear about the trouble. Send us a note via the 'Help' tab and a member of our team will follow up.,Fri Oct 06 22:09:45 +0000 2017,delivery_issue,
2816704,@Uber_Support trying to get help with an order before I place it,"@785197 Happy to connect. Send us a note here; https://t.co/EGiaYE5JMU, and we'll be in touch!",Mon Nov 27 03:31:25 +0000 2017,delivery_issue,
1774121,@533180 Wtf coldstone is on uber Eats in Redmond? I’m on my way,@533031 We've followed up via DM!,Wed Nov 08 03:12:20 +0000 2017,delivery_issue,
2451372,@115877 my food never arrived but the carrier has it how does that happen 🤔,@702465 We're sorry to hear this. Can you please send us a DM (direct messages) your email address so we can look into this?,Sun Oct 29 17:00:53 +0000 2017,delivery_issue,
822750,"@Uber_Support yesterday there were loads of UberEATS restaurants delivering to my address now there are only 2, is this a glitch?",@315982 Sorry to hear that. Each restaurant has its own delivery zone and it changes over time to help ensure a fresh delivery.,Thu Oct 12 18:44:26 +0000 2017,delivery_issue,
686952,@115877 When literally HALF your @4481 order arrives. #NoLunchForUsThen,"@284036 We're sorry to hear this was your experience. Send us a note here, https://t.co/ZFaWy0Lkdu, and our team will be in touch.",Thu Nov 23 13:40:07 +0000 2017,delivery_issue,
275056,@Uber_Support lmao didn’t get a good portion of our food,@181716 Here to help. Send us a note at https://t.co/ZFaWy0Lkdu so our team can connect.,Sat Nov 25 03:07:48 +0000 2017,delivery_issue,
1811982,Checking my UberEats app... shit says I ordered a cheese pizza and a lemonade for $34 in New York... I don’t ever recalled using that app?😌,"@301640 Happy to help look into this, Andy. Please DM us your email address associated to your Uber account so we can follow up with you.",Sun Oct 15 03:29:35 +0000 2017,delivery_issue,
2374613,So are you supposed to tip uber eats drivers or no?,@684995 Happy to help! Find more information here - https://t.co/r06229QMLK,Tue Nov 14 01:34:46 +0000 2017,delivery_issue,
2807427,@Uber_Support @115877 my order keeps getting cancelled. The restaurant says they are not cancelling the order and to contact Uber. What’s your customer service number?!,"@782971 Here to help! To know more info about why your order was canceled, please visit; https://t.co/BjBRiTu5jM",Mon Nov 27 01:05:28 +0000 2017,delivery_issue,
1329377,@Uber_Support I need help with an order. I've been getting talked in a circle for a hr and I'm considering closing my acct with you all.,"@430179 Oh No! We want to help, please DM us your email and the issue details so we can take a deeper look.",Mon Oct 16 05:59:02 +0000 2017,delivery_issue,
486893,"@Uber_Support hey I put in an order on the eats app yesterday and it the restaurant hadn’t confirmed the order in over 5 mins so I decided to cancel it. I still got charged the full amount, I was wondering if I could be refunded",@230852 Here to help! Send us a note here; https://t.co/StKy7B0k57 and our team will be able to assist!,Fri Dec 01 15:44:02 +0000 2017,delivery_issue,
89383,"@Uber_Support the car I'm in smells really bad, like someone left food to rot or something. it doesn't help that my driver keeps asking personal questions, and I have to crack a window in this cold just so I can breathe",@135336 We're sorry to hear this was your experience. Kindly contact us via https://t.co/aBEgvdNWQN and we'll be in touch.,Thu Nov 30 14:48:31 +0000 2017,delivery_issue,
1666359,@507643 @115877 Another completely wrong order,@396970 It looks like a member of our team has followed up with you via in-app support. Please follow up with us there for further assistance.,Sun Nov 26 04:31:31 +0000 2017,delivery_issue,
1708674,"Broz fuck uber eats, it won’t let me add my paypal acc or my credit card an I’m hella hungry","@517768 Sorry for the trouble! Send us a note here, https://t.co/3eYc7uUEUm, and our team will be in touch.",Tue Nov 07 00:30:14 +0000 2017,delivery_issue,
2194288,"i just ordered mcdonald's ice cream with uber eats and the driver is taking the super long way to my house, and it will probably be melted by the time it gets here 😡",@642105 Here to help! Send us a note via https://t.co/aZ6Ktyb1LN so our team can get in touch.,Thu Nov 09 19:35:38 +0000 2017,delivery_issue,
1854598,@Uber_Support Next time I will walk to get my food. I know my food is going to be cold when it arrives- in another 30 mins! Thanks a lot!,@351819 Sorry to hear this. Can you please DM us your email address so we can follow up?,Sun Oct 29 01:10:49 +0000 2017,delivery_issue,
1467559,"@Uber_Support hi, we have left two complaints about missing food in our order and have still had nothing back, please can someone contact us",@460649 We're here to help. Can you please send us a DM with your email address so we can connect?,Thu Nov 02 19:54:00 +0000 2017,delivery_issue,
393640,@Uber_Support getting alerts about late deliveries&amp;kicking me off UberEATS! Compare request time2 this pickup-long waits@ rest.! #15minwaits https://t.co/bjxJ4rp7BO,@209242 Sorry to hear about the trouble. Send us a note via the 'Help' tab and a member of our team will follow up.,Mon Oct 09 04:11:31 +0000 2017,delivery_issue,
919004,"@115877 So we leave out my large OJ I paid for and refuse to either refund me or redeliver...great business,Uber and McDonald’s.","@338163 Happy to help, Ciara. Send us a DM with your account email address and we'll be in touch.",Sat Oct 21 09:45:28 +0000 2017,delivery_issue,
2403006,@148768 @115877 So Krispy Kreme misteriously disappeared from my UberEATS app just before 2pm. :( Really disappointed. You can't promise free doughnuts and then disappear!,@697021 We're so sorry you didn’t get your free Original Glazed Dozen box. Demand was through the roof and stocks ran out! Stay tuned for more fun promotions soon!,Tue Nov 14 17:04:28 +0000 2017,delivery_issue,
2413067,"@Uber_Support @693694 @Uber_Support @148768 But why? I assume you will honour all the cancelled orders, surely you will? i cant imagine it any other way? please fix this! https://t.co/eEQW3nCEsL","@627981 We’re sorry to hear that. Please try and re-order again. If you would like us to look into it, send a note through the ""Help"" section in the UberEATS app.",Tue Nov 14 17:28:16 +0000 2017,delivery_issue,
2221263,The delivery service for @21038 via @115877 is so bad,@648764 Here to help! Send us a DM with your email address so we can connect.,Fri Nov 10 13:16:03 +0000 2017,delivery_issue,
1565263,Can you UberEats milk?,@483235 Here to help! Send us a note here; https://t.co/NcKEnQUXpo and our team will be able to help.,Sat Nov 04 15:12:21 +0000 2017,delivery_issue,
13962,@115877 never got my food from Travis. Absolute bullshit. Never ordering again.,@118939 Here to help! Contact us here; https://t.co/oKhNTOteP5 so we can take a closer look.,Wed Nov 01 01:20:45 +0000 2017,delivery_issue,
2024798,Why does @115877 not deliver to me 😩,"@598787 Hey there, Emily. We're always looking to expand to new areas. Be sure to check out https://t.co/M8lCySGsls for more information.",Mon Nov 06 14:59:17 +0000 2017,delivery_issue,
1901293,"@115877 looks like an issue using international cards on uber eats that was working fine previously, and is working fine on uber.",@566605 A member of our team is looking into this matter and will reach out to you as soon as possible. Thank you for your continued patience.,Tue Oct 24 01:09:25 +0000 2017,delivery_issue,
949746,When your @115877 driver doesn't even attempt to make your delivery. 🖕🏻🖕🏻🖕🏻🖕🏻🖕🏻🖕🏻🖕🏻,"@345252 We're ready to look into this, Jade. Please send us a message with details here: https://t.co/o056uE8sfv so we can follow up.",Sat Oct 21 18:43:23 +0000 2017,delivery_issue,
2170080,@115877 can you guys fix my account. It’s not letting me place orders,@636606 We're here to help. Can you please send us a DM so we can look into this?,Thu Nov 09 04:37:33 +0000 2017,delivery_issue,
2368138,"@Uber_Support Sorry, It's been half an hour and I did not receive any feedback. The restaurant delivered me completely wrong food. But the driver has already clicked the finish button. The driver insisted it was the restaurant' fault to give him the wrong food and does not want to go back.",@683470 So sorry about that! Send us a DM with your email address so we can connect right away.,Mon Nov 13 23:30:51 +0000 2017,delivery_issue,
2575380,"@Uber_Support help! I've signed up, but is THE ONLY WAY TO ORDER A RIDE THROUGH THE PHONE APP? I don't want to download the app. Privacy","@730290 Here to help! For more info regarding your concern, please visit; https://t.co/nRKoixyM7h",Thu Nov 16 21:08:21 +0000 2017,delivery_issue,
1417251,It’s getting to the point if you want food delivered to your house with 100% certainty stop using @115877 and pick it up yourself.,@449404 We're sorry to hear you've had a poor experience while ordering on UberEATS. Feel free to DM us with more info and we'll be glad to help.,Mon Oct 16 02:06:08 +0000 2017,delivery_issue,
2786666,@uber_support why won't my payment method work for über eats?? Tried 3 different cards????,@777989 Here to help! Send us a note via https://t.co/nNTmqKFfZd so our team can get in touch.,Tue Oct 31 18:33:47 +0000 2017,delivery_issue,
2904391,@804344 @115877 Doesn’t deliver to Morrison 🙄,@__nisha___ You can see our hours and delivery area at https://t.co/P4mEOOIdr4,Tue Nov 28 19:13:39 +0000 2017,delivery_issue,
19605,@Uber_Support How can I pause or disable the delivery option?,@440845 Here to help! Please send us a DM of the email address connected to your account so we can take a closer look.,Sat Oct 28 03:30:28 +0000 2017,delivery_issue,
2526415,@115877 Oh and to top it off I am left $40 short... #UberEATS #OverIt,@719370 We're sorry to hear this was your experience. Contact us via https://t.co/StKy7B0k57 and we'll be in touch.,Thu Nov 16 03:26:11 +0000 2017,delivery_issue,
1291122,@115877 $5off promo didn't wrk. Support said it would apply aftr delivery - it wasn't. Now I'm told past order can't apply promo. Fix plz.,@421933 Here to help! Send us a note via https://t.co/h3vAjBLlBH so we can connect.,Thu Oct 26 20:39:56 +0000 2017,delivery_issue,
2848212,Imagine ordering this from uber eats but getting 40 nuggets and 4 cheese burgers instead???? @McDonalds @115877 https://t.co/IOQzCITiPD,@792108 Sorry to hear that. Please send us a note here; https://t.co/DpLEahcQAT and our team will get in touch.,Mon Nov 27 18:49:56 +0000 2017,delivery_issue,
275625,@Uber_Support My credits disappeared when I’m trying to use UberEATS. Can anyone help?,@181837 We're happy to review this further. Please send us the details at https://t.co/PwMnPVp5yK so a member of our team can follow up.,Fri Oct 06 02:37:30 +0000 2017,delivery_issue,
2908575,"If you work for @115877, can you please double check that you have the entire order when you pick it up from the restaurant? 2nd time using this service and 2 for 2 on messed up orders :(","@805308 We're sorry to hear this was your experience. Send us a note here, https://t.co/ZFaWy0Lkdu, and our team will be in touch.",Tue Nov 28 20:18:45 +0000 2017,delivery_issue,
620264,"@115877 just got your black friday email but no discount has been applied when ordering, please help!",@267214 Here to help! Send us a note via https://t.co/Fxl8yAC3OF so our team can connect.,Wed Nov 22 17:12:11 +0000 2017,delivery_issue,
2799545,@115877 I asked your driver where's my drinks. He said they didn give her any. I should have sent her back to get trained. Little did I know the hole order was wrong. Can you please hire people that can read ?,@590551 We have followed up via DM.,Tue Nov 21 22:57:03 +0000 2017,delivery_issue,
1689631,@115877 can’t believe your record :) 100% of my 5 orders have been wrong ? Gz on being incompetent 100% of the time #nocustomerservice,@393038 Sorry for the trouble! Send us a note via https://t.co/Tq0sPMsSdu so we can connect.,Mon Nov 06 20:56:05 +0000 2017,delivery_issue,
1252240,@115877 y’all keep forgetting to check for my entire order. Y’all literally just brought me an order of fries when I ordered a whole meal,@413752 Here to help! Please send us a note at https://t.co/DpLEahcQAT and we'll be happy to look into this for you.,Thu Oct 26 05:19:14 +0000 2017,delivery_issue,
1749514,"@115877 my order has taken an hour when it said 10-20, why??????",@527304 Here to help! Send us a note via https://t.co/aZ6Ktyb1LN so our team can get in touch.,Tue Nov 07 17:50:30 +0000 2017,delivery_issue,
1879707,My @115877 order arrived like this earlier today 😕 https://t.co/uiI06PB1S7,"@561031 That doesn't look right, Taipei! Please share your email address in DM and we'll sort this out for you. https://t.co/sd7yH5jmbJ",Sat Oct 21 12:01:58 +0000 2017,delivery_issue,
28980,Does UberEATS also come with those vouchers like Uber? I don't have lunch money for ksasa. I need food.,@122377 Here to help! Send us a note via https://t.co/PwMnPVp5yK to assist you further.,Wed Nov 01 10:52:58 +0000 2017,delivery_issue,
220029,@115877 thanks for canceling my order almost an hour after I ordered my food.,"@168479 Hi Jennifer, have you connected with our in app/live EATS team just yet? If not, please DM us your email address and details.",Thu Oct 05 00:18:47 +0000 2017,delivery_issue,
1073983,@Uber_Support can I use the Uber app on an iPad to order an Uber?,@373404 We're here to help! Please visit for more info; https://t.co/32nyQFIUMt.,Mon Oct 23 16:15:51 +0000 2017,delivery_issue,
2022054,Can I order NyQuil from Uber eats,@598025 We can definitely take a closer look! Please send us a DM of the email address connected to your account so we can further assist.,Mon Nov 06 05:51:21 +0000 2017,delivery_issue,
1287675,@115877 Just spent 45min trying to signup and place an order on your site. THERE IS NO PAYMENT AREA TO VERIFY MY CARD WITH A PIC #shitsite,"@421185 Here to help! Send us a note here, https://t.co/3eYc7uUEUm and our team will follow up.",Thu Oct 26 19:23:08 +0000 2017,delivery_issue,
2698103,"@Uber_Support been waiting over an hour for delivery, one of your drivers has picked up our food and not delivered it !! Now waiting AGAIN !!",@758101 We're sorry to hear this was your experience. Contact us via https://t.co/nFTc4ODH3P and we'll be in touch.,Sun Nov 19 19:35:28 +0000 2017,delivery_issue,
831598,"ordered @115877, driver refused to get out of car, missed 5 items. Offered refund for 5 itms but told have to pay delivery fee again.",@318043 Sorry to hear about this! Send a DM with the e-mail or phone number for your account and we'll look into it for you.,Fri Oct 13 01:00:56 +0000 2017,delivery_issue,
1168663,"@Uber_Support Hi, I ordered an Uber X but, an Uber XL arrived therefore, causing extra charges.",@394895 Oh no! Thanks for bringing this to our attention. DM us your account email along with details for assistance.,Sun Oct 15 19:58:23 +0000 2017,delivery_issue,
2229893,@Uber_Support i can't log in to my account for my restaurant... need to make updates and can't.,"@650760 Hey there, Allie. So sorry for the trouble! Our team is aware of the issue, and we're working to get back up and running as quickly as possible. We appreciate your patience.",Fri Nov 10 14:25:19 +0000 2017,delivery_issue,
984350,@Uber_Support there seems to be an issue with your app(uber &amp; uber eats) -User X account being mapped to User Y's payment mode.,@353346 Please DM us with your email and further information and clarification as we want to make sure we understand the issue 100%,Sun Oct 22 05:11:35 +0000 2017,delivery_issue,
2078640,#PoorCustomerService @115877 28 mins with no response. Missing food items for $50 order. #LOSTCUSTOMER,"@614773 Sorry to hear that, Inge! Please DM us the email linked to your Uber account so we can look into this for you. https://t.co/sd7yH5jmbJ",Mon Oct 09 02:18:55 +0000 2017,delivery_issue,
563443,@Uber_Support With @115877 why does a restaurant 5 miles away deliver but a closer McDonalds only 2 miles away doesn’t even though that McDonalds participates in UberEATS? How can I fix that?,@251924 We apologize for the trouble! Send us a DM with your email address and we'll connect.,Sat Dec 02 23:45:00 +0000 2017,delivery_issue,
1590644,"Hey #UberEATS, do you guys take alcohol orders? I could really use some wine right now.",@489047 Find out more info about Sale of Alcohol here; https://t.co/hsIrZFghS3.,Sat Nov 04 23:53:40 +0000 2017,delivery_issue,
1215671,@115877 I've waited over a hour and reordered 2 times,@405256 Sorry to hear this. Can you please DM us with your email address so we can follow up?,Wed Oct 25 16:53:35 +0000 2017,delivery_issue,
80913,"@Uber_Support Website is awful, won’t let me order anything???",@133955 Here to help! For more info please visit; https://t.co/OSXElQiYDD.,Thu Nov 30 12:56:07 +0000 2017,delivery_issue,
502602,"@Uber_Support trying to get food from my fav Venezuelan place in London (as I do every fri) and you guys no longer deliver here, but still do down the road from me. Whyyy? 😩",@235077 Happy to help! Please reach out to https://t.co/zUe0dj6yoX and fill out the 4 boxes at the bottom so we can get in touch.,Fri Dec 01 20:13:29 +0000 2017,delivery_issue,
1990390,@Uber_Support thought ibereats was supposed to be in Wichita today?,"@589045 For more info about UberEats Availability, click here; https://t.co/3A9YFZQFaF",Thu Nov 02 00:41:18 +0000 2017,delivery_issue,
2786570,Does anyone know if you can purchase an @115877 gift card? Or do regular @115873 gift cards also work for UberEATS? @Uber_Support,"@777970 Hi there, happy to help! Send us a note here; https://t.co/R8Xm8a7StU so we can assist.",Tue Nov 21 18:34:40 +0000 2017,delivery_issue,
1025702,@Uber_Support where can i pick up an insulated bag for deliveries. i live near tucson az,"@362697 Hi, Mel. We don't provide these bags to our delivery partners. You can order one from here: https://t.co/lyXl31HoGC!",Sun Oct 22 19:38:58 +0000 2017,delivery_issue,
1307324,everytime i order @54746 on @115877 they mess up my order and forget items i've paid extra for.,@425493 We're sorry to hear this was your experience. Contact us via https://t.co/EGiaYE5JMU and we'll be in touch.,Fri Oct 27 01:52:13 +0000 2017,delivery_issue,
2536576,@Uber_Support Went on the link. I am the recipient not the delivery person. 😊 Do i get rated as a recipient by the delivery person for UberEats just like how i get rated as the passenger by the driver for Uber? https://t.co/bklERQ7TiD,@721576 We're here to help! Send us a DM with your email address so we can assist.,Thu Nov 16 11:41:02 +0000 2017,delivery_issue,
1264023,@115877 are pathetic half your meal turns up damaged and they think 99p refund is sufficient!!! Disgraceful customer service!!! 😡😡😡😡,@416007 We're here to help. Send us a note via https://t.co/qLzKaGQcAg so our team can connect.,Thu Oct 26 10:50:25 +0000 2017,delivery_issue,
1311622,My @115877 driver just took my food back to the restaurant cause I wouldn’t go downstairs to pick up my food,@426491 Here to help! Send us a note here: https://t.co/hVMgTsth35 and our team will be in touch.,Fri Oct 27 04:33:03 +0000 2017,delivery_issue,
2944899,"Lost my phone yesterday, only for the @2350 driver delivering my lunch to get in contact with the @115873 driver who had my phone - completing the #SharedEconomy circle.",@813500 Here to help! Find out more about contacting your driver here; https://t.co/H9R0pseRUX.,Wed Nov 29 15:09:44 +0000 2017,delivery_issue,
2390697,@148768 @115877 Did anyone even get your free doughnuts you accepted my order and then rejected 10 mins later,"@696691 We're so sorry you didn’t get your free Original Glazed Dozen box, Abu. Demand was through the roof and stocks ran out! Stay tuned for more fun promotions soon!",Tue Nov 14 16:10:14 +0000 2017,delivery_issue,
2221464,"@115873 is a joke. Not willing to protect workers' rights, not able to control drivers' conduct, and not going to get with the times. Had an Uber Eats driver try to fight with my brother last week, they're cowboys with little drug runners using them as a front. Ban them for good.",@648818 We absolutely want to follow up right away. Please send us a DM with your email address so we can connect.,Fri Nov 10 11:07:07 +0000 2017,delivery_issue,
2334709,@Uber_Support only got half of my UberEATS delivery tonight 😒,"@675616 Sorry to hear that, Sara! Please DM us with the email on your account and more info so we can follow up.",Fri Oct 20 01:40:09 +0000 2017,delivery_issue,
1642055,I am going to just stop using @115877 . I am tired of not getting what I order.,@318707 We're sorry to hear that! Please drop us a note at https://t.co/xLLG6cfrJA and a member of our team will follow up.,Sun Nov 05 22:42:14 +0000 2017,delivery_issue,
2397335,@115877 I did not get my food. Who has it so disappointed and hungry. I am hangry. #whereismyfood,"@689962 Sorry for the trouble! Send us a note here, https://t.co/ro9PHyiK7U, and our team will be in touch.",Tue Nov 14 12:54:36 +0000 2017,delivery_issue,
1507134,@Uber_Support the #ubereats app won’t let me complete my order.,"@469783 Here to help! Please DM us the details &amp; your account email address so we can connect further, Shalini. https://t.co/sd7yH5jmbJ",Mon Oct 16 21:55:38 +0000 2017,delivery_issue,
2261974,I was going to spend exactly 20 (bc ocd) but I don’t fully know how to use Uber eats and accidentally pressed Oder when trying to find the way to edit my cart,@658562 Here to help! Send us a DM with your email address so we can assist.,Sat Nov 11 01:34:44 +0000 2017,delivery_issue,
2366446,@115877 where my food at???? I called and they told me to wait outside in this COLD OHIO WEATHER,@683123 Here to help! Contact us here; https://t.co/aZ6Ktyb1LN so we can take a closer look.,Mon Nov 13 23:01:30 +0000 2017,delivery_issue,
516733,My food from @115877 is taking forever,@239106 We’re here to help! Send us a note via https://t.co/lzIGTuu2al and we'll be in touch.,Sat Dec 02 00:58:07 +0000 2017,delivery_issue,
1833205,"@McDonalds @115877 But the food always gets to my house cold, sooo??",@772671 We're here to help! Please send us a note at https://t.co/OWBkgXcbMl and we'll get this taken care of for you.,Tue Nov 21 06:23:33 +0000 2017,delivery_issue,
2904388,@Uber_Support I need a copy of all my transactions on Uber and Uber eats. How can I get them with prices and everything?,@804342 Happy to help! Please reach out to https://t.co/zUe0dj6yoX and fill out the 4 boxes at the bottom so we can get in touch.,Tue Nov 28 19:17:39 +0000 2017,delivery_issue,
2765042,"@Uber_Support I can't seem to log via that link as I'm a new user? My first order for Krispy Kreme promo the other day was cancelled at time of delivery, despite your accepting my order... I received an email offering me a replacement batch of doughnuts but the code isn't working",@130955 We're here to help! Send us a DM with your email address and more details so we can follow up.,Tue Nov 21 09:28:17 +0000 2017,delivery_issue,
2798484,@Uber_Support It’s not working i tried sending you an email on UberEATS. This is crazy why can’t I order food? I can request a ride but I can’t order food why is that? @116276 @115873,@271774 Some payment methods are incompatible with our billing system at this time. You will need to add another form of payment if you wish to proceed.,Tue Nov 21 23:32:20 +0000 2017,delivery_issue,
2637066,@115877 Wrong order was delivered. I have an office full of hungry people.,@744308 We're here to help! Send us a note via https://t.co/DpLEahcQAT so our team can assist.,Fri Nov 17 20:27:34 +0000 2017,delivery_issue,
1495289,UberEATS where’s my food?,@467184 Hi there! we're here to help! Send us a DM with your email address associated with your uber so we can further assist your concern.,Fri Nov 03 11:09:41 +0000 2017,delivery_issue,
2060585,@131077 @uber_support How do I order a cab for six people? I'm in London; are you still operating?,"@609432 Hey, Jenny. Take a look here for more info: https://t.co/iuWzgBeX2o. To get a fare estimate, please go here: https://t.co/yhTshneODx.",Sat Oct 07 16:50:29 +0000 2017,delivery_issue,
1052494,"@119983 @115877 @116288 I can't even enter my uber eats promo while ordering, why send promos when we can't even access them.","@368734 Happy to help, Prabhsimar. Please send us a DM with your account email address + details and we'll connect.",Mon Oct 23 14:38:33 +0000 2017,delivery_issue,
2466146,"@115877 how come some restaurants are not appearing in the search results, although I entered the exact name or the food type they produce?",@705698 Here to help. Can you please send us a DM with your email address and additional details so we can follow up?,Wed Nov 15 09:42:46 +0000 2017,delivery_issue,
1050940,@Uber_Support @115873 Just Trying To Place An Order And I'm Getting An Error Message For Payment Verification With 3 Different Cards.,@368362 Oh no! Thanks for bringing this to our attention. DM us your account email along with details for assistance.,Sat Oct 14 17:55:05 +0000 2017,delivery_issue,
1079527,"First ever @115877 order, everything arrives cold. @46787","@374635 Sorry to hear this, let's take a further look into it. Please send us your email and phone number linked to your account.",Sat Oct 14 23:24:21 +0000 2017,delivery_issue,
244233,@115877 Do you provide refunds when you fail to pick up food until it has gone cold? Appalling service from you.,@174015 We can look into this. Send us a note at the following link and a member of our team will follow up - https://t.co/UuEqrZQbvE,Thu Oct 05 13:35:56 +0000 2017,delivery_issue,
157849,"@115877 Why do you guys stop offering food around supper time in Stellenbosch, South Africa? :(",@152274 Here to help. Send us a note at https://t.co/NcKEnQDmxQ so our team can connect.,Fri Nov 24 17:46:49 +0000 2017,delivery_issue,
1716201,Why the fuck ain’t uber eats on my campus,@519726 Find out more info about When and where is UberEATS available here; https://t.co/bl5B9dVLvX.,Tue Nov 07 03:46:54 +0000 2017,delivery_issue,
596307,@115873 HOw do you sign into Uber and order a ride if you lost your phone? What is the point of sending a verification code to a missing/dead phone?,@261316 We're here to help! Send us a DM with your email address so we can assist.,Sun Dec 03 19:10:54 +0000 2017,delivery_issue,
531715,@115877 @4377 pathetic service takes 40 minutes to cover 4 kms.. order #AD585 #feelinghungry lost lunch hours due to delay delivery #patheticubereats,"@243176 Sorry for the trouble! Send us a note here, https://t.co/sYfnwEp5eg, and our team will be in touch.",Sat Dec 02 10:50:59 +0000 2017,delivery_issue,
1427736,@Uber_Support - why am I getting a text message about UberEATS every time I request an Uber ride this week?,@451654 We’re here to help! Send us a note via https://t.co/NcKEnQDmxQ and we'll be in touch.,Thu Nov 16 05:48:07 +0000 2017,delivery_issue,
1321765,@115877 delivers to my grandmas but not mine even though you have to go past my house to get to hers 🤔🤔🤔,@428568 We're here to help. Can you please send us a DM with your email address and additional details so we can connect?,Fri Oct 27 09:04:47 +0000 2017,delivery_issue,
525027,When you plan night in and @13644 @115877 cancels your order after waiting 60+ min. #why #uninstall,@241425 We're sorry to hear this. Find out more here: https://t.co/BjBRiTLGbk. Let us know if there's anything else we can help with!,Sat Dec 02 05:27:45 +0000 2017,delivery_issue,
2412729,@148768 placed my order via @115877 and waited15 minutes for it to tell me that it had been cancelled with no explanation. Please explain #disappointed #disappointing #hangry #fixthisplease https://t.co/cRM1oHzHKC,"@616315 Thanks for reaching out. We're experiencing exceptionally high traffic on the platform from all the users excited about his promotional offer, and supplies are limited. You can try another location. We appreciate your patience!",Tue Nov 14 14:32:41 +0000 2017,delivery_issue,
1132901,@115877 i paid 40p extra to get a milkshake with my meal but i was given coke instead???,"@386958 We'd like to follow up, Charlene. Please connect with our team here; https://t.co/xLLG6cfrJA, so we can further assist.",Sat Oct 14 13:17:39 +0000 2017,delivery_issue,
1049161,@115877 why did I pay for food for it to never show up and have no one answer my questions?,@367967 Here to help! Send us a note at; https://t.co/nFTc4ODH3P so our team can assist.,Sat Nov 25 17:53:07 +0000 2017,delivery_issue,
2312649,@115877 thanks for the 5 dollar discount code. Too bad the meal I threw away was 20 bucks. Uninstalling app now.,@670671 Let's take a further look into this. Please send us a DM with your email and phone number linked to your account.,Sun Sep 24 00:20:21 +0000 2017,delivery_issue,
2816694,That’s the last time I ever order from @115877. Horrible app and horrible customer service.,@785194 Here to help. Please send us a DM of the email address connected to your account and more details so we can further assist.,Mon Nov 27 03:40:44 +0000 2017,delivery_issue,
2261926,@115877 do you have a phone contact number? I’m really upset about an order and about to delete your app!,"@658552 We're here to help, Melanie. Can you please send us a DM with your email address so we can connect?",Sat Nov 11 02:20:09 +0000 2017,delivery_issue,
2771946,@Uber_Support 😡 omg why is it so hard to sign up to deliver ! I’ve completed every step now I can’t login the partner app because I no longer have access to my old phone number &amp; Uber wants me to verify with a 4 digit code ..like how ???,@774822 Here to help! Send us a note here; https://t.co/takeVjAR2G and our team will be able to assist!,Tue Nov 21 13:49:52 +0000 2017,delivery_issue,
2070110,@115877 please explain. The booking fees are different $1.99/$5.69. This is the 2nd time it’s happened. It’s becoming an UberEATS habit. https://t.co/0DRVmhXDmg,"@612203 This definitely doesn't seem right, Jayson! Please send us the details at https://t.co/uqkboJBiJd and a member of our team will follow up.",Sun Oct 08 18:00:40 +0000 2017,delivery_issue,
127169,"@115877 order #E18E0, you guys suck, no show of your guy after waiting 45 mins. Order cancelled from your side, and you warning me of penalty. So arrogant and rude, not gonna use your service anymore.",@144557 Here to help! Send us a note at https://t.co/StKy7B0k57 so our team can connect right away.,Fri Nov 24 03:30:52 +0000 2017,delivery_issue,
1296357,When your @115873 can't get to your pick up point as the road is closed but won't cancel your order. https://t.co/wGUEo4knO5,@423006 We're sorry to hear this was your experience. Contact us via https://t.co/e8HVorX5rh and we'll be in touch.,Thu Oct 26 21:56:21 +0000 2017,delivery_issue,
928286,@115873 along with @115877 you should deliver alcohol !!!,"@340255 This mostly depends on local regulations, Hasso. We're always adding more options to our menu though. Stay tuned!",Fri Oct 13 20:15:52 +0000 2017,delivery_issue,
294217,@115877 my Paytm has been debitted twice for orders I did not place. Whom should I contact?,"@186081 Sorry to hear that, Ria! Please send us a note at https://t.co/PwMnPVp5yK so we can look into that for you.",Sun Oct 01 06:44:09 +0000 2017,delivery_issue,
1084057,@115877 you missed 20 of my nuggets from my order fam. Pissed @McDonalds,@375716 That doesn't sound right. Can you please send us a DM so we can look into this?,Mon Oct 23 17:45:32 +0000 2017,delivery_issue,
1105641,Hey @115877 the driver just stole our food! That’s so awesome! #notatall #getittogether,@380919 Sorry to hear about this! Send us a DM with your email address so we can connect.,Tue Oct 24 00:00:38 +0000 2017,delivery_issue,
2697332,@115877 just tried to get a discount on my first order but the promo code was not working. Is there anything you can do??,@757925 We're so sorry for the trouble. Send us a note via https://t.co/h3vAjBLlBH so we can assist.,Sun Nov 19 19:05:58 +0000 2017,delivery_issue,
2409055,@115877 first time customer trying to order lunch and Uber Eats keen on crashing #shambles #joke #HungryLikeALion,@692718 We're here to help! Please send us a DM with your email address so we can assist.,Tue Nov 14 14:44:34 +0000 2017,delivery_issue,
2414683,@115877 WOOHOO order done #KrispyKreme Not sure how long it they will take to be delivered by the equator? #longdistance #betterbeworthit #notsurewhatsgoingon https://t.co/S0KpRD7WsN,"@694082 Hey, Peter! Make sure to check your app for the status of your order.",Tue Nov 14 14:22:19 +0000 2017,delivery_issue,
2862677,@115873 is it possible to do ubereats and get a ride to my destination from the same driver that brought me food? Option not on app!,@795202 Happy to take a closer look. Connect with us through https://t.co/NcKEnQDmxQ and we'll be in touch.,Mon Nov 27 23:08:16 +0000 2017,delivery_issue,
1928397,@115877 You sent my mom the wrong order and now she can't get into contact with anyone for a refund?!??!?!?!?,"@573884 Due to our privacy policy, we will have to speak directly to the account holder. Please have them contact us via https://t.co/Tq0sPMsSdu",Fri Oct 27 19:48:55 +0000 2017,delivery_issue,
1249991,That feeling when @115877 delivers @413279 for dinner but forgets the sauce (both). https://t.co/ZcKhfokm5S,@413278 We're sorry to hear this was your experience. Contact us via https://t.co/ZFaWy0Lkdu and we'll be in touch.,Thu Oct 26 02:42:46 +0000 2017,delivery_issue,
2390661,@148768 @115877 Didn’t work in Victoria apparently you don’t exist on the Uber Eats app... The only thing that can cure this disappointment is a beer after work now,@695417 We’re sorry -- it looks like you are outside of Krispy Kreme’s delivery area. Stay tuned for more fun promotions soon!,Tue Nov 14 14:43:19 +0000 2017,delivery_issue,
2710033,@Uber_Support my UberEATS order was missing 80% of the order and i had to reorder from a completely different location :/// Order #ADCA2,@760972 Here to help! Please send us a note via https://t.co/ZFaWy0Lkdu so our team can connect.,Mon Nov 20 01:41:23 +0000 2017,delivery_issue,
1014948,@Uber_Support please add tip option on ubereats site and app to tip drivers,"@360137 Hi, Justin. This feature is available within the app. For more information, please visit: https://t.co/r8kAQthr56.",Sun Oct 22 14:04:07 +0000 2017,delivery_issue,
1254642,@Uber_Support who can I contact with help for an Uber eats order??,@414281 We're here to help. Can you please send us a DM with your email address associated with your Uber account so we can assist.,Thu Oct 26 06:37:47 +0000 2017,delivery_issue,
13988,@118948 SO DID UBEREATS,@118947 We're sorry to hear this. Can you please send us a DM so we can look into this?,Wed Nov 01 01:16:41 +0000 2017,delivery_issue,
1775470,Damn @115877 and @118625 have the worst customer service. Not only half my Order missing but nothing is offered to make it right.,@533526 Let's get another pair of eyes on your support request. Please send us a DM with your UberEATS account email address and phone number.,Tue Oct 10 22:12:15 +0000 2017,delivery_issue,
70055,@McDonalds @115877 Why after time I order food the fries are not fresh? They are cold? Than if the order isn't right I'm screwed! #UberEATS #McDelivery #McDonalds,@237663 Here to help! Send us a note via https://t.co/OWBkgXcbMl and we'll be in touch.,Fri Dec 01 23:12:51 +0000 2017,delivery_issue,
1087463,"So, I ordered food from Popeyes on Uber Eats. Food got here and the order is completely wrong. Asked for a 5pc, I got 3. Got no drink 😒",@376536 Oh no! Sign in and visit us at https://t.co/xLLG6cfrJA so our team can correct this for you.,Sat Oct 14 23:29:55 +0000 2017,delivery_issue,
1472867,@115877 I'm an Uber user and just spent over an hour trying to order from UberEats for the first time. Scan payment step doesnt work.,@461876 Oh no! Thanks for bringing this to our attention. DM us your account email along with details for assistance.,Fri Nov 03 01:08:55 +0000 2017,delivery_issue,
1151697,@Uber_Support I've been trying to order food for the past 30 minutes... https://t.co/Lvr7mG9xv5,"@116359 So sorry for the trouble! Our team is aware of the issue, and we're working to get back up and running as quickly as possible.",Sat Oct 14 23:33:34 +0000 2017,delivery_issue,
597322,@Uber_Support Uber eats won’t let me long in. Not getting the verification code to my phone...,"@261627 Hi there, we're here to help! Can you send us a DM with your email address so we can connect?",Sun Dec 03 19:29:39 +0000 2017,delivery_issue,
1157047,@115877 is really trying my patience today. 1st the driver didn't deliver my order cuz he didn't want to come up the stairs. Now I've been on hold for 20 mins. I think it's a sign that I should stop ordering with them so much. I'm sure my wallet &amp; waistline will thank me. #uber https://t.co/vnABPOgkFt,@392184 Sorry to hear about that! Can you please contact us via https://t.co/NwH1Sgj79J so our team can connect?,Sat Nov 25 18:50:03 +0000 2017,delivery_issue,
1900337,@Uber_Support there is some1 using my phone# to deliver food in a different city Kindly assist me in removing my # from all of your services,@566319 We'd be happy to assist you with this! Please DM us the email and phone number associated with your partner account and we'll follow up.,Mon Oct 23 22:38:26 +0000 2017,delivery_issue,
91590,@115877 I have been waiting for my order for an hour and I've been on hold waiting on a customer service rep for 20 minutes. This is unacceptable.,@135861 Here to help! Send us a note here; https://t.co/jP6giifgNM and our team will be able to assist!,Thu Nov 30 15:07:49 +0000 2017,delivery_issue,
2241676,Woah wtf. Why did ubereats just charge me full for a meal I got a discount on??,@653582 We're here to help! Please send us a note via https://t.co/h3vAjBLlBH so we can assist further.,Fri Nov 10 20:15:25 +0000 2017,delivery_issue,
151666,@115877 You didn’t deliver half my order and yet you won’t refund my delivery charge? Why? No satisfactory response from your customer service either. #ripoff #scam @Uber_Support #boycottUberEats #ubereats #uber #uberscam,@150645 We're sorry to hear this. Can you send us a DM with your email address so we can connect?,Fri Nov 24 15:28:57 +0000 2017,delivery_issue,
271682,@115877 hey an order has taken twice the amount of time it’s supposed to I want my money back guys,@180825 Let's take a further look into this. Please send us a DM with your email and phone number linked to your account.,Thu Oct 05 23:39:23 +0000 2017,delivery_issue,
266567,@Uber_Support ordered food scheduled to arrive in a few minutes. Suddenly order and all restaurants are missing. What's going on?,"@179511 So sorry for the trouble! Our team is aware of the issue, and we're working to get back up and running as quickly as possible.",Thu Oct 05 19:29:34 +0000 2017,delivery_issue,
1746149,"@Uber_Support delivery driver has gone AWOL. Called him, he hung up. Order:#2CBF2 Shocking customer service. Full refund please",@526459 We see your outreach and a member of our team will be following up via email as soon as possible. We appreciate your patience.,Tue Nov 07 15:14:37 +0000 2017,delivery_issue,
2412762,INTERNAL SERVER ERROR?!?!? WHYYYYY #KrispyKreme #UberEATS,"@693611 We're sorry, Catherine. We're working hard to sort a technical issue caused by high demand. Please doughnut worry, there will still be plenty of time to order. If you're not immediately connected, do try again.",Tue Nov 14 14:19:04 +0000 2017,delivery_issue,
362517,How have I ordered maccies nearly two hours ago and it's still not here @115877 🙄👌🏽,@201863 Let us look into this! Please send us a DM so we can connect. https://t.co/sd7yH5jmbJ,Sun Oct 08 14:37:07 +0000 2017,delivery_issue,
2757548,"I legitimately cannot stand how often @115877 screws up. This is literally the like 5th time. I JUST WANT FOOOODDDDDDD but nooooooooooo they decided that delivering the food when it said ""arriving"" wasn't the right thing to do. @Uber_Support","@771714 We can absolutely follow up! Can you please send us a note via https://t.co/E1hSTdoIlL, so we can connect.",Tue Nov 21 03:19:17 +0000 2017,delivery_issue,
456667,@McDonalds @115877 Why is UberEats not in Knoxville?,@297776 We're working hard to expand our service area. Stay tuned to our website for updates: https://t.co/Mf9vzZ0uru,Wed Oct 11 14:35:03 +0000 2017,delivery_issue,
1683687,@115873 @Uber_Support what is this? And why was I charged 80 dollars for a clean up fee. There was no food or drinks in the car... 😡 https://t.co/kzPo2afTGS,"@511760 We're here to help! Send us a note here, https://t.co/a6RfeBkKmr and our team will be in touch.",Mon Nov 06 16:40:54 +0000 2017,delivery_issue,
2422979,@115877 &amp; @148768 #EpicFail on your collab today. Where’s my donuts! #KrispyKreme #UberEATS,@695908 We're so sorry you didn’t get your free Original Glazed Dozen box. Demand was through the roof and stocks ran out. Stay tuned for more fun promotions soon!,Tue Nov 14 14:59:19 +0000 2017,delivery_issue,
31517,#UberEATS when you wait an hour for food and they fail to deliver #UberFail https://t.co/W0AQMflHR3,@122954 Sorry for the trouble! Contact us via https://t.co/Tq0sPMsSdu so we can connect right away.,Wed Nov 01 11:59:16 +0000 2017,delivery_issue,
985213,@115877 Hi I just received my order but it was not mine?? Oporto (Highpoint) Order #60CC7,@353517 We've followed up via DM!,Sun Oct 22 05:17:27 +0000 2017,delivery_issue,
2390542,"poor job - 3rd time in a row @115877 - using morons in your call centre only makes a lost, cold meal arriving 1 hr late, worse",@688613 We're here to help! Send us a DM with your email address so we can connect.,Tue Nov 14 09:20:51 +0000 2017,delivery_issue,
1457176,"@McDonalds Received 2 canned responses from @115877 help desk. Tried to use your delivery service, couldn’t order. #fatguyproblems",@458218 We're so sorry about that! Please send us a DM with your email address with details so we can connect.,Sat Oct 28 20:30:05 +0000 2017,delivery_issue,
1532559,@115873 how can I report a nasty uber eats driver?,@475355 Sorry for the trouble! Send us a note via https://t.co/G6utFs8cUp so we can connect.,Sun Nov 26 02:35:36 +0000 2017,delivery_issue,
1284624,"@Uber_Support When you receive your kebab but no pitta breads and the restaurant says ""contact Uber"" but the app won't let you!","@420500 We're here to help, John. Can you please send us a DM with your email address so we can connect?",Thu Oct 26 18:08:16 +0000 2017,delivery_issue,
