customer_tweet_id,customer_message,uber_response,created_at,intent
2839232,Uber india @115873.IND your customer support is hopeless. They dont read mails. Just copy paste the templates. Highly disappointed ! #uber #UberIndia @115873 @Uber_Support @116288,@790133 We're here to help! Send us a DM with your email address so we can follow up.,Mon Nov 27 16:19:57 +0000 2017,
1427715,@Uber_Support I could only write one sentence. I couldn't add that I tried calling my driver three times and his phone was fucking off! That's the one that drove right past me (after I waited 8 mins) and then cancelled. WTF,@451649 We're here to help! Send us a DM with your email address so we can connect.,Thu Nov 16 06:07:50 +0000 2017,
1073967,"@Uber_Support If I get a free ride, how soon does it expire?",@373400 Happy to help! The free ride will not expire until you use it. You can also learn more about this topic here https://t.co/RJzNT28Aw8,Mon Oct 23 19:14:05 +0000 2017,
2052816,"@115877 I’m still having trouble ordering from your site across all my devices, any idea whats going wrong?","@607098 So sorry for the trouble, Molly! Our team is aware of the issue, and we're working to get back up and running as quickly as possible.",Thu Oct 05 21:42:53 +0000 2017,
171786,"@Uber_Support All now I haven’t received a response from filling out that form, what shall I do?",@156120 We can definitely take a look! Send us a DM with your email address so we can follow up.,Wed Nov 29 22:47:54 +0000 2017,
2213539,"@2006 ...(which I get isn't @115873's fault but still), this was SUPER frustrating. 🙄🙄🙄",@646898 Happy to take a closer look. Can you send us a DM with your email address with additional info so we can follow up?,Fri Nov 10 03:20:49 +0000 2017,
2262071,@Uber_Support Replied to this tweet and shared the details...,"@122720 We're here to help. DM us the email address connected with your account profile, so our team can follow up with you!",Tue Nov 14 11:59:51 +0000 2017,
2326216,"@115873, bro. You guys have been sub-par in #DC lately and according to you I’m at 1264 trips in the last 4 years. Decent CLV. Want to chat?",@673756 We're here to help! Send us a DM with your email address and more details so we can assist.,Fri Oct 20 00:05:13 +0000 2017,
1891933,@Uber_Support can you please make it harder to save an address to saved destinations please? It's clearly not hard enough.,"@124546 Happy to help. Visit https://t.co/1lkP6bVjfg for information on Driver Destinations, or reach out at https://t.co/FF2YGTGjuA for assistance.",Sun Oct 22 17:32:16 +0000 2017,
1915738,This how @115877 and @Uber_Support manage a complaint regarding an incorrect order. https://t.co/MkKxVrsMyt,"@396349 We'd love the opportunity to make things right for you, Kevin! We understand you're frustrated, and we'll DM you momentarily to help.",Thu Oct 26 01:37:02 +0000 2017,
2832175,@115873 Worst customer suppoer ever. My query is still not resolved and these guys are not responding. Worst part is there is no telephone no to call,@788525 Sorry to hear about that! Please provide a specific details regarding your concern and we'll connect.,Mon Nov 27 13:30:34 +0000 2017,
514100,@Uber_Support I need someone to call me,"@238355 At this moment, we don't offer phone support. For your inquiries and other concerns, you may visit https://t.co/balq3Eyso6",Sat Dec 02 00:09:21 +0000 2017,
1197993,@Uber_Support are drivers required to allow car seats (we need to travel with an infant)? No info on your website,"@401478 Happy to help! For more info on how to request a car seat, you may visit: https://t.co/B7TnOOg1JY",Wed Oct 25 03:10:35 +0000 2017,
2372482,@Uber_Support how do I get an Uber beacon?,@157069 Happy to help! Find out more info here; https://t.co/vxNRfwTBJn,Tue Nov 14 00:35:54 +0000 2017,
2587460,@115873 Would be nice to know about extra charges for airport dropoffs and your driver getting lost. $18 turned to $40 REAL quick. Not cool.,@335576 Sorry for the trouble! Send us a note via https://t.co/zJ6aIZinzb so we can connect.,Mon Oct 30 17:25:41 +0000 2017,
2662445,@Uber_Support I think my credit card is being used for Uber trips - how can I look up the trip ID# to verify?,"@750370 Here to help! Follow up here; https://t.co/kGIXas5Cxg, and our team will connect right away.",Tue Oct 31 05:51:07 +0000 2017,
497672,"@Uber_Support same problem again..i called driver,ws unable to come to pickup point as it ws far away..he cancelled &amp; i was charged wrongly.",@133049 Sorry to hear about the trouble! Please visit https://t.co/h840Iouehc so we can sort this out.,Fri Dec 01 18:24:38 +0000 2017,
964319,"@Uber_Support I’m over this back and forth stuff. Taking a loss but, AM considering @115879",@348889 We definitely understand your concern and we want to help. Please DM us the email address linked to your account so we can connect.,Sat Oct 14 04:18:51 +0000 2017,
306997,@Uber_Support Thank you!!,@189305 No problem! Let us know if we can assist further.,Fri Oct 06 22:57:47 +0000 2017,
2762925,"hey @115877, can you deliver me an extra large order of death?","@772931 Here to help! Please send us a DM with your email address and specific details of your concern, so we can better assist you.",Mon Nov 27 00:15:08 +0000 2017,
2177690,@Uber_Support I have waited and checked my emails 100 times no email yet. Can this be checked on priority?,@638291 We have followed up with your message from your original email. Please check that email and follow up with us directly.,Tue Nov 14 09:54:35 +0000 2017,
983440,@Uber_Support need to contact TLC Uber support team to get back online,@353152 Please connect with us at https://t.co/xPiskerIJO or https://t.co/WQboREqSSu so we can look into this.,Wed Oct 11 18:46:36 +0000 2017,
2734535,@115873 why did I get charged an extra $13 for a ride and I emailed about it 2 days ago have not heard anything.,@766407 We're sorry to hear this. Can you please send us a DM (direct messages) of your email address so we can look into this?,Mon Nov 20 19:51:56 +0000 2017,
2560513,@Uber_Support Hi I was just checking my bank account and it looks like I have been charged twice for my last 2 trips. Please assist!,@528605 Here to help! Send us a note at https://t.co/DceIRNI6kV so our team can connect.,Thu Nov 16 17:19:34 +0000 2017,
28504,@115873 @119983 @116288 your driver harassed and badgered my guests to pay cash for a non cash payment drive. These were poor folks,"@122237 We can absolutely follow up, Tarun! Can you please send us a DM with your email address?",Wed Nov 01 10:10:51 +0000 2017,
1777919,Yo @115873 why does your app always give your drivers the dumbest possible route? Figure it out!!,"@534196 Sorry for the trouble! Send us a note here, https://t.co/y4EDPcVZOI, and our team will be in touch.",Sat Oct 28 23:58:04 +0000 2017,
2638528,@Uber_Support @744656 is that my email __email__,@536997 We see your outreach and a member of our team will be following up via email as soon as possible. We appreciate your patience.,Fri Nov 17 21:10:57 +0000 2017,
2565876,@115873 I raised an issue on FB and on the app. as well. No response. Do we care for the customers or only care for the surge pricing?,@727932 We can definitely take a look! Send us a DM with your email address and details so we can follow up.,Thu Nov 16 18:45:05 +0000 2017,
936535,@Uber_Support you guys charged me almost $50 for a trip that was originally 22$ due to your broken Navi. #notfair,"@342020 Happy to help, Jordan. Please go here https://t.co/Wavn5xnaeo, so we can follow up.",Fri Oct 13 20:26:21 +0000 2017,
414975,@Uber_Support does the £10 off your first journey come off automatically when i get charged for the journey?,"@213952 Any promotions you've added to your account will apply at the end of the trip, yes. If you have any further questions, please let us know.",Sat Oct 07 17:16:22 +0000 2017,
603567,Does @115877 deliver edibles?,"@263413 We deliver the food you want, from the restaurants you love, at Uber speed. Learn more at https://t.co/6rZp3XyWol",Sun Dec 03 22:36:45 +0000 2017,
1723283,@Uber_Support Can you help me make an account when someone already used my cell phone number?,@521331 We can take a look! Send us a note via https://t.co/mSBDsMUeID so our team can get in touch.,Thu Oct 26 20:04:48 +0000 2017,
367525,@115877 please help https://t.co/LDAQmoqEno,@203060 Sorry to hear about this! Send us a DM with your email address so we can connect.,Sun Oct 08 17:31:25 +0000 2017,
1787440,"@Uber_Support Not able to get in as portal does not recognise email id and for mobile users, ask to get thru mobile app. Now what ? https://t.co/p0SNzChsZC","@536991 Sorry for the trouble, Gourav. Please send us a DM with your email address so we can follow up.",Fri Nov 17 12:16:16 +0000 2017,
1029015,@115873 why does my driver accept and then drives away??!! https://t.co/4Kp9Z4nAKA,@363476 Sorry to hear about that! Can you please contact us via https://t.co/e8HVorX5rh so our team can connect.,Mon Oct 23 03:50:37 +0000 2017,
1491504,@Uber_Support I have already said it here. Your driver's phone wasn't working. Your app ddnt even show pick up time,@466388 We see your outreach and a member of our team will be following up via email as soon as possible. We appreciate your patience.,Fri Nov 03 10:08:55 +0000 2017,
2695146,Waited 21 minutes for an @115873 to arrive. ETA was 9 minutes. @Uber_Support wtf bruh. Fix your routing please,"@757400 We hear ya! Thanks for the feedback. We're always working to provide you with new features, so stay tuned.",Sun Nov 19 18:13:45 +0000 2017,
1031134,@Uber_Support why is it so hard to get in contact with you people and why is it so hard to give me my money back for a ride I didn't take!!!,@346121 We've followed up via DM!,Sun Oct 22 22:38:27 +0000 2017,
305882,@Uber_Support just been charged £5.75 to go 0.8 of a mile by one of your drivers absolutely disgusting and hes attitude was a abysmal 😡,@189040 Here to help! Contact us via https://t.co/BkgUQiWSRM so we can connect.,Sat Oct 21 18:06:32 +0000 2017,
528336,"Hate to be that guy, but had a rubbish experience with @115873 last night. Had three cars be within a minute of us waiting and then suddenly cancel, then one supposedly stop next to us but never actually turn up.",@242322 Sorry to hear about that! Can you please contact us via https://t.co/e8HVoseGiP so our team can connect?,Sat Dec 02 08:36:26 +0000 2017,
304956,@115877 I accidentally ordered from two places 😂😂,@188808 We're here to help! Send us a DM with your email address so we can connect.,Mon Oct 30 23:53:14 +0000 2017,
1498339,@115873 Not only did I get taken to the WRONG PLACE by my driver but then got charged for the full trip! Unwilling to help solve the issue,@467887 Will you please DM us with your email address associated with your account as well as the trip details? We'll look into it.,Sat Oct 28 21:37:12 +0000 2017,
1240143,@115877 this is the most horrific disgusting thing I've ever seen I'll be seeing you ✌,@410893 We take this very seriously! Please send us a DM with your email address so we can connect ASAP.,Sun Oct 29 21:08:58 +0000 2017,
536907,"@4735 @Uber_Support hey, let’s talk. I need to know how you’re going to charge me an extra $27.23 for a ride literally a week later. I’m not happy so let’s get back to me quickly.",@244435 Here to help! Contact us via https://t.co/Xp8oSaxoDn so we can connect.,Sat Dec 02 13:41:44 +0000 2017,
100083,"Been calling Uber eats for TWO days regarding me refund. Haven’t gotten an answer. At this point, I’m pissed and want a full refund. @Uber_Support",@137925 We can take a look! Send us a note via https://t.co/3eYc7uUEUm so our team can get in touch.,Thu Nov 30 17:03:11 +0000 2017,
750306,Thanks @115873 obv the driver didn’t end the trip https://t.co/9By4UJgGIq,@299345 We're here to help! Send us a DM with your email address so we can connect right away.,Wed Oct 11 17:25:04 +0000 2017,
656409,"@Uber_Support your app’s eta’s are totally not synced up with current traffic patterns in new haven, ct.","@202829 Hi, Miriam! Sorry to hear about the trouble. Please send us a note at https://t.co/balq3Eyso6 so we can connect further.",Wed Nov 22 22:44:48 +0000 2017,
2665629,"@Uber_Support So utterly frustrated. I'm trying to go through your official prescribed process and it just doesn't work, nor does it produce a helpful error message.","@751020 Sorry to hear about the trouble. Visit https://t.co/oPsmsdUCX5 for information on this issue. If you have any questions, please sign in through the link provided so we can assist you as quickly as possible. https://t.co/7Iluzs7L9x",Sun Nov 26 22:19:10 +0000 2017,
2927386,@Uber_Support help! No issues with my account but can’t book,@809900 We’re here to help! Send us a note via https://t.co/xMxswVLBKT and we'll be in touch.,Wed Nov 29 04:29:14 +0000 2017,
2138164,@Uber_Support y'all still won't let me make a new account wtf is going on after help after help,@530969 Please DM us with your email address you are attempting to use and details about the trouble you are experiencing? We'll look into it.,Wed Nov 08 21:21:30 +0000 2017,
1442042,@Uber_Support Can someone help me resolve it so that i can book an uber plssss!,@264355 Here to help! Send us a note at https://t.co/76zx6Rm1i6 so our team can connect right away.,Thu Nov 02 11:45:55 +0000 2017,
1202924,@Uber_Support Thank you for clarifying that your drivers aren't Trustworthy.,"@402610 We're happy to take another look into this, Abhinav. We'll be following up via DM shortly.",Wed Oct 25 13:11:09 +0000 2017,
1986655,I think I am officially done with @115877 probably the worst experience ever. They mess up my order over 50% of the time. #UberEatsStinks,@588072 We want to follow up. Please provide us with more details of your support inquiry via DM.,Wed Oct 18 17:29:17 +0000 2017,
1807478,@116288 619 rs. Uber pool for 15 kms? Have u started air travel services in pune? https://t.co/fNXNfqWEue,"@543005 Happy to clarify, Kshitiz. It looks like there's an increase in demand. Find out more about dynamic pricing here - https://t.co/QRLZIgZDSB.",Sat Oct 14 07:24:30 +0000 2017,
602787,@115873 just came home from #ACCChampionshipGame in Charlotte NC. Uber Cars there were so dirty and rundown. XL weren't really XL. Very disappointing!,@263138 Here to help. Send us a note at https://t.co/cV94v5303R so our team can connect.,Sun Dec 03 22:24:54 +0000 2017,
2237815,@Uber_Support phone support is awful I am having an issue getting paid for a promotion told support was going to give bad feedback on Survey so support never released line dead air 58 min,@652568 Here to help. Send us a note at https://t.co/F7yFN7gC20 so our team can connect.,Fri Nov 10 18:08:28 +0000 2017,
1999287,@115873 nothing happened it keeps sending me back to the main page with an astric on my profile to enter car information which I don't have,"@591097 Hi, Robert! Please visit; https://t.co/IoFdS4vdqt for more info. Please let us know if you have any other questions or concerns.",Thu Nov 02 20:44:26 +0000 2017,
2921925,"@Uber_Support I still haven't received any news or message from your team. This is very frustrating, please help.",@808649 Thank you for providing that information. Someone from our team will be reaching out shortly.,Wed Nov 29 15:01:23 +0000 2017,
1843740,@115873 your driver tried to assault me when I was going home,@552422 We want to follow up ASAP. Can you please send us a DM with your email address and additional details so we can connect?,Sun Nov 26 07:46:57 +0000 2017,
1197998,@115873 fix your GPS system for your drivers 🙃 I had to navigate with my own phone for the past two rides I've been on,@401480 Here to help! Please reach out to https://t.co/QDn91HzZV0 and fill out the 4 boxes at the bottom so we can get in touch.,Wed Oct 25 02:34:40 +0000 2017,
683177,"@Uber_Support Your customer care is so good that they only think in monetary terms. The driver blatantly dared me to file a complaint, probably because you guys do nothing",@148940 We're here to help! Send us a DM with your email address so we can connect.,Thu Nov 23 11:44:19 +0000 2017,
1006792,@115877 after a whole hour of waiting your bitch ass driver waited five minutes then left lmfao im pissed smh do better,@358240 Let us look into this! Please send us a DM so we can connect. https://t.co/sd7yH5jmbJ,Sat Oct 14 06:47:29 +0000 2017,
2482463,@115873 Brussels absolute waste..#joke #waited 20mins only for driver to change my pickup location..#muatbekidding then charged me 5€ #refund,@709258 Here to help. Send us a note at https://t.co/e8HVorX5rh so our team can connect.,Sun Oct 29 22:41:11 +0000 2017,
2652691,@115873 I book a cab but your driver is not ready to pick and misbehaving in phone see in picture https://t.co/XPV5V6Sto1,@665608 Sorry to hear about what happened. Send us a note here; https://t.co/fS660rQ8NQ and our team will be able to assist!,Sun Nov 19 08:08:38 +0000 2017,
581473,"@Uber_Support I want to know how the driver cancelled my ride almost to the destination,will i be charged and yet I paid what we",@257031 We can take a look! Send us a DM with your email address so we can follow up.,Sun Dec 03 12:37:12 +0000 2017,
1384859,@Uber_Support It's gives me many options but none of them matches to what I am looking for :(,@442257 Thanks for reaching out. We'll get this sorted out! Please send us a note through https://t.co/balq3Eyso6 so we can help.,Sat Oct 28 08:56:51 +0000 2017,
2725470,@115873 your driver went away without picking me up and charged me the fees. pl refund immidiately. my number is 7738767069 #uberindia #Uber #Ola keep ur app updayed like #Ola plz refund urgently #radiotaxi #Mumbai #uberindia #sucks #pathetic #Services by #Uber,@764360 Here to help! Can you please contact us via https://t.co/1xM0TILvAI so our team can connect.,Mon Nov 20 16:52:56 +0000 2017,
2129596,@Uber_Support You got it sent I’m the note,@626865 We're here to help! Send us a DM with your email address and more details so we can follow up.,Sun Oct 29 03:55:59 +0000 2017,
2030163,I would pay $100 delivery fee if @115877 would bring me Porto’s,"@249964 We're happy to help! For more information on this, click here; https://t.co/OSXElQiYDD. Feel free to reach out with any further questions.",Tue Nov 07 07:17:14 +0000 2017,
1320426,@Uber_Support @428309 I just want back what you stole from me and my original credit! What you have done is wrong and cant be solved on here.,@427464 Oh no! Thanks for bringing this to our attention. Let's connect you to a support specialist at https://t.co/qHI8xcEDUm for help.,Sun Aug 13 22:31:13 +0000 2017,
282291,@14273 I got the wrong order from you guys through UberEATS and I want a refund,@183246 We're here to help! We'll be following up via DM shortly.,Fri Oct 06 05:31:11 +0000 2017,
1951017,Hi @115873 can you make it possible to give negative stars cos this car I'm in deserves -4. Shittiest/dirtiest car and driver ever. Ugh,@579447 Sorry to hear that! Send us a note here: https://t.co/aBEgvdNWQN so we can connect.,Wed Oct 18 16:29:53 +0000 2017,
348985,@115873 want's your problem dear every time u use to disable my account .Do u really want to run your business.,"@199066 Here to help! Send us a note here, https://t.co/Md7v036OoC, and our team will follow up.",Sun Oct 08 07:48:54 +0000 2017,
1121851,@Uber_Support @119983 @116288 Seriously frustrating. Driver came after 50 min and cancelled ride. Still I am charged. (1/2) https://t.co/ZDnCMzNw8z,@384615 Here to help. Send us a note at https://t.co/h840Iouehc so our team can connect .,Tue Oct 24 06:50:38 +0000 2017,
1719718,@Uber_Support Please check my last tweet for a screen shot and track me down to prove you care for your customers. If not I got it. @1143 @151419,@520562 We want to look into this for you. Please send a DM our way with your account email and phone number so we can connect.,Tue Nov 07 07:18:36 +0000 2017,
2604311,"@Uber_Support i report a driver for taking a longer route and got refunded and my account gets blocked suddenly. Certainly not a new thing, was blocked 2 years back and then reactivated again reason being they made a mistake.why should i suffer? #dissapointed #helpmeout https://t.co/ja7VpmzsOQ",@228584 We're here to help! Send us a DM with your email address so we can assist.,Fri Nov 17 09:07:32 +0000 2017,
2241622,@Uber_Support was emailed a promo through 11/13 for 50% off my next 10 rides wanted to take a ride this afternoon and the promo price for the ride wasn’t going through. I haven’t taken 10 rides with the promo yet,@653556 Let's take a closer look! Send us a note via https://t.co/lqVgKo4ZO3 so our team can follow up.,Fri Nov 10 20:20:51 +0000 2017,
184154,@115877 how come I cannot order from the eats week menu? Add to order button missing. Also what causes free delivery times?,"@159334 Sorry to hear about the trouble. Please provide details here; https://t.co/uqkboJBiJd, so we can further assist.",Sat Oct 14 21:27:08 +0000 2017,
1868166,@115873 I mean guy was straight up mean and vindictive to my wife who asked him politely to stop looking at his phone while driving us. Then dropped us off in a gas station parking lot when he said if you don’t like it then get out.,@558057 It seems a member of our team has reached out to you. Please check your email and follow up with them there.,Sun Nov 26 08:22:25 +0000 2017,
1239947,"@Uber_Support Can I take an Uberx with other people or is it one account, one person per ride? In Glasgow.","@410832 Hi there! For more info, please click here: https://t.co/vsOBIx70UR",Thu Oct 26 18:57:07 +0000 2017,
658080,When your @115873 driver accepts the ride but doesn’t pick you up.,"@276669 Sorry for the trouble! Send us a note here, https://t.co/e8HVorX5rh, and our team will be in touch.",Wed Nov 22 23:17:29 +0000 2017,
586341,my uber account has been disabled.Please could you help me @Uber_Support,@258457 So sorry about the trouble! Please send us a DM with your email address and more details so we can connect.,Sun Dec 03 15:09:32 +0000 2017,
2861118,@115873 your driver is trying to screw us over and nobody will respond to our support requests. Switching to Lyft permanently from now on if this is unresolved.,@794858 We're here to help. Send us a DM with your email address and more details so we can follow up.,Mon Nov 27 22:34:11 +0000 2017,
609593,"@115873 i know you guys are having a bad week, but can I get my 5 star rating back? #uberhack",@264915 Find out more info about ratings here: https://t.co/kWptmPiR2h.,Wed Nov 22 12:35:39 +0000 2017,
274142,"@Uber_Support I see 2 duplicate charges on my credit card, sent a DM thanks!",@181502 Here to help! Please send us a note via https://t.co/DceIRNI6kV so we can connect.,Fri Oct 06 05:08:36 +0000 2017,
2253975,@115873 your driver just drove off on me #greatservice hope you understand sarcasm,@656570 Happy to help. Please send us a DM of the email address connected to your account and more details so we can further assist.,Sat Nov 11 04:15:52 +0000 2017,
1059434,@Uber_Support are all your answers in the uber driver app automated ? #uber #uberfail no human on the other side. I just need help.,"@370144 Hey Felipe, our team has reached out so please check your partner app under the 'Help' section or email to see our response.",Fri Oct 13 00:54:58 +0000 2017,
2122673,"@115873 Few mins ago they replied, ""there is no account associated with this number"". Then how the fuck I CANNOT SIGN UP OR SIGN IN USING MY FUCKING NUMBER YOU UBER SHIT",@625341 We apologize for the trouble! Send us a DM with your email address and we'll connect.,Wed Nov 08 15:15:29 +0000 2017,
252258,When @115873 keeps taking money for cancelled trips and saying they haven't charged me. WHERE'S MY MONEY THEN?! 😡,@175974 Here to help! Please send us a DM with your email address with details so we can follow up.,Thu Oct 12 00:22:06 +0000 2017,
2312642,@Uber_Support You don't get it. You are required to confirm your email for the ticket to be created and YOU CANNOT CONFIRM YOUR EMAIL TO CREATE THE TICKET!,@256065 We're here to help! Send us a DM with your email address so we can assist.,Sun Nov 26 21:31:16 +0000 2017,
2379899,@115873 @Uber_Support @Uber_Support Worst customer support ever.,@686245 We can definitely take a closer look! Please send us a DM of the email address connected to your account so we can further assist.,Tue Nov 14 04:45:52 +0000 2017,
339181,@Uber_Support Your eats app keeps giving me an error for payment.,@196985 Hi - here to help. Please DM us the email linked to your Uber account so we can look into this for you.,Sat Oct 07 22:09:03 +0000 2017,
2695159,Very disappointed on the service of @115873 in Nagpur the arrogancy of drivers is as good as harassment. On top of it we users are made to pay the penalties even though drivers cancel the ride #disappointment #ubersucks,@757405 Hi there! Please reach out to https://t.co/zUe0dj6yoX and fill out the 4 boxes at the bottom so we can get in touch.,Sun Nov 19 18:01:45 +0000 2017,
2776389,@Uber_Support How long does a background check take?,"@120792 Send us a note here; https://t.co/tMUZJWxRmw, and our team will be able to help!",Tue Nov 21 09:33:44 +0000 2017,
1791464,@Uber_Support That can be done because it was 8 months ago!,"@538118 Let's take a look, Heather. Please DM us the email and phone number linked to your account, plus the details, so we can follow up.",Mon Oct 23 17:42:09 +0000 2017,
2171777,OK. Any idea to how to find out my @115873 driver without an e-mail confirmation? Left my phone in there too... HELPPPPPPPPPPPPPPPPPPPPPPP,@636958 We can take a look! Send us a DM with your email address so we can assist.,Thu Nov 09 12:09:09 +0000 2017,
2744296,"@115873 WARNING! Do not use uber. TRY LYFT INSTEAD! Put my money on an uber gift card and the app still wouldn't accept it. They have done NOTHING to fix my problem, and i got stranded where an illness I have got much worse because of uber! Spent days in hospital!",@768622 Sorry to hear about that. Can you please send us a DM with your email address? From there we'll be able to assist further.,Mon Nov 20 19:14:44 +0000 2017,
2170219,"@Uber_Support That makes sense but after 6+ consecutive months of being selected for Ride Passes it seems like I ""lost my selected status."" Anyway to get it back or are we at the whim of some algorithm? Thanks advance for the quick reply...","@636645 Sorry to hear about this, Devin! That is accurate. At this time, if you are not sent an offer to purchase, you'll have to wait for the next offering. Keep an eye out for your chance to purchase next month. We appreciate your feedback as we continue to test this feature.",Thu Nov 09 02:52:32 +0000 2017,
1141107,@115873 teach your drivers hiw to navigate and not to relay on the application all the time because your navigation system sucks. ^_^,@388605 Here to help! Send us a note via https://t.co/fS660rQ8NQ so our team can get in touch.,Tue Oct 24 15:33:53 +0000 2017,
1096792,Almost got hit by a drunk driver whomst ran a red light tonight. Stay Safe out there folks. And call a damn Uber if you have to.,@378815 We absolutely want to follow up right away. Please send us a DM with your email address so we can connect.,Sun Oct 15 05:42:13 +0000 2017,
512975,"@115877 ur service is trash, it took me an hour to order food",@238016 Here to help. Send us a note at https://t.co/EGiaYE5JMU so our team can connect.,Fri Dec 01 23:54:19 +0000 2017,
1882926,@115877 But the thing is ... why charge a fee if they’re going to mess up the order 🤷🏽‍♂️🤷🏽‍♂️🤷🏽‍♂️🤷🏽‍♂️🤷🏽‍♂️,"@561913 If you have an issue with your order, we're happy to take a look into that. You can DM your account email and more info and we'll follow up.",Sun Oct 22 20:52:48 +0000 2017,
1709156,"@115873 It has been 16 days since I have been able to use Uber. You are unable to reset my account despite multiple attempts. Now, you won't accept my emails. I’m convinced that you will never fix the problem and that I will have to use Lyft instead forever. Please advise.",@517891 We've responded via DM!,Thu Nov 30 21:05:34 +0000 2017,
324325,@Uber_Support Why can't I apply my gift card to an overdue fee on my account?,"@193265 Let's take a closer look at your account, Calvin. Please DM us with the email address linked to your Uber account, so we can connect.",Sat Oct 07 14:02:43 +0000 2017,
1384866,"@Uber_Support If I call 1(866)576-1029, a pleasant voice asked me to email __email__ for better service. Sounds pleasant and fine.",@442259 Happy to further assist you. Can you please send us a DM with your email address and additional details?,Sat Oct 28 08:46:16 +0000 2017,
605254,@Uber_Support I already complained on the app/email and I have been told to poorly grade the restaurant. I refused a 5£ refund (automatic price when I complained on the app) and got a 1.49£ ones after?,@263858 We see your outreach and a member of our team will be following up via email as soon as possible. We appreciate your patience.,Wed Nov 22 08:43:15 +0000 2017,
1259359,@115873 my rating went down as a passenger when i use a promo code and paid for maximum eighty cent or a free ride.Driver gave a loe rating 😕,@415065 Here to help! Please follow the link https://t.co/kWptmPiR2h for more info.,Thu Oct 26 08:35:35 +0000 2017,
1801070,This is third time either the restaurant or the driver messed up my @115877 order.,@460514 We're sorry to hear this was your experience. Contact us via https://t.co/OWBkgXcbMl and we'll be in touch.,Sun Oct 29 00:20:10 +0000 2017,
757899,@5871 @115873 really bad few drivers cancel trips/don't answer call bcos they don't want far location at 1230am #CustomerService,"@301114 Sorry for the trouble! Send us a note here, https://t.co/fS660rQ8NQ and our team will be in touch.",Wed Oct 11 19:09:20 +0000 2017,
2241543,@Uber_Support had an unpleasant experience today with driver passing my destination and refused to pick. Booked another cab and then see that driver come to pick another passenger. He has altercation with other passenger as well.,@653552 We're sorry to hear this was your experience. Contact us via https://t.co/fS660rQ8NQ and we'll be in touch.,Fri Nov 10 21:27:37 +0000 2017,
1454961,@Uber_Support I had to cancel a ride on Saturday as driver was not contactable. I waited for &gt;10 mins with no update. Wld like cnx refund.,"@457694 Hi, Fiona. Sorry to hear the trouble! Let's connect further to get this sorted out at https://t.co/QsI1vsvcif. Thanks.",Mon Oct 16 15:57:22 +0000 2017,
2414795,Order cancelled by restaurant?! Dreams crushed 😭 @115877 @148768,"@694123 We're sorry we couldn't get to everyone, but stay tuned for more fun promotions soon!",Tue Nov 14 14:33:30 +0000 2017,
984336,@116288 Where is the child's seat belt? Or booster seat with seat belt? Wake up @115873 - wrong message!,@257015 Find out more about Uber Car Seat here; https://t.co/B7TnOOg1JY,Sat Oct 14 09:46:24 +0000 2017,
2380935,@115873 I booked ride yesterday showing 465.63 rs but I charged 792 rs using paytm. Now got coupons but app showing invalid strange service. I'm regular customer still don't expect. No matter what you will explain but it's wrong at all.,@150757 Hi there! Please write in your concern to https://t.co/zUe0dj6yoX and fill out the 4 boxes at the bottom so we can get in touch.,Tue Nov 14 05:23:45 +0000 2017,
2871956,So a @115877 South Africa driver threatened me with death at my door step &amp; @115877 did nothing about it. This's normal is to them.,@797412 We want to look into this right away. A member of our team will be in touch as soon as possible.,Tue Nov 28 03:14:43 +0000 2017,
2973960,When you order with @115877 and they deliver at the wrong house. #terrible,@820203 Here to help! Send us a note via https://t.co/nFTc4ODH3P so we can connect.,Thu Nov 30 01:57:01 +0000 2017,
2768348,@115877 Second time a driver has just marked an order as delivered when it was never delivered to me. Starting to get super annoyed.,@774067 Here to help! Send us a note via https://t.co/o056uE8sfv to assist you further.,Tue Nov 21 11:51:36 +0000 2017,
969519,"@Uber_Support Hi I don't have any options to select the journeys, I think this may be because the trips were cancelled by the drivers 3 times https://t.co/QKPnTmQEgA","@350112 We're happy to follow up further, Afsana. Can you please send a note our way via https://t.co/593jusCquh?",Mon Oct 16 08:13:19 +0000 2017,
347002,@115873 @Uber_Support a very basic thing that every service provider provides in an app. Customer care contact. Where the hell is it in Uber?,@198632 Here to help. Please send us a note at https://t.co/balq3Eyso6 so we can look into your concern for you.,Sun Oct 08 04:22:02 +0000 2017,
1620711,@Uber_Support I'd just like to talk to someone on the phone. None of the customer service numbers work.,"@496697 Hey, Emily. Our team has followed up through in-app support requesting additional information.",Sun Nov 05 17:39:44 +0000 2017,
1037508,"fuck @115873 and the scam that it always is, and if you can't speak god damn english you shouldn't be fucking driving and taking direction",@365437 We're here to help! Send us a note via https://t.co/fS660rQ8NQ so our team can assist.,Thu Oct 12 20:32:44 +0000 2017,
1942652,"@115873 sends me all of their surveys, but @Uber_Support never gets better. Use the app everyday, when there is a problem, help is a nightmare",@577634 Hi Jack! We're sorry to hear this was your experience. Send us a note here via https://t.co/QDn91HzZV0 so we can take a closer look.,Mon Oct 30 00:21:52 +0000 2017,
2402973,@148768 @115877 I can’t even find you in the app :(,@693140 We’re sorry -- it looks like you are outside of Krispy Kreme’s delivery area. Stay tuned for more fun promotions soon!,Tue Nov 14 14:20:12 +0000 2017,
518903,I'm back seat driving this is crazy #scared 😨 https://t.co/cMwD5TLPue,@239720 Here to help. Send us a note at https://t.co/kXjcHg9xTC so our team can connect.,Sat Dec 02 02:04:24 +0000 2017,
2570187,@115873 can existing partners lease #getaround cars?,"@728928 We're here to help! For more info, visit us at; https://t.co/IoFdS4vdqt.",Mon Oct 30 16:26:06 +0000 2017,
312469,This @115873 driver f*cking sucks. What happened to standards?,@190619 We’re sorry about that! Send us a note via https://t.co/fS660rQ8NQ so we can help.,Sat Oct 07 04:02:31 +0000 2017,
722608,@Uber_Support Hahahahaha you want a note coz I never sent details 0771842354 Ibrahim rude and more,@293017 We've been in touch via DM - Please see our most-recent message for more information and next steps.,Wed Oct 11 02:43:32 +0000 2017,
1602774,@Uber_Support I lost my phone in my uber. Having trouble completing the lost item form online. The form isnt working. What to do? Pls help!,@491939 We're here to help! Send us a DM with your email address so we can follow up.,Sun Nov 05 07:09:12 +0000 2017,
2938682,"@Uber_Support please help my account uber driver for confirmation rate is always drop day by day, altough i offline cause rain hard day by day.",@349604 Here to help! Find out more about ratings here; https://t.co/NZEeAzqoX0,Wed Nov 29 12:38:39 +0000 2017,
2342913,"@Uber_Support I already did. Basically, a sorry but if you want door to door delivery, then request on the instructions..",@677646 Oh no! Please DM us the email linked to your account so we can look into this for you. We look forward to your response.,Fri Oct 20 07:21:38 +0000 2017,
242228,@Uber_Support just sent you a DM about erroneous charges-- thanks in advance for your help,"@173532 We can definitely take a closer look! Contact us here; https://t.co/1xM0TILvAI, so we can help.",Thu Oct 05 14:21:10 +0000 2017,
726401,@Uber_Support NEED YOUR HELP TO OBTAIN MY INVOICE.. EVERYTIME I CLICK RESEND INVOCE THE PDF IS DAMAGED AND IM NOT ABLE TO OPEN IT.. HELP!,"@294001 Let's take a look, Arturo. Please reach out at https://t.co/hor8KFwZ7i and we'll follow up.",Wed Oct 11 02:00:49 +0000 2017,
2045087,"@Uber_Support Hey, every time I try to make an account with my phone number it keeps saying the number is in use when it isn't please help","@604783 Sorry to hear about the trouble, Salmah. Please reach out to our team at https://t.co/WvFcM6aFYx and we'll get a closer look!",Wed Oct 18 23:05:55 +0000 2017,
2531446,@uber_support I am struggling to get through to anyone with a reasonable response on the app. Extremely displeased with my order and service,"@720495 A member of our team has recently been in touch via email, please check your inbox and follow up there directly.",Mon Oct 30 09:14:22 +0000 2017,
551285,@115877 when will UberEATS come to Michigan,@248462 We're working hard to expand our service area! Stay tuned to our website for updates: https://t.co/Mf9vzZ0uru,Sat Dec 02 19:03:39 +0000 2017,
2243178,@Uber_Support This driver drove off as I had my hand on the vehicle. Unsafe. Unprofessional. Suspend him or at least let me rate him. https://t.co/jCYkMD9Zew,"@653947 That's definitely not ok, Kate. Please DM us the email address linked to your account so we can connect!",Thu Oct 19 17:08:16 +0000 2017,
285388,@14350 @Uber_Support Registered email id is: __email__ How to resolve this? https://t.co/waJCUTJjRt,"@183992 Hey there, Tabassum. Let's get this looked at for you. Please head on over to https://t.co/L2aXwAc0Tb so we can follow up with you directly.",Fri Oct 06 12:59:29 +0000 2017,
587487,@115873 what's the deal with the surge in questionable drivers?,@258781 Here to help. Send us a note at https://t.co/QDn91HzZV0 so our team can connect.,Sun Dec 03 15:52:53 +0000 2017,
263675,@Uber_Support I purchased $35 worth of credits because for some dumb reason you cant take my Master card. And you cant the credits either!,"@178849 We're sorry to hear this was your experience. Send us a note here, https://t.co/yqIhbGRNqi, and our team will be in touch.",Thu Oct 05 22:35:05 +0000 2017,
712579,"@116988 @7954 @115873 Uber won’t honor AMEX promotions, worst customer support I’ve ever seen. Amex should part ways.",@204190 We're here to help! We just sent you a DM.,Tue Oct 10 15:51:14 +0000 2017,
1558865,I think i dropped my phone in my @115873 last night 😕,@481763 We're here to help! Send us a note via https://t.co/rOtqyWhDC1 so our team can assist.,Sat Nov 04 13:07:09 +0000 2017,
391764,"Just wanna let y'all know. @115877 fucked me on my order, and have no way for me to get reimbursed NOR get me my missing food items",@208761 Sorry to hear this! Please send us a note at https://t.co/xLLG6cfrJA so we can look into this order for you.,Mon Oct 09 00:40:04 +0000 2017,
1271173,"@Uber_Support why is it that I wait 30 mins for your driver to get lost, then cancel it without even notifying me?!?!? Waste of time",@417613 Here to help! Send us a note via https://t.co/e8HVorX5rh and we'll be in touch.,Thu Oct 26 14:38:49 +0000 2017,
2746217,hey @115877 why is my delivery guy threatening me😭 https://t.co/FhR0m85GpB,@769039 Sorry to hear about the trouble! Send us a DM with your email address so we can connect.,Mon Nov 20 22:16:39 +0000 2017,
1726385,"@Uber_Support I sent a note. FTR, driver’s name is BARIK and he drives a Prius in the SF Bay Area. Beware.",@522119 Here to help! Please DM us your email address so we can follow up.,Tue Nov 07 05:26:39 +0000 2017,
372926,@Uber_Support I'm trying to checkout my order but the circle in the middle of the screen just spins endlessly without the page loading,@204375 Oh no! Thanks for bringing this to our attention. DM us your account email along with details for assistance.,Sun Oct 08 23:19:48 +0000 2017,
900670,@Uber_Support my Mobile number is 9305512448 &amp; email I'd is premjeetsingh.69 @133941.com. I am not able to login through Mobile Pl. Help,@333806 We also advise that you remove all personal information from front facing social media.,Tue Oct 10 09:24:32 +0000 2017,
219979,"@115873 I wasn't offered the option to tip my driver after my ride, but I want to! Help!","@168460 Happy to help! Please reach out through in app support or by clicking ""sign in to get help"" here: https://t.co/1xM0TILvAI",Wed Oct 04 23:24:57 +0000 2017,
2407281,"No Krisp Kreme for us, no Krispy Kreme for anyone it seems. @115877 fail 👎",@692293 We're working hard to get Krispy Kreme to as many people as possible! Keep trying.,Tue Nov 14 14:04:14 +0000 2017,
2502205,@115873 @Uber_Support When I have not taken ride and your driver has canceled the ride my himself why I am I liable to pay the cancellation charges due to your’s driver unprofessional behaviour @36180 @146956 https://t.co/oRQsddyTI5,@713710 Sorry to hear about this. Please DM us the email address connected with your account profile so we can take a closer look.,Wed Nov 15 19:41:39 +0000 2017,
1745632,@115873 after the car came he requested me to get out as he has his fix customer in dadar? Is this how uber works? I booked an @1143 now https://t.co/ddaguzfi1N,@526342 Sorry to hear this was your experience! Please send us a note at https://t.co/iOszeeHZhQ so our team can connect right away.,Tue Nov 07 15:03:46 +0000 2017,
1818545,"@Uber_Support I paid twice for single ride as Driver asked to pay by paytm on another number i.e. 9136171171 Rs. 295, kindly refund amount.","@546237 We're ready to look into this, Ankit. Please send us a message with details of the trip here: https://t.co/biBCTHpjMe so we can follow up.",Mon Oct 16 09:54:23 +0000 2017,
1863200,"@Uber_Support Pathetic behaviour of Uber driver, continuously kept on switching off the AC despite being requested to keep the AC on","@556740 That's definitely not ok, Anupam. Please send us a DM with your account email address + trip details and we'll be in touch.",Fri Oct 20 12:18:08 +0000 2017,
915291,@Uber_Support @38136 awesome service last night! Can’t believe @115877 can get u so wrong,@337335 We want to follow up. Please provide us with the email address to your account and details via DM and a member of our team will follow up.,Fri Oct 13 14:33:06 +0000 2017,
1579236,@Uber_Support So my profile states that it is sitting at 66%.,"@486312 Upon review, we don't see any issues with your account. You're set to sign in and request a ride as normal!",Sat Nov 04 19:19:40 +0000 2017,
1237167,"@Uber_Support If I have no limit on the credit card, can I pay with cash in Brazil?",@410199 Hi Andrey! Please write in to https://t.co/zUe0dj6yoX and fill out the 4 boxes at the bottom so we can get in touch.,Thu Oct 26 01:30:58 +0000 2017,
2921912,@1582 @Uber_Support - what should I be doing at this time. Have already lost close to hundred dollars. Worried I am going to lose hundreds more.,"@784333 Thank you for reaching back out, Kenny. We see your support inquiry and will follow up once an update is available. We appreciate your patience and understanding while we research this matter.",Wed Nov 29 01:29:44 +0000 2017,
2253833,@115877 the Uber eats driver got to my gate where I live then cancelled the order after he told me he was here. WTF kind of shit is that?,@656527 We're sorry to hear this. Send us a note via https://t.co/hVMgTsth35 and we'll be in touch.,Sat Nov 11 05:29:19 +0000 2017,
1832155,@115877 can you pleaseeeee make a category for ‘soul food’?,@549709 We're here to help! Send us a DM with your email address so we can follow up.,Wed Nov 08 03:22:41 +0000 2017,
872145,"@Uber_Support I was one of over 200,000 pple who deleted their accounts in Feb, it took just 6 days. #Uber #refund #itstheprinciple",@214432 We'd be glad to take a look at this cancellation fee for you. Please send us a DM providing your email address so we can follow up.,Mon Oct 09 22:43:26 +0000 2017,
898247,@Uber_Support Terrible!! The driver if changed to after 30 minutes was at the wrong location! You are the worst! @115879 only from now on,@333309 So sorry about the trouble! Please send us a note here https://t.co/QsI1vsvcif and a member of our team will reach out asap.,Sat Oct 21 02:27:58 +0000 2017,
766883,"@Uber_Support Not to mention that having to adjust each item in a modifier in each menu item takes a considerable amount of time that we businesses could be using to serve our customers. As in any business, time is one of our most valuable assets.",@303283 Here to help! Send us a note here https://t.co/xaUrTQxE6e so we can assist.,Thu Nov 30 22:15:32 +0000 2017,
2702280,"Hey @Uber_Support, driver refused ride to airport, claimed he can't cancel the ride (said ""isn't working"") and became unreachable. Trip shows as active and I can't book another ride. What nonsense is this? Please help!",@759039 Hi there! Please send us a note at https://t.co/iOszeeHZhQ and we'll be happy to look into this for you.,Sun Nov 19 21:00:08 +0000 2017,
1162933,@Uber_Support it's my name that needs to change not seeking that as an option when I click pencil it tries to to takeaway photo.,@393574 Here to help! Contact us via https://t.co/ILb6VgllH9 so we can connect.,Sat Oct 28 09:20:23 +0000 2017,
242644,"@Uber_Support Connect with me here so other can read. Really bad of original driver to pull up to house, see us, see us walk out with luggage and leave","@173642 Hi, Stephen. Our team has responded to your issue in-app, please check the ""Help"" section for our reply.",Thu Oct 05 01:17:19 +0000 2017,
1007883,he wouldn’t take me where I needed bc I wouldn’t tell him where I go to school or where I work. FYI this is what everyday sexism looks like https://t.co/9oZNqAqFuv,"@358501 We're sorry to hear this was your experience. Please send us a DM with your email address, so our team can connect.",Sun Oct 22 19:53:14 +0000 2017,
1257176,"My Uber driver was pulled over and he turned to me and said ""bro tell him we are friends, do not tell him you are an Uber passenger""","@414603 Hi, Paul. We'd like to connect further on this, please DM us your email address on your account and details to this trip.",Thu Oct 26 06:55:16 +0000 2017,
1747501,Tried to use @115873 in Lisbon. Yet again they hate travellers. I don't have my number to enter a pin idiots. And you won't allow two accounts. https://t.co/KQrNp1OiJY,"@303794 We want to help, James! Please send us a note at https://t.co/balq3Eyso6 and a member of our team will follow up with you.",Tue Nov 07 15:47:57 +0000 2017,
2545131,"@Uber_Support Still nothing happens, I continue without my food and without my money. please can you make things easier for me?","@710797 We'll get this sorted, Abrahan! We do show that someone in the appropriate team has responded back to you via the in-app help section and via your email address associated with your Uber account. Please check there for further communication. Hope this helps.",Sun Nov 26 20:28:13 +0000 2017,
385117,@115873 i got promo code as customer when i am trying to apply same it is showing me invalid,"@207182 Hello Pawan, here to help. Send us a note at https://t.co/lqVgKo4ZO3 so our team can connect.",Mon Oct 09 11:51:50 +0000 2017,
2720062,@Uber_Support 4 minute wait became 14 minutes. Then the driver cancelled without a message. Charged me £4. Volkswagen Passat driver called J.,@763268 We're here to help! Send us a DM with your email address so we can connect.,Mon Nov 20 09:21:29 +0000 2017,
293000,"@Uber_Support I rec'd email about boost this weekend. The ""learn more"" button doesn't work can that be fixed &amp; email resent?","@185779 Happy to look into this with you, Richard. Can you please send a note our way via https://t.co/6154AErk4W?",Fri Oct 06 16:53:04 +0000 2017,
1396296,@115873 Why are drivers allowed to give 1* feedback after you neg them for their mistake?,@163689 Here to help! Please visit https://t.co/kWptmPiR2h for more info.,Sat Oct 28 14:42:40 +0000 2017,
2652761,"@Uber_Support Yes, got this shit reply. Really pathetic service.. I have wasted my time for last 24 hrs.. Really turn off https://t.co/ii0LymxkhG",@283220 We see your outreach and a member of our team will be following up via email as soon as possible. We appreciate your patience.,Sun Nov 19 16:57:13 +0000 2017,
560884,@Uber_Support hello. I was given a £10 off my order credit but was charged the full price.,"@251233 Sorry for the trouble! Send us a note here, https://t.co/L2aXwzUpuB and our team will be in touch.",Sat Dec 02 22:40:46 +0000 2017,
373705,I ordered @115877 and this bitch is delivering it on a bicycle. I’m not paying $6 for some girl to bike 20 blocks and bring me cold ass food! https://t.co/p3swYQGUkn,"@204562 Sorry to hear about the trouble, Joe. Please reach out to us from this page: https://t.co/lOU9yS83Jm.",Sun Oct 08 20:37:15 +0000 2017,
1903947,@Uber_Support @115877 not able to link Paytm wallet #HELP https://t.co/g6OE3CxZt9,"@502965 We've followed up within your Direct Messages with next steps, Paras!",Wed Oct 18 13:33:13 +0000 2017,
1684612,@Uber_Support Can someone assist? Need to know if I need to arrange for alternative travel,"@511937 We've been in touch via DM, Tom! Please keep an eye out for our response.",Mon Nov 06 17:25:30 +0000 2017,
2975019,"I booked the cab via uber on 28/11 at 8.07am via uber no-9437079203.I got the cab( -MH 14 CX 2549) .I put the mobile in charging. I forgot to collect it. I called the driver, Driver denied and block all the numbers. @115873 @116288 https://t.co/MN2hFWatbo",@820483 So sorry about that! Send us a note via https://t.co/oY5vj3NqP3 so our team can help.,Thu Nov 30 02:34:07 +0000 2017,
2081796,"@Uber_Support I'm trying to make an account, and my email is already in use, with a password reset link coming to me in Russian. Help?",@615653 Thank you for reaching out. Please DM us your email and phone number so we can look into this.,Thu Oct 19 01:29:05 +0000 2017,
2558786,S/O to mine and @197249's @115873 driver for yelling at us!!! Arguably the worst uber ride of our lives. 🙃🙃🙃🙃,@320122 Here to help. Send us a note at https://t.co/TmWmJyGFaK so our team can connect.,Thu Nov 16 16:58:46 +0000 2017,
274924,"@Uber_Support are you listening? you charged cancellation fee twice. It already paid on 16/09/17. VIN/UBER INDIA/20170916134901/0, today again you charged","@181680 We do understand that the trip happened a while back. However, you can still reach out to us about it using that link.",Fri Oct 06 06:37:53 +0000 2017,
1325040,@Uber_Support Please check your direct messages.,"@429190 Here to help! Send us a note here, https://t.co/a6RfeBkKmr, and our team will follow up.",Fri Oct 27 10:35:47 +0000 2017,
19548,@Uber_Support Why did I cancel my account? I canceled the requests because I did not want this car and my account was disabled,@146581 We're here to help! Send us a DM with your email address so we can connect.,Fri Nov 24 09:14:21 +0000 2017,
2694076,What is the point in @115873 having a current location setting if the drivers never try and pick you up from your location. Completely useless,@565524 Here to help. Send us a note at https://t.co/e8HVorX5rh so our team can connect.,Sun Nov 19 17:34:43 +0000 2017,
1218413,Just got charged $75 for a $8 #uber ride because my driver accidentally took me to NJ instead of a few blocks away in NYC! @115873 HELP!!!!,@405881 We can take a look! Send us a note via https://t.co/y4EDPcVZOI so our team can get in touch.,Wed Oct 25 14:40:04 +0000 2017,
2832191,@645430 @115873 Did you talk over them on your speaker phone? Do we still say speaker phone?,@788529 We're here to help! Send us a DM with your email address so we can connect.,Mon Nov 27 13:46:38 +0000 2017,
1240558,2/2...was it always this expensive? @115873 please sort your shit out and keep your license.,@410977 Sorry to hear this was your experience. Can you please contact us via https://t.co/fS660rQ8NQ so our team can connect?,Wed Oct 25 21:51:51 +0000 2017,
1667266,"@115873 I have sent a message on the app last night about my shocking Uber experience. Please can you advise when I can expect a reply and some sort of explanation. Thanks,","@507823 Hi Lucy, we're here to help! Send us a DM with your email address and more details so we can follow up.",Mon Nov 06 11:06:53 +0000 2017,
2963319,@115877 what is the point have having a customer service line if no one picks up!! You guys are absolutely useless https://t.co/PII4MZ638O,@142265 Here to help! Send us a note via https://t.co/NcKEnQDmxQ so we can connect.,Wed Nov 29 21:30:01 +0000 2017,
2143545,@115873 do you have a customer service number I can call? I need to dispute a charge but app link isn't working and website is asking for a card when I don't have a card on file ( only PayPal).,"@630213 At this moment, we don't offer phone support for these issues. Please contact us via https://t.co/1xM0TILvAI so our team can connect.",Wed Nov 08 22:51:59 +0000 2017,
2959273,@115873 i want action because cab booked for my parents and it hurts more so tomorrow i will lodge a complaint Thank you for ur convenience,@816756 Here to help! Send us a note via https://t.co/e8HVorX5rh so we can connect.,Wed Nov 29 19:58:32 +0000 2017,
1553895,"@116288 @119983 @Uber_Support Pls have a look at the tweet chain, wld appreciate any help resolving this! Unable to get this sorted via the in-app support.!",@480687 We see your outreach and a member of our team will be following up via email as soon as possible. We appreciate your patience.,Sat Nov 04 11:13:19 +0000 2017,
830208,My Uber Driver just almost hit Sophia Richie as she crossed the street.,@305556 Here to help! Can you please send us a DM with your email address and details so we can connect?,Fri Oct 13 03:25:44 +0000 2017,
851972,@Uber_Support I can't update my cc information and have tried everything. Please email me at: __email__. Thanks!,"@322381 Happy to help. Please go here https://t.co/v1M6JSVq4u, to find out more info.",Fri Oct 20 15:10:04 +0000 2017,
1086125,I should be eating my food right now. I shouldn't have to reorder my shit cause y'all some fucking clucks @115877,@376204 We're sorry to hear this. Can you please send us a DM so we can assist?,Mon Oct 23 18:18:51 +0000 2017,
238985,@115873 how do I get in contact with your legal team?,@169940 Happy to help! Send us a note via https://t.co/FF2YGTGjuA so we can assist.,Tue Oct 03 20:50:29 +0000 2017,
2390603,@148768 @115877 When I checked before 2 krispy kremes was showing on uber eats now it's not 😑😑😑,"@693090 Sorry for the trouble, Claudia. The high volume of users accessing the app may have caused a crash, please refresh/restart your app and try again!",Tue Nov 14 14:38:24 +0000 2017,
1811748,@115873 it is disgusting how your customer service is handling unauthorized charges on people’s accounts! #fraud,@544316 Thanks for reaching out to you about this. We see your support inquiry. We will be passing this info along to the appropriate team.,Sun Oct 15 00:07:26 +0000 2017,
1409776,@Uber_Support No use .. you guys denied refund.. @115873 @116288 shame on corrupt drivers,"@447681 Hey, Rajat. We have followed up via in app support. In order to get the most accurate info. Please continue to follow up through there.",Sun Oct 29 08:38:21 +0000 2017,
1546154,thanks @115873 for sending us a drunk driver in the Gordon NSW area. ruined our night and scared the hell out of us. can’t believe it. #udrunk,@478808 We absolutely want to follow up right away. Please send us a DM with your email address so we can connect.,Sat Oct 28 15:22:17 +0000 2017,
1203587,Good job @115877 https://t.co/uealf7Fx0Q,"@402754 Sorry to hear that, John! Please send us a note at https://t.co/lOU9yS83Jm so we can look into this further for you.",Sun Oct 15 20:30:53 +0000 2017,
823637,Hey @Uber_Support is there any way that I can get an Uber Pass?,"@316198 Happy to help! Currently, all of our Ride Passes are sold out. Keep an eye out for next month's supply.",Thu Oct 12 19:14:43 +0000 2017,
2807434,Love how @115873 changes their price at the last minute once you have no other alternative. Your fare calculations work as well as your IT security.,"@666339 We're here to help! Send us a note here, https://t.co/oEOANqFpjc and our team will be in touch.",Mon Nov 27 01:00:21 +0000 2017,
1483658,@115873 I was charged for a ride I didn’t take where the driver canceled on me. There’s no way in the app for me to contact you,@250907 We'll be happy to take a closer look. Send us a note via https://t.co/051afusMxw so our team can connect.,Fri Nov 03 02:39:30 +0000 2017,
2692939,@115873 you gonna fire that lying bitch and unsuspend Jameis account?,"@756941 We're here to help! Please let us know the email address associated with your account, as well as some info about the issue you're having. Our team will follow up.",Sun Nov 19 17:05:29 +0000 2017,
2821258,@Uber_Support would like to make an official complaint about Saudi Uber deteriorating services.,@786294 Hi there! Please reach out to https://t.co/zUe0dj6yoX and fill out the 4 boxes at the bottom so we can get in touch.,Mon Nov 27 07:20:18 +0000 2017,
1347384,@Uber_Support are worst customer support team I have ever came across. 0 help,@434205 We've been in touch via DM!,Sat Nov 25 16:12:30 +0000 2017,
2400424,@Uber_Support See this.. WTH https://t.co/GVy6LlZxZA,@454544 Hello! Thanks for your patience. Please check your DM for our reply.,Fri Oct 20 12:41:36 +0000 2017,
584133,"Dear @115873, Can you please include basic good road manners in your training for drivers in India so that they don't spit &amp; throw things on road? Hope this is easy enough to understand. Thank you. @Uber_Support #UberIndia",@257822 Here to help! Please send us a note via https://t.co/fS660rQ8NQ so our team can connect.,Sun Dec 03 14:05:39 +0000 2017,
148301,@Uber_Support My friend has lost baggage in a cab along with the phone. How can we contact you? The phone is switched off. Cant reach driver also,"@149744 Hi there! Due to our privacy policy, we will have to speak directly to the account holder. Please have them contact us via https://t.co/balq3Eyso6.",Fri Nov 24 14:56:44 +0000 2017,
850076,@Uber_Support hi guys. I’m not winning with my overbilling problem. I need to speak to someone. Is there a number I can call?,@321981 We can help. Please provide us with details of your support inquiry via DM.,Fri Oct 20 14:43:37 +0000 2017,
2052799,hey @115873. I'm having some *major * issues with your service &amp; disabling my account isn't helping me fix them 😒.,"@607093 Thanks for reaching out, we're here to help! DM us your Uber account email address and details of the issue, and we can look into this.",Fri Oct 06 00:12:00 +0000 2017,
1681103,@Uber_Support Maybe you should consider a way for pedestrians &amp; cyclists to rate your drivers too. On their safety to others.,@222099 You can report incidents you are referring to here: https://t.co/BkapG4aV5P.,Tue Oct 17 16:30:55 +0000 2017,
1869589,@Uber_Support Medford Oregon is about to get the ok from City Council to start utilizing Uber...how do I get set up before hand?,"@558411 Hey, Brady. We're happy to hear about your future partnership with us. Check https://t.co/YYcsL4oXZq to keep up with future developments!",Thu Oct 19 21:46:14 +0000 2017,
1354605,"@Uber_Support just wondering if im paying though paypal, can i pay though my paypal balance?",@426656 We can take a look! Send us a note via https://t.co/5MN4s6W3AA so our team can get in touch.,Fri Oct 27 18:53:40 +0000 2017,
461416,"@Uber_Support IT'S TOO LATE IVE ALREADY GOT MY FUCKED UP ORDER, THANKS FOR HAVING ME WAIT 20 MINS ON THE PHONE TO STILL NOT TO GET ANY SUPPORT AT ALL",@224634 Sorry to hear about your experience. Please confirm your email address or phone number through direct message so we can further assist.,Fri Dec 01 02:12:21 +0000 2017,
76187,How Uber cheats? Uber driver collects the toll fee from the passenger though it is included in the pay. Driver fights with passenger to pay toll fee. Later Uber says it is not in out platform and refund is not possible. #Uberbangalore @115873 #cheating,@133047 Happy to take a closer look. Can you send us a DM with your email address with additional info so we can follow up?,Thu Nov 30 06:20:26 +0000 2017,
1579854,"@Uber_Support They turned up food is cold, the drinks are missing and I have crying kids. I can’t sit here logging in to file a complaint.",@486455 We're here to help! Send us a DM with your email address so we can assist.,Sat Nov 04 19:24:41 +0000 2017,
1399449,And I've reported the matter but there has been no replies! I even sent my bank statement as proof of your fucken double billing! https://t.co/rdbHieaaUN,@445407 Happy to connect! Can you send us a DM with your email address with more info?,Sat Oct 28 16:21:50 +0000 2017,
804091,Dear @115873 it’s ridiculous I can’t get an actual refund for two cancellations...,@311623 We can take a look! Please send us a note here: https://t.co/QsI1vsvcif we'll be happy to look into this for you.,Sun Oct 08 12:00:03 +0000 2017,
1911383,Done. How long does this usually take? https://t.co/BmsLUU6DVy,"@420023 We understand the sense of urgency here, and we assure you that our support team works through these inquiries as quickly as possible.",Thu Oct 26 17:45:16 +0000 2017,
550009,When did @115873 @Uber_Support change the grace period from five minutes to one? And the cancellation fee went from $2 to $3? This service is getting worse and worse.,@248094 Hi there! Please reach out to https://t.co/zUe0dj6yoX and fill out the 4 boxes at the bottom so we can get in touch.,Sat Dec 02 18:48:06 +0000 2017,
1745059,@115873 @Uber_Support I’ve been trying to reactivate my suspended Uber account since February. It’s a HUGE inconvenience. Can someone help?,@497840 Happy to help! Please reach out to https://t.co/zUe0dj6yoX and fill out the 4 boxes at the bottom so we can get in touch.,Tue Nov 07 14:47:03 +0000 2017,
883247,@Uber_Support DM is useless since it only states the standard sorry about your troubles. PLEASE ASSIST! so far all 'DMs' useless - no help in 6 weeks.,"@310447 We followed up via DM, Shayan!",Fri Oct 13 17:50:26 +0000 2017,
1840055,@Uber_Support ima need for you all to run me my refund . Did a Uber split and y’all charged full price and the split person price 🙄🙄🙄,"@551453 Sorry to hear that, Akata! Please have the account holder drop us a note at https://t.co/mi6wxGSf3V and a member of our team will follow up.",Tue Oct 17 20:55:33 +0000 2017,
2095347,@Uber_Support still not accepting my card for some reason now I’m forced to use Lyft instead /:,"@289854 We're here to help, Damian. Please DM us with the email address linked to your Uber account, so we can connect. https://t.co/sd7yH5jmbJ",Tue Oct 10 13:52:18 +0000 2017,
2266668,Get in the @115873 and there's vomit in the back seat. Definitely not a five star ride.,@659762 We're sorry to hear this was your experience. Contact us via https://t.co/aBEgvdNWQN and we'll be in touch.,Sat Nov 11 05:48:00 +0000 2017,
1432541,When an @115873 driver gives you 1 star for no reason when you are in a car with your boyfriend you have to wonder if he's just homophobic.,@323277 We're so sorry about that! Can you please send us a DM with your email address and additional details so we can assist?,Thu Nov 02 13:01:44 +0000 2017,
114557,@Uber_Support I had an uber promo code in my account and it says it is still there. But it's not applying to the ride I'm trying to book.,@141472 Here to help! Follow up here; https://t.co/lqVgKo4ZO3 and our team will connect right away.,Thu Nov 23 21:14:57 +0000 2017,
1389162,@115873 i shouldnt be charged cancelation fees when the driver backtracks and goes in the opposite direction of my pickup point multiple times,@443169 Hi there! Please send us a note at https://t.co/QsI1vsvcif and we'll be happy to look into this for you.,Sat Oct 28 10:37:08 +0000 2017,
2379055,@115873 please fix my account issue. Sick of customer service delay. Mobile number +1 470-328-4007,"@686057 We see that you've reached out directly to our support team via in-app, and we will continue communications there moving forward. Our team will be in touch. We appreciate your patience!",Tue Nov 14 04:14:15 +0000 2017,
671365,@115877 took my money no food like WTF,@280169 Here to help! Please send us a note via https://t.co/nFTc4ODH3P so our team can connect.,Thu Nov 23 00:47:34 +0000 2017,
1001199,"@Uber_Support your DM was of no help. I want my phone back. Your customer support has lied, has falsified info, has provided misleading info. HORRIBLE",@310447 We've received your DM and a member of our team has reached out. Please review your messages for our response.,Thu Oct 12 04:53:53 +0000 2017,
1857384,"@115873 hi, I tried to login. Your website requested verification codes sent to a phone numbers I don't have anymore. How can I login?","@555448 Here to help, Mikael! Send us a note here, https://t.co/Md7v036OoC, and our team will follow up.",Thu Oct 19 12:30:49 +0000 2017,
826666,@116276 @127960 @2780 That was not my IP NOR WAS I IN CALABASAS,"@316912 We're very sorry to hear about your account, Mashanda! We absolutely want to investigate this ASAP. Please DM us so we can help.",Thu Oct 12 21:59:37 +0000 2017,
120738,"@Uber_Support, I was charged twice even though the same driver “Yosef” canceled on me because he couldn’t find the right street. U can see on the map that he was totally on a different street. I would like a refund, plz. Thx #UberDrivers",@142847 Happy to take a look! Send us a note via https://t.co/DceIRNI6kV so our team can connect.,Thu Nov 23 02:36:50 +0000 2017,
2867765,@115873 my driver was in jail for 18 years for a drug ring and kidnapping people what the fuck is up with that,@796433 Here to help! Can you please contact us via https://t.co/fS660rQ8NQ so our team can connect?,Tue Nov 28 01:02:01 +0000 2017,
2545822,@Uber_Support not sure what that link is doing. It's still scrolling. 2nd uber isn't here yet either. I'm watching everyone getting picked up,@265948 Thanks for following up. Send us a DM (direct message) with your email address so we can connect.,Thu Nov 16 13:40:38 +0000 2017,
2113017,I dare you @115873 in middle of. I where if you have guts take action @Uber_Support,@623090 We're here to follow up! Please send us a DM with your email address so we ca take a closer look.,Wed Nov 08 16:16:48 +0000 2017,
2364904,@Uber_Support Do activate my account as soon as possible,"@682766 Hi, Arnima. We aren't seeing any recent support contacts from this email. Please be sure to connect at https://t.co/BDlHSjUF9c and a member of our team will be in touch shortly to review further.",Mon Nov 13 22:21:58 +0000 2017,
2831149,@Uber_Support still not sure what you guys are trying yi tell me but what i know is that i haven't got the solution yet.,"@725352 Thank you for reaching back out. In order to preserve communication, please follow up directly to the support inquiry via the ""Help"" section of your app with any additional questions or concerns. We appreciate your patience and understanding thus far.",Mon Nov 27 14:57:46 +0000 2017,
1776461,honestly there’s nothing sadder than tracking your @115877 and watching the driver go the wrong way...,@533823 Here to help! Send us a note at https://t.co/G6utFs8cUp so our team can connect right away.,Tue Nov 07 23:47:27 +0000 2017,
106199,@Uber_Support Hi my food has been ready for 20 minutes and your driver still hasn't shown up. First and last time I'll be using you,@139524 We're so sorry for the trouble. Send us a note via https://t.co/tksA7UY0t4 so we can assist.,Thu Nov 30 18:50:52 +0000 2017,
2733008,@115877 Why are you guys not expanding in Bengaluru?,@766065 We're working hard to expand our service area! Stay tuned to our website for updates: https://t.co/Mf9vzZ0uru,Mon Nov 20 15:58:18 +0000 2017,
2283251,@Uber_Support I recieved this message 14 hrs ago n my app still doesn’t function with the payment issue that exists,"@528154 Hi, Lovina. We can see that our team has responded to your inquiry on this issue, please refer back to the ""Help"" section to see the reply.",Tue Nov 14 22:45:26 +0000 2017,
375869,@Uber_Support @205142 Where will i get the answer to my problem from tweeter or email. My email is __email__,@205143 We see you've been in touch and are looking into this now. We'll be following up momentarily.,Mon Oct 09 14:21:32 +0000 2017,
102088,@Uber_Support another issue I’m having with uber. All my payment is correct so I don’t know what else the problem could be https://t.co/19Y2c3hctX,@138380 Here to help! Send us a note via https://t.co/xMxswVLBKT and we'll be in touch.,Thu Nov 30 17:46:52 +0000 2017,
1717644,@115873 I need my registered email back!! 1 wk waiting. Cannot use w/new cell. Now Cabify?,@520098 We apologize for the trouble! Please reach out to https://t.co/zUe0dj6yoX and fill out the 4 boxes at the bottom so we can get in touch.,Sat Oct 28 17:19:30 +0000 2017,
1714947,@Uber_Support hi how to get support from Saudi Arabia team ?,@519388 Thanks for reaching out! Please DM us with more info regarding your inquiry.,Tue Oct 17 16:13:12 +0000 2017,
303210,"@Uber_Support Can I request a flat fare package in a city I will be traveling to, different than on my profile?",@188376 You are not eligible for any other city's ride passes other than the one associated with your account.,Fri Oct 06 21:20:49 +0000 2017,
36704,@115877 How do you use this &amp; how much does it cost,@298553 Happy to explain! Please visit https://t.co/pr7COoFqeL for more information.,Wed Oct 11 15:38:11 +0000 2017,
228978,Nearly a week after an @115873 driver drove off with my bag half way through a trip despite agreeing to wait. Still haven't been refunded!,"@170610 Happy to further assist you, Matt! Send us a DM with your email address so we can assist.",Thu Oct 05 07:58:16 +0000 2017,
2342684,@Uber_Support That didn't answer my question. Can I still use my 2004 car by 2018? When I signed up 2004 was the cut off year. Just wondering,@677592 Sorry for the confusion! Contact us via https://t.co/uRjsQ64qLY so we can assist right away.,Mon Nov 13 18:45:42 +0000 2017,
1091400,@Uber_Support My account was blocked and I do not know why. I've created a new account after 2 minutes navigating in app was blocked again,@377509 Here to help! Send us a note at https://t.co/Md7v03opga so our team can connect right away.,Mon Oct 23 23:21:09 +0000 2017,
1818306,@Uber_Support Hi thanks working now. However Rs 43 credit provides by uber is not adjusted to my bill. Where is that credit amount??,"@546175 Hi Saurabh, to clarify, we've dropped the charge. You should now be able to request a ride as we've removed the outstanding balance.",Mon Oct 16 08:26:19 +0000 2017,
964320,@196983 @Uber_Support I’m getting a wrong response on a driver that left me after agreeing to wait for me. Can you help?,"@348889 Sorry to hear that, Jon! Please DM us the email address linked to your account so we can connect further.",Sat Oct 14 03:23:38 +0000 2017,
1601157,@115873 third time cab was selected autmtclty &amp; I was not required cab becs i'hv arranged alternative. You have charged me for cancellations..,@491478 We're here to help! Send us a DM with your email address so we can connect.,Sun Nov 05 04:57:43 +0000 2017,
219901,@Uber_Support 8595212555; still account is disabled ; send several emails,@168434 Oh no! Thanks for bringing this to our attention. DM us your account email along with details for assistance.,Thu Oct 05 01:12:30 +0000 2017,
2523535,@Uber_Support I have the uber drivers name. And will my contact number help?,@718646 We're here to help! Send us a DM with your email address so we can assist.,Thu Nov 16 02:57:32 +0000 2017,
2412764,@Uber_Support I tried again. It still isn’t working. I’m leaving work now anyway. It’s not really on is it. In comic book guys voice from Simpson’s... Worst. Promotion. Ever.,@693612 We're so sorry you didn’t get your free Original Glazed Dozen box. Demand was through the roof and stocks ran out. Stay tuned for more fun promotions soon!,Tue Nov 14 17:16:32 +0000 2017,
2445322,"Waiting for our @115873 driver when he called and asked if we were going to San Francisco. “No, we’re going to Berkeley.” “Oh ok.” /hangs up By the time I pulled my phone away and looked at it, dude had already cancelled the ride. …what?",@__eZg__ We apologize for the trouble! Please contact us via https://t.co/e8HVorX5rh so our team can connect.,Wed Nov 15 00:57:00 +0000 2017,
465896,"@Uber_Support SMH, auto reply on point. Actual reply... Not so much","@150624 Hi, William! We're aware of a technical issue that is preventing some trips from appearing on the Partner Dashboard. We appreciate your patience as we work to resolve this issue.",Fri Dec 01 07:13:46 +0000 2017,
2008813,"Got the text my @115873 driver had arrived. Put my shoes on, walked outside. Was 15 ft from the vehicle. Dude backed out and drove away. WTF?",@594011 Here to help! Send us a note via:https://t.co/e8HVorX5rh so we can help.,Wed Oct 18 20:22:28 +0000 2017,
1869805,@115873 @Uber_Support @115873 @Uber_Support pls share all invoice copy of acc 8009550315 to __email__,@135002 Thank you for reaching out. A member of our team will be following up shortly through DM.,Wed Nov 08 04:03:52 +0000 2017,
2748456,When your @115873 driver intentionally takes the most congested traffic route to your location 😡😡😡,@769561 Here to help! Please send us a note at https://t.co/y4EDPcVZOI and we'll be happy to look into this for you.,Mon Nov 20 23:23:29 +0000 2017,
91557,@Uber_Support We passed two tolls. And i was never notified from the beginning. I want my money back. A long ride for no reason,@135850 Here to help! Send us a DM with your email address so we can follow up.,Thu Nov 30 15:29:19 +0000 2017,
241736,@115873 your customer service absolutely blows.,@173405 We're here to help! Send us a DM with your email address and more details so we can follow up.,Sun Oct 08 06:25:00 +0000 2017,
2441954,@115873 fix your fucking app,"@150601 Here to help! Please DM us your email address and provide specific details about your concern, so we can further assist.",Tue Nov 14 23:30:12 +0000 2017,
485482,@Uber_Support I've already raised a ticket on the uber app,"@230501 We have routed this to the appropriate team who will be in contact within the in-app help section momentarily, Aditya.",Fri Dec 01 15:06:21 +0000 2017,
1805653,I swear to god if @115873 changes my pool driver one more time,@249018 Here to help! Please send us a note at https://t.co/e8HVorX5rh and we'll be happy to look into this for you.,Sun Oct 29 00:33:28 +0000 2017,
637620,@Uber_Support Hey so every time I try to request a ride I get an error message have done everything I can think to fix it. Please help!,@271182 Here to help. Send us a note at https://t.co/xMxswVLBKT so our team can connect.,Wed Nov 22 19:37:51 +0000 2017,
1111596,Hey @115873 I am unable to use the App in Manchester - it keeps asking me to reconfirm info via email,@382369 Here to help! Send us a note via https://t.co/Md7v036OoC sign in to assist you further.,Sun Oct 15 10:54:01 +0000 2017,
518887,@Uber_Support fix my problem uber https://t.co/9e8zuAe4D6,"@231888 Hi, Brady. Our team is currently reviewing your account and support inquiry, thanks for your patience. We'll reach back out as soon as possible.",Fri Dec 01 18:08:29 +0000 2017,
39692,"@115877 it also sucks that paytm is your only payment option in india, and you’re mixing billing with uber rides","@124692 We're here to help! Send us a note here, https://t.co/3eYc7uUEUm and our team will be in touch.",Wed Nov 01 15:06:53 +0000 2017,
376048,@Uber_Support Sent. Please do check. Also I hope there will be some action taken against this and I am not wasting my time here.,"@205199 We've replied via DM, please follow up there.",Mon Oct 09 05:31:36 +0000 2017,
842589,@6980 is there a way to petition for a certain model car to be added to the Uber Select list? Thanks.,@320406 Happy to help look further into this.Please reach out to us here: https://t.co/zUe0dj6yoX so we can follow up.,Fri Oct 20 13:41:57 +0000 2017,
1045598,@Uber_Support tried creating an account today and apparently my account is already being used by some foreign person in another country ???,@367189 That doesn't sound right. Visit us at https://t.co/WvFcM6aFYx so we can resolve this for you.,Mon Oct 23 01:25:58 +0000 2017,
2042496,"@115873 That doesnt answer my question. Can I get an Uber in Alexandria, VA with a carsest to take me to the BWI airport?",@603976 Can you DM us your email address associated with your Uber account so we can follow up?,Wed Oct 18 23:02:54 +0000 2017,
2760407,@Uber_Support IM TRYING TO GET HOME AND I APLLIED THE DAMN CODE AND IT WORKED BUT RIGHT WHEN I CONFIRM PICKUP IT SAY ERROR??? BOI WHATTTTTTTTTTTTTT HELP ME BETORE I GET MY ASS BEAT,@772363 Here to help! Send us a note here; https://t.co/lqVgKo4ZO3 and our team will be able to assist!,Tue Nov 21 05:05:23 +0000 2017,
774287,@Uber_Support I still have not heard anything as to why my account was suspended. Please help.,"@304971 Hey, Eleanor! We've been in touch via DM. Please see our most-recent message for more information and next steps.",Thu Oct 12 01:23:45 +0000 2017,
759159,@115873 @Uber_Support @116288 Your drivers are crooks and cheats...the service level sucks... https://t.co/MKPuLcebpa,"@301396 Sorry to hear about any trouble. Please connect with our team here; https://t.co/593jusCquh, so we can further review and assist.",Wed Oct 11 13:40:46 +0000 2017,
57539,@Uber_Support I'm done with y'all. I can't get a week without some crap happening. Imma give Lyft a try. I heard great things. ✌,"@129058 We've responded via DM, please check your messages.",Wed Nov 01 19:14:00 +0000 2017,
867514,"@115873 loves adding extra fees for no reason. why are you adding a $2 ""busy fee"" on top of the $5 delivery fee? @115877 is cancelled.",@325994 Happy to help! Please send us a note at https://t.co/PwMnPVp5yK so we can connect further on this.,Mon Oct 09 16:35:52 +0000 2017,
1004481,@357753 @115873 @115873 driver cancelled trip after knowing destination. Why should I pay. @357753 pls stop this menace,@350519 Sorry to hear about that! Can you please contact us via https://t.co/iOszeeZA9o so our team can connect?,Sun Oct 22 15:29:50 +0000 2017,
2727168,@Uber_Support @119720 your app seems to have incorrect navigation info that causes drivers to miss the closest exit to our house. Is there a way to fix this? Thanks!,@764747 Here to help! Please reach out to https://t.co/zUe0dj6yoX and fill out the boxes at the bottom so we can get in touch.,Mon Nov 20 13:41:13 +0000 2017,
2086437,@115873 am waiting for my cab for 15 minutes now. I wanted to cancel but the app says “you’ll be partially charged” #sad,"@616923 Here to help, Swayam! Send us a note here, https://t.co/e8HVorX5rh, and our team will follow up.",Wed Nov 08 05:53:20 +0000 2017,
1000537,"@115873 @Uber_Support You hv charged Rs 563 extra at the time of billing and booking amt. is 250.. Is this your ""ise apni hi gaadi samjho""","@356869 Sorry to hear that, Aishwarya! Please connect with us here; https://t.co/Won48KGA87 so we can get this sorted out for you right away.",Sat Oct 14 07:10:09 +0000 2017,
2729253,"@Uber_Support Stop sending me this automated response, on email I get the same!!",@765210 We have routed this to the appropriate team who will be in contact within the in-app help section momentarily!,Tue Nov 21 12:35:45 +0000 2017,
1763794,@Uber_Support @115873 The cab driver has not bothered to move an inch from the last 10 minutes. Pathetic. Still waiting https://t.co/syDrV2pUl4,"@530627 We're sorry to hear this was your experience. Send us a note here, https://t.co/593jusCquh, and our team will be in touch.",Sat Nov 25 13:35:13 +0000 2017,
460154,@115877 HELP,"@224344 We see that you've reached out directly to our support team via in-app, and we will continue communications there moving forward.",Fri Dec 01 01:38:39 +0000 2017,
330211,@115873 had 2 drivers call and cancel on me cause I'm not in there exact Location.... shady mofos,@194613 Here to help! Send us a note via https://t.co/e8HVorX5rh so our team can get in touch.,Wed Oct 11 14:00:25 +0000 2017,
855561,@Uber_Support https://t.co/Q00TimeGBQ,@323192 Sorry to hear about this. Please cancel and connect with us via DM with your account information so we can credit any fees and follow up.,Fri Oct 06 16:10:57 +0000 2017,
2407279,@115877 app crashing trying to get free @148768 😭😭😭🍩🍩🍩,"@692292 We're still going strong. Keep trying, and we hope to get to you ASAP!",Tue Nov 14 14:05:11 +0000 2017,
2471744,@Uber_Support Please stop sending me Promotional Messages.,@706897 Here to help! Simply contact us via https://t.co/fyn3pRpCG3 so our team can assist.,Wed Nov 15 12:02:44 +0000 2017,
2597216,@121922 why is your @115873 @115879 pickup such a disaster? Waiting 30 minutes at 10pm because cars can’t get in to the pickup area.,@735363 Oh no! Thanks for bringing this to our attention. DM us your account email along with details for assistance.,Fri Nov 17 04:12:48 +0000 2017,
1206986,@115873 I was charged cancellation fee when driver cancelled.,@403426 Here to help! Please send us a note at https://t.co/QsI1vsvcif and we'll be happy to look into this for you.,Wed Oct 25 09:11:28 +0000 2017,
2266587,@115877 you stink. Start delivering In-N-Out 😭,@659738 Here to help! Send us a DM with your email address so we can connect.,Sat Nov 11 06:47:20 +0000 2017,
1084041,@115873 @118524 @Uber_Support..and no way to contact uber...do you really think you can con forever? @135788 @144776,"@375712 You can always contact us through the Help section of your app, or DM us your Uber email, phone #, and more details. https://t.co/sd7yH5jmbJ",Mon Oct 23 04:01:49 +0000 2017,
267003,@Uber_Support Thank you. Just sent it.,@179640 We've been in touch via DM!,Fri Oct 06 00:16:28 +0000 2017,
256918,"my uber driver is texting while driving, almost hit another car, and his car smells like B.O. definitely not getting 5 stars buddy.",@177109 We apologize for that experience. Kindly send us a note here: https://t.co/IeSxT5cVHC so we can connect.,Thu Oct 05 18:55:13 +0000 2017,
1502083,"@Uber_Support 2+ weeks after DM conversation, still no resolution. Support team kept repeating canned responses. Are you serious about this @Uber_Support",@468653 We see your DM and have followed up there. Please check your inbox for updates. Thanks!,Fri Nov 03 15:04:10 +0000 2017,
2094216,@Uber_Support I am a senior citizen. Had registered for senior citizen discount during scheme still no revert from uber. Can anyone help me?,@618752 Hello! Thanks for your patience. Please check your DM ( direct messages) for our reply.,Wed Nov 08 08:51:11 +0000 2017,
1300760,@Uber_Support what do I do if my uber driver is having car troubles,"@424012 We're here to help! Send us a note here, https://t.co/aBEgvdwlsd and our team will be in touch.",Thu Oct 26 23:38:55 +0000 2017,
2117986,@Uber_Support help. I don't get uber email receipts,@624219 We're here to help! Send us a note at https://t.co/hoNW4YbZKL so we can assist.,Wed Nov 08 14:05:57 +0000 2017,
67600,@115873 @Uber_Support is the worst company ever if you have a choice use @115879 i got charged 11$ for a ride in california when i live in maryland and i got an automated response insted of a real person looking at my support ticket,@131435 We're here to help! Send us a DM with your email address so we can connect.,Thu Nov 30 09:18:04 +0000 2017,
2258519,@417082 @115877 Is your team even a bit responsive? I am facing the same issue on @115877 app. Horrible experience on payment page. Atleast don't launch in new cities when you cannot deliver on your app,@657707 Here to help. Send us a note at https://t.co/3eYc7uUEUm so our team can connect.,Sun Nov 26 15:19:37 +0000 2017,
165906,@Uber_Support Here we go again https://t.co/RqYd4wfNG9,@154525 Sorry to hear about the trouble. Be sure to click View Similar to find locations that can deliver to your spot.,Fri Nov 24 19:44:06 +0000 2017,
337496,"Ugh @Uber_Support requested ride, app said 5mins - 25 mins later 2 no answers and no text I had to cancel; and get a @115879 late for wedding",@196538 Oh no! Thanks for bringing this to our attention. DM us your account email along with details for assistance.,Sat Oct 07 21:40:03 +0000 2017,
2094157,@Uber_Support My phone isn’t being returned! Help!,@618741 Here to help! Please send us a DM with your email address so we can follow up.,Wed Nov 08 10:17:16 +0000 2017,
1107392,"When you use @115877 for the first time, wait almost an hour and then get canceled on with no phone call or explanation. Great service!",@381361 Sorry to hear about this! Send us a DM with your email address so we can connect.,Tue Oct 24 00:43:06 +0000 2017,
1138536,what do i do when i leave something in the drivers car and they dont answer when i fucking call? 😑 @115873 @Uber_Support,@388174 Let's look into that! Send us a note at https://t.co/oY5vj3NqP3 so our team can connect.,Wed Nov 08 18:48:19 +0000 2017,
1968876,"After a terrifying exp with @115873 in Paris. driver crashed twice, fled scene, took off with posessions. sorry and refund is the all they do.",@583325 We're so sorry this was your experience. We take this very seriously. Please send us a DM with your email address so we can connect ASAP.,Tue Oct 31 14:59:28 +0000 2017,
2508259,@Uber_Support Account holder: __email__,"@715084 Hi, Dean. We strongly suggest removing the previous tweet contains personal information. You can have the account owner use this link https://t.co/Sy2fWIhhC2, and they will be able to contact the driver regarding the phone that was left behind.",Thu Nov 16 01:16:11 +0000 2017,
1296895,"@Uber_Support what are the requirements to ride a motorcycle and be a ubereats partner in tijuana , mexico?","@423121 Here to help! For more info regarding your concern, please visit; https://t.co/TfE7C6mlfo",Thu Oct 26 23:10:13 +0000 2017,
817110,"@Uber_Support Sent in support ticket, got refusal to refund, wrote back, gave deets, got snide reply back.",@314607 That doesn't sound right. DM us your account email so we can check on the status of your request.,Thu Oct 12 21:18:10 +0000 2017,
2836271,yall got any Cyber Monday Deals? @115873 @Uber_Support,@789446 Not at the moment! But you can always share your referral code with friends so you can rack up free rides when they sign up.,Mon Nov 27 15:21:01 +0000 2017,
647093,"@Uber_Support My account got hacked, I had a driver and rider account and I can’t get into either. I just got a email for a ride that was not mine, in a different state.",@273697 We can take a look. Kindly send a note here: https://t.co/kGIXas5Cxg so we can connect.,Wed Nov 22 18:24:45 +0000 2017,
2402988,@148768 @115877 Y u lyin? https://t.co/iYWKVo7kVY,@695876 We're so sorry you didn’t get your free Original Glazed Dozen box. Demand was through the roof and stocks ran out. Stay tuned for more fun promotions soon!,Tue Nov 14 15:12:32 +0000 2017,
1488405,"@Uber_Support it’s either your drivers that can’t read a gps or it’s your gps, but I have a problem with almost every single trip",@465732 We're here to help! Please reach out to https://t.co/zUe0dj6yoX and fill out the 4 boxes at the bottom so we can get in touch.,Fri Nov 03 06:02:59 +0000 2017,
789431,@Uber_Support My app is in limbo I want to start driving 10/9/2017. Can I fax you the declaration page of my insurance?,"@308260 Hi, Ernestine - please reach out to our team at https://t.co/4XSNbipqLG and we'll be in touch to assist with those documents!",Sat Oct 07 23:55:12 +0000 2017,
2046659,"@Uber_Support i many times wrote u, but no improvement on ur end instead becoming more worst so wrote to ur ceo lets see whatbhe says","@370022 Hey, Rajendra! We aim to provide the highest standard of support, and we sincerely apologize for falling short of that goal for you.",Thu Oct 05 03:37:40 +0000 2017,
2141079,"Really love when @115877 delivers raw, uncooked chicken and forgets half of my meal. Said nobody. Ever.",@629619 We're currently reviewing your email and will be in touch shortly. We appreciate your patience!,Wed Nov 08 22:21:30 +0000 2017,
1378799,@440988 @115873 can y’all help my friend out and get him from Florence to Eugene ?,"@440987 Hi! You can use your app to request a ride for someone else. For info, visit: https://t.co/oPsmsdUCX5",Sat Oct 28 02:48:17 +0000 2017,
2736502,@Uber_Support That's good in theory but what if passenger has already left numerous messages for driver and is getting zero response back? What does he try next? He's now stranded in a city he does not live in.,@766849 Happy to help! Please have the account holder send us a note at https://t.co/S2ic1RcT0l so we can look into this further.,Mon Nov 20 20:27:43 +0000 2017,
2402508,Uber keeps disappointing me. @115873 you guys have terrible service! Why do your drivers get lost and instead of calling the person they just cancel the ride!!!!! Highly disappointed !,@691188 We apologize for the trouble! Can you please contact us via https://t.co/593jusCquh so our team can connect?,Tue Nov 14 13:56:37 +0000 2017,
1888333,@115873 Hi - left wallet in Uber last night but under a friend’s account. Have not been able to reach driver. Have receipt. Please advise. TY.,"@563150 Due to our privacy policy, we will have to speak directly to the account holder. Please have them contact us via https://t.co/oY5vj3NqP3",Mon Oct 23 15:30:56 +0000 2017,
2261984,@Uber_Support i can see the phone moving - shall i send you the screen shots so you can check if it is still in your driver's car?,@657044 We see your message and will be following up via DM.,Sat Nov 11 02:17:59 +0000 2017,
296008,@115873 I think my account is hacked. Who can I talk to?,@186494 Here to help! Send us a note via https://t.co/kGIXas5Cxg so our team can get in touch.,Fri Oct 06 18:00:48 +0000 2017,
603554,"@Uber_Support ordered a taxi from BHX International, app says 1min wait, can see three cabs on the map and parked outside, yet I have been picked up by a ride 15 mins away and charged if I cancel.... the sooner @115879 arrive and provide some competition the better!!!",@263406 Here to help! Send us a note via https://t.co/e8HVorX5rh so we can connect.,Sun Dec 03 22:51:01 +0000 2017,
2810799,"@Uber_Support Hi! I keep getting the message-'update bad rider request', when I try to change the phone number on my uber eats? Please can you assist?","@783850 Happy to help, Cheism. Send us a DM with your account email address and we'll be in touch.",Sat Nov 11 08:48:11 +0000 2017,
1272022,@Uber_Support I called and was told I’d get a refund but only received it on one order. I had to reorder some food so I’m waiting for that refund ..,@417763 We see your outreach and a member of our team will be following up via email as soon as possible. We appreciate your patience.,Sat Nov 25 21:46:56 +0000 2017,
18218,@Uber_Support: my account __email__. I'm not sure what happened the app came on and offered me affair when I wasn't working,"@120045 Here to help! Send us a note here, https://t.co/n6ZEHTMzP2, and our team will follow up.",Wed Nov 01 05:08:34 +0000 2017,
478098,@Uber_Support trying to change my phone number on UberEATS so I can verify my number and it won't let me!!!!,"@228586 Happy to help! Send us a note here, https://t.co/NfpT5kgORa, and our team will follow up.",Fri Dec 01 12:03:10 +0000 2017,
2037455,@518590 @115877 @115877 Refund this man,"@602431 Due to our privacy policy, we will need to discuss this with the account holder. Please DM us with the email address associated with it.",Tue Nov 07 01:40:45 +0000 2017,
2732808,"@Uber_Support Thanks for your response. I will appreciate if uber can let me know my stand on the issue, instead of keeping quiet and not saying anything about it. Everything I said on our phone conversation was the truth and nothing but the truth.","@246114 We will follow up once an update is available. In order to preserve communication, please follow up directly to the support inquiry via the ""Help"" section of your app or the email sent your email address with any additional questions or concerns.",Tue Nov 21 10:36:47 +0000 2017,
1490405,@Uber_Support https://t.co/C1gFyLPHj3,@229054 We can definitely take a look! Send us a DM with your email address so we can follow up.,Sun Nov 26 02:47:26 +0000 2017,
444510,"@115873 @Uber_Support @127960 @116276 @119983 @3564 I forgot to take my important medical documents while leaving the cab and when I am asking Uber for help, below is the response from them: https://t.co/w9qlRq5W9M","@139951 Hi, Alok. Please send us a DM so we can follow up on this.",Wed Nov 22 05:13:10 +0000 2017,
755131,@Uber_Support sent DM. Waiting for response,@216990 We see your DM and will follow up there. Thanks!,Wed Oct 11 17:33:38 +0000 2017,
2063942,"@115877 SERIOUSLY!?!? ORDERED PANDA EXPRESS, PACKAGE ARRIVE UPSIDE DOWN, SPILLED FOOD AND MISSING ORANGE CHICKEN. #SameOnYouUberEats",@610414 Here to help. Please visit here; https://t.co/EGiaYE5JMU regarding your concern.,Sun Oct 29 02:20:43 +0000 2017,
123747,What’s the point of a @115879 or @115873 if the drivers don’t want to pick you up for a short drive then for the whole drive complain that it’s a short run. Did I miss something? Oh and the best part... they wait for you to cancel. #fail,@143672 Here to help! Send us a note here; https://t.co/fS660rQ8NQ and our team will be able to assist!,Fri Nov 24 01:09:52 +0000 2017,
1418124,@Uber_Support please email me at __email__ . You sent an email to purchase LA ride pass @ 10am. Link did not work.,@449612 We're currently reviewing your email and will be in touch shortly. We appreciate your patience!,Wed Nov 01 23:04:55 +0000 2017,
2323470,@115877 terrible service and no one responding on the support line. Waited an hour for food with delivery time moved out 3 times. Collected food ourselves and paid restaurant. Expect a refund!,@673196 We're here to help! Send us a DM with your email address so we can connect.,Mon Nov 13 13:06:50 +0000 2017,
1693929,I'd like to report one of ur driver @115873 @Uber_Support,@514031 Here to help! Send us a DM with your email address with more info so we can assist.,Mon Nov 06 18:04:20 +0000 2017,
2068782,@115877 one of your drivers have left half our food in his car and pissed off the idiot,"@611791 Happy to help, Harry! Please DM us the email and phone number linked to your account and we will follow up. https://t.co/sd7yH5jmbJ",Sun Oct 08 12:23:03 +0000 2017,
1642044,"@Uber_Support not only was my order cold and soggy I had a substantial portion of it missing tonight, now I'm hungry and pissed off",@501950 So sorry to hear about your experience! Can you please contact us via https://t.co/OWBkgXcbMl so our team can connect.,Mon Nov 06 00:22:56 +0000 2017,
2237830,"@Uber_Support For the ""I have lost count"" time, your estimates for driver ETA is a lie. They are always much, much too low!",@237150 Here to help. Send us a note at https://t.co/e8HVorX5rh so our team can connect.,Fri Nov 10 18:11:52 +0000 2017,
557220,@Uber_Support been waiting 3 hours for a reply about a payment problem.,@250107 Sorry to hear about that! Send us a DM with your email address so we can follow up.,Sat Dec 02 20:56:46 +0000 2017,
575669,"@Uber_Support I got a smaller car than I asked for on 24th Nov. Driver asked me to cancel the job, why am I still being asked to pay a cancellation fees??",@255455 Here to help! Send us a note at https://t.co/QsI1vsvcif so our team can connect.,Sun Dec 03 08:26:27 +0000 2017,
2302604,@Uber_Support you really won’t reactive my account after i just put money in it,@668179 Happy to help! We see your DM and will be in touch shortly.,Thu Oct 19 21:20:18 +0000 2017,
2888899,I’m in the worst @115873 ever from the bad smell. To the talking on the phone on loudspeakers God help me. I feel sick head hanging out window,@801007 We're sorry to hear this was your experience. Contact us via https://t.co/aBEgvdNWQN and we'll be in touch.,Tue Nov 28 13:36:14 +0000 2017,
541629,@Uber_Support need to clarify a doubt. 2 friends decide to travel point A to point B in Delhi &amp;opt for uber pool. app shows Rs99 as ride cost. So is it per person basis? Or total I'll be paying for both of us? I mean what will essentially be the cost of ride? ₹100/- or 200?,@245674 Here to help! Send us a note via https://t.co/QDn91HzZV0 and we'll be in touch.,Sat Dec 02 15:30:30 +0000 2017,
2751171,"@Uber_Support https://t.co/yusUhgm304 I done it payment deducted from paytm it must be refunded, At 1 side i face inconvenience &amp; 1 side i pay for inconvenience its not possible...",@280354 We can take a closer look! Please send us a DM of the email address connected to your account so we can further assist.,Tue Nov 21 00:54:29 +0000 2017,
2364936,"some bas$@#d has hacked my #Uber accout and ordered #UberEATS worse than that, they ordered carbs.. 😠Not impressed #CardTheft #UberHack. #NotSafe",@682774 We can definitely follow up! Send us a note here; https://t.co/kGIXas5Cxg so our team can connect.,Mon Nov 13 22:18:29 +0000 2017,
909145,@Uber_Support Your website says it will show up as credit in the Payments area. It refused to let me check out until I chose a payment method,@335940 We're happy to explain further! Please DM us the email address linked to your account so we can connect.,Sat Oct 21 04:43:04 +0000 2017,
1441554,"@334954 @Uber_Support We are not cancel the trip, Uber driver was denied to trip. So why should I pay.?",@454454 We're here to help! Send us a DM with your email address so we can assist.,Thu Nov 02 12:08:14 +0000 2017,
50937,@Uber_Support Turns out the route he took was 5 miles whereas the quickest was 3.2 miles,@127434 We're here to help! Send us a DM (Direct message) with your email address so we can assist.,Wed Nov 01 18:29:51 +0000 2017,
448818,"@Uber_Support @10233 I checked my email (even the spam and junk folders), and there are no messages from the Uber team. :-(",@221333 Thank you for reaching back out. Please DM us your email address so we can connect further on this with you. https://t.co/sd7yH5jmbJ,Thu Nov 30 20:03:50 +0000 2017,
2786526,"@Uber_Support This is incorrect. Your team is pressing 'issue resolved' and when I try to respond, it won't let me, which is why I have to keep flagging the issue up on Twitter to get you to notice. I would happily keep this issue on the app, if your team would let me","@755878 Hi, Joe. We're going to have a member of our team reach out to you via in-app support. Please follow up with us there for more details.",Tue Nov 21 18:53:57 +0000 2017,
102170,The new ride pass sucks @115873 . I mean I bought it but it sucks ass,@138405 Here to help! Send us a note here; https://t.co/nwhzjdErrv and our team will be able to help.,Thu Nov 30 17:22:28 +0000 2017,
2217615,my UberEATS was “delivered” when it truly wasn’t and honestly what did I do to deserve this,@647897 We're sorry to hear this was your experience. Contact us via https://t.co/E1hSTdoIlL and we'll be in touch.,Fri Nov 10 05:38:54 +0000 2017,
390839,@Uber_Support Well thanks but I don't need the help. @202426 is the one in trouble here.,"@208534 We understand your concern, and we'll following up with the account holder directly. To address your account please visit the link provided.",Mon Oct 09 15:48:05 +0000 2017,
380065,"@115873 driver left me stranded at the airport at almost 1am, stayed in one location for 20 min, ridiculous!!! #uber #lyft #chooselyft",@206161 Sorry to hear about that! Can you please contact us via https://t.co/Nu9kkSE3jW so our team can connect.,Mon Oct 09 07:38:44 +0000 2017,
687016,"@115873 Thanks for incorrectly charging me and only giving me half a refund. (Sarcasm btw) Seriously, I want a full refund.",@284055 We're here to help! Send us a DM with your email address and more details so we can follow up.,Thu Oct 05 20:06:05 +0000 2017,
19659,"@Uber_Support @Uber_Support I have big problem with Uber-Riyadh, I lost my bag with the driver on Thur and there’s no phone number Just I have car plate",@441256 Here to help! Get in contact with your driver here: https://t.co/rOtqyWzf0B,Sat Oct 28 04:14:07 +0000 2017,
112933,@115873 what do I do if my uber driver has taken me the complete wrong way and argues with me I’ve put in the wrong address when I haven’t??who pays the extra??,@141112 Here to help. Send us a note at https://t.co/WFtPA6RjWt so our team can connect.,Thu Nov 23 20:41:32 +0000 2017,
2976737,fuck @115873 for deciding to start charging a different card instead of the one I selected to use.,@359295 We can take a look! Send us a note via https://t.co/OhfgxSAY58 so our team can get in touch.,Thu Nov 30 03:01:14 +0000 2017,
2420799,@Uber_Support Issue.,@695389 Our team has recently responded via email. Please reply there if you have additional questions!,Sun Oct 29 13:05:35 +0000 2017,
2572151,"@Uber_Support I've sent a million notes in the past, your customer service is shocking. I'm down 100dhs through your charges yet still stranded without a ride #disgusted",@729377 Here to help! Send us a DM with your email address so we can follow up.,Thu Nov 16 19:52:04 +0000 2017,
2314287,@Uber_support somehow my driver got rated lowly from my phone without me touching it. He deserved a higher score. How can I change it?,@671081 Visit https://t.co/nck74BcJ2m for more info and let us know if we can help with anything else!,Thu Oct 19 21:56:38 +0000 2017,
2950081,@Uber_Support I already did it and as I said the driver don't answer the call. Your team try to connect but the driver refuses it,@814707 We can take a look! Send us a DM with your email address so we can follow up.,Wed Nov 29 18:25:20 +0000 2017,
429185,@Uber_Support Hey - looking to stop being a driver. Can you help with that?,"@217060 Happy to help, Tim - check out https://t.co/8s4WgyvvYA for additional assistance.",Tue Oct 10 13:30:35 +0000 2017,
379862,@Uber_Support Already done that.. I guess your team is sleeping after taking my money.. No response from anyone TV adds you are showing doesn't go with u,"@206117 Hey, Wasim. A member of our team has been in touch via email, so please check your inbox and follow up there directly.",Mon Oct 09 07:43:09 +0000 2017,
2739585,@115873 I will continue to push you to push your employees to be better since my safety is in their hands. https://t.co/FwektHvk08,@767561 Here to help! Send us a DM with your email address with more info so we can assist.,Mon Nov 20 17:09:30 +0000 2017,
911289,"@115873, why did u guys just debit my account wen I haven’t used ur services in ages? This is theft! I want my money back 😡 wtf is this",@336443 We can definitely take a look. Send us to note here; https://t.co/dInR3racif so our team can assist you.,Sat Oct 21 06:36:12 +0000 2017,
104068,@115873 My girlfriend and I have been having nothing but problems with you guys. Have $100 in gift cards that we aren't able to use. Keep getting error messages and its a brand new account. Have messaged support 3 times with no response. SOS,@138937 We can definitely take a look! Send us a DM (Direct Message) with your email address and details so we can follow up.,Thu Nov 30 18:05:22 +0000 2017,
438153,"@115877 @402's y'all need to get y'all shit together!!! Placed an order again and it went pear shaped. IF YOU DON'T HAVE AN ITEM, TAKE IT OFF THE MENU!!! Terrible way to handle a consistent customer. I'm done!!!!",@219096 Here to help. Send us a note at https://t.co/OWBkgXcbMl team can connect.,Sat Nov 25 06:10:57 +0000 2017,
70489,@McDonalds @115877 When there is no uber eats driver around you 😔,"@676273 Happy to help, Brooke! Send us a DM with your account email address and we'll be in touch.",Fri Oct 20 04:25:08 +0000 2017,
543071,Hey @Uber_Support I can't invite family members via the 'Family' feature. The invite to US cell phone number gets prepended with +61 (Australian Int Dial Code) which is where we lived 18+ months ago and where I set Uber up. On iphone 8 / 11.2,@246099 Here to help! Send us a note via https://t.co/zUe0dj6yoX to assist you further.,Sat Dec 02 16:18:47 +0000 2017,
1037752,@Uber_Support but no follow-up in DM.,@365494 We have responded to your DM please follow up there.,Mon Oct 23 03:42:19 +0000 2017,
2820779,My uber hasn't moved for 15 minutes. And he won't answer my calls @115873,@786188 Sorry for the trouble! Send us a note via https://t.co/e8HVorX5rh so we can connect.,Mon Nov 27 06:25:49 +0000 2017,
1920693,Uber I am facing the worst service here in Nagpur @115873 please look out #Unprofessionalservice,@571787 We're sorry to hear this was your experience. Can you please send us a DM with your email address and additional details so we can assist?,Thu Oct 26 16:44:03 +0000 2017,
1109583,@Uber_Support hello,@381853 Here to help! Please send us your email address and more info regarding your concern so we can assist.,Tue Oct 24 00:55:16 +0000 2017,
329205,"@Uber_Support Ahh I see, you had a big project on today, so your systems are flooded and therefore not actually working properly.. right? No worries I got my food eventually an I'll go through the app to handle the extra charge","@194474 We can definitely take a closer look into this, Shynell. Send us a note at: https://t.co/lumvU8mBTz and a member of our team will follow up shortly.",Tue Nov 14 17:21:46 +0000 2017,
253137,@Uber_Support I can't use this... the driver who actually took me to my work was fantastic... but I had 2 drivers last week who violated Uber rules.,"@176174 Thanks for reaching out, John. We'll be happy to look into this. Please send us a note at https://t.co/QsI1vsvcif and we'll connect.",Mon Oct 09 18:18:13 +0000 2017,
275068,@Uber_Support how do I make sure my driver knows to deliver @115877 to door? I include that preference in my settings and I always text the driver my unit and buzzer. But the drivers always call me and expect me to come down to pick up my food.,@181720 Here to help. Send us a note at https://t.co/hVMgTsth35 so our team can connect.,Sat Nov 25 03:04:34 +0000 2017,
1151917,"@Uber_Support on your website, you have ""CBR"" in multiple instances. What does ""CBR"" mean?",@391086 Hi there! Please reach out to https://t.co/QDn91HzZV0 and fill out the boxes at the bottom so we can get in touch.,Tue Oct 24 15:03:32 +0000 2017,
720660,"@Uber_Support She lost the same phone which was used to book https://t.co/z9l2B56LBM, she is having difficulty with her password reset on other phone",@292483 We do apologize for this inconvenience. However the Account Holder can reach out to us via twitter or facebook and we will be able to assist from there. As per our privacy policy we have to speak directly to the Account Holder.,Mon Nov 20 08:43:03 +0000 2017,
1030551,"yo @115877 do you guys just let people who have phone numbers not in service deliver for you? My driver couldn't find my address, (Cont.)","@363828 Sorry to hear about this! Please share details here; https://t.co/0IjoFxwQvx, so our team can better assist.",Sat Oct 14 14:18:37 +0000 2017,
2421555,@115877 promised @148768 doughnuts and then cancelled my order. Such a pain point. Shame!,"@695567 We're sorry, Joanna. We're working hard to sort a technical issue caused by high demand. Please doughnut worry, there will still be plenty of time to order. If you're not immediately connected, do try again.",Tue Nov 14 14:40:15 +0000 2017,
677702,I just waited 20 minutes for an @115873 to arrive and the Cunt cancels it!!!,@281670 We're here to help! Send us a note via https://t.co/593jusCquh so our team can connect.,Thu Nov 23 06:37:07 +0000 2017,
941088,"@Uber_Support awaiting a callback from someone to reactivate. Telephones may be old school, but I would love to get this sorted.","@343097 Happy to help, Bill. Please send us a DM with your account email address + details and we'll be in touch.",Wed Oct 11 03:00:03 +0000 2017,
126449,@Uber_Support Seriously man now your saying 25 tk....i m really confused about your referring service... https://t.co/OMLuzDBuiV,"@144382 We definitely understand the frustration here, Siam. We will continue to work through this via in-app moving forward. Please respond to the thread with any clarifying questions you may have. Have an amazing rest of your day!",Fri Nov 24 12:07:12 +0000 2017,
2253931,@Uber_Support I need to speak with someone directly at Uber 2 straighten out an my pending Uber driver application. I’m not happy right now,@656557 We've replied to your message via direct message and humbly ask you to check your messages.,Sat Nov 11 04:35:19 +0000 2017,
2736459,"@Uber_Support Your support team is not helping.. I am reporting a feature that has stopped working and are providing me with a jerry-rigged solution.. The point is: I cannot find places that I want to go using Uber app just typing te address like before.. @Uber_Support , can you help me?",@141110 Sorry to hear about that. Can you please send us a DM with your email address? From there we'll be able to assist further.,Mon Nov 20 20:24:24 +0000 2017,
1745063,🗣STOP MAKING MORE THAN 2 PEOPLE POOLS. There's literally 4 other riders with 4 different stops in my ride &amp; now I'm late to class 🙄 @115873,@526210 Sorry to hear about that! Can you please contact us via https://t.co/K05RdmK3t4 so our team can connect?,Tue Nov 07 14:41:26 +0000 2017,
522704,@Uber_Support kindly resolve my issue of refund for extra amount charged for a trip on 25/11/17 @ 12:52 pm in lko it is happening frequently wid uber...time for trip charged 42 min is incorrect n route take by driver was also longest,@240738 Here to help! Can you please contact us via https://t.co/y4EDPcEoq8 so our team can assist?,Sat Dec 02 03:58:40 +0000 2017,
1250707,@Uber_Support Number 9729991698,"@413434 Hi, Kamaljeet. We have just reached out in-app, please check the ""Help"" section to see our reply.",Thu Oct 26 05:57:27 +0000 2017,
1398984,@Uber_Support to refund what I was overcharged. Can you please offer an explanation or assistance?,"@445314 Sorry about the trouble, Eleanor. We see you've responded and we'll follow up with you there. We appreciate your patience. Thank you.",Sat Oct 28 17:16:48 +0000 2017,
1773053,@Uber_Support Why do I have to wait an additional 30 days for my account to be deleted when I’ve already waited more than that previously!!,@532889 We're sorry to hear about the trouble. A member of our team will be following up through DM shortly.,Wed Nov 08 11:41:01 +0000 2017,
2269741,@Uber_Support 75happhour promo code is not working .. I try many times,@660455 We're here to help! Send us a note at https://t.co/lqVgKo4ZO3 so we can assist.,Sat Nov 11 09:42:00 +0000 2017,
63241,@Uber_Support I was told @130513 was responsible for changing their own menu. On the app,@130512 That is correct. The restaurant would need to update the wrong items on their menu in-app.,Wed Nov 01 22:16:04 +0000 2017,
1964649,@Uber_Support reapect sir third week is near to end until i can received my bouns in my account can u plz help me,@556346 So sorry about the trouble! Send us a note here https://t.co/IkmGv8vEZk and a member of our team will be in touch as soon as possible.,Tue Oct 31 06:02:57 +0000 2017,
680775,@Uber_Support £9-£12 for a 7 minute trip? What on earth? https://t.co/Gx6FAA3GPZ,@282448 Here to help. Send us a note at https://t.co/oEOANqFpjc so our team can connect.,Thu Nov 23 08:46:02 +0000 2017,
2452246,@Uber_Support Y'all have a cus. telephone#? I have an issue w/ 'eats' that almost 24hrs later/back/forth w/support still unresolved. 😒,"@527757 At this moment, we don't offer phone support for these issues. Please send us a DM with your email address so we can follow up.",Sun Oct 29 17:21:06 +0000 2017,
2802479,@Uber_Support I have been complaining that am not getting offers pertaining to bangalore but you have neither replied nor sending offers pertaining to bangalore. Why such apathy towards customers? Pl reply by return,@430178 We have escalated your concern to a member of our team. They will be reaching out via in-app support/email. Please follow up there with any further concerns.,Wed Nov 22 01:09:56 +0000 2017,
2354020,@Uber_Support Absolutley not good enough. This happened Saturday it's now Monday. No contact or help at all. Generic messages are not acceptable,"@680166 Hi, Emma. We have followed up with you via email. If you have any additional questions or concerns, feel free to let us know.",Mon Nov 13 10:24:00 +0000 2017,
562418,"@115873 is a joke.Driver has location, didn’t fancy picking us up, drove right by. forces us to cancel although he’d gone straight back to the airport the sod! Also decided he no longer spoke English when it suited him after calling &amp; asking where we were going - it’s in the app!",@251603 Sorry to hear about that! Can you please contact us via https://t.co/593jusCquh so our team can connect.,Sat Dec 02 23:01:43 +0000 2017,
1710625,@Uber_Support Where in the setting tabs ?,"@518220 We're sorry for the miscommunication, Vassileia. We'll be sending you a message shortly, so keep an eye out in-app for updates!",Thu Nov 30 21:20:50 +0000 2017,
312854,"@Uber_Support having constant issues with my account, I might have to use @115879 more often... and nearly impossible to contact Uber ""help""","@190714 Hi, we are happy to help. Could you provide the email associated with the account on file.",Sat Oct 07 04:26:31 +0000 2017,
1182637,@Uber_Support you have the worst help platform of any job I've ever worked at. Again I can't access Uber Eats to do deliveries,@398117 That doesn't sound right. Please do try this troubleshooting method: https://t.co/n6ZEHTMzP2,Tue Oct 24 22:04:33 +0000 2017,
2690923,@Uber_Support charges twice for the same ride and there's no one to contact .its a pity @115873,@756485 Here to help. Send us a note at https://t.co/DceIRNI6kV so our team can connect.,Sun Nov 19 16:23:01 +0000 2017,
2253920,"@Uber_Support ... funny thing, i did it 2x aaaaaand nothing happened in the past hour, except a tweet back WHEN I DM'd YOU",@656553 Happy to further assist you. Can you please send us a DM with your email address and additional details so we can follow up?,Sat Nov 11 04:47:53 +0000 2017,
2482442,@115873 @Uber_Support I ended up having to use @115879 to get to the airport because I was afraid my next @115873 ride would be unreliable.,@709253 Here to help! Send us a note via https://t.co/h840Iouehc and we'll be in touch.,Sun Oct 29 23:03:25 +0000 2017,
1085805,"@115873 Hey, how do I get refunded for an order a driver says they delivered but never actually got delivered??","@376135 Hi, we're sorry to hear about this. Please DM us the email linked to your Uber account so we can look into this for you.",Fri Oct 13 17:09:56 +0000 2017,
1232423,"Hey @115873 @Uber_Support, as shown above, I was charged £95 for the driver to wash his car. I don't believe this is fair at all.",@409047 Sorry to hear about the trouble. Please reach out to our team at https://t.co/k0r0Fj18wo and we'll be in touch for a closer look!,Sun Oct 15 21:21:22 +0000 2017,
1405546,@115877 my account got disabled again for no reason sirs and madams and I can’t even undisable it now,"@373298 Hello, Dillon. We've gone ahead and followed up with you via DM regarding this matter.",Sat Oct 28 18:02:53 +0000 2017,
374819,"left my favorite jacket in my @115873 on my way to airport, and my driver isn’t answering FMLLLLLLL","@204876 Here to help! Follow up here; https://t.co/rOtqyWzf0B, and our team will connect right away.",Mon Oct 09 01:13:08 +0000 2017,
1543652,@115877 @115873 my food took 30 minutes to arrive by bike. Delivery person was in one spot for 15 minutes. Food cold. Refund me,"@443778 Here to help! Send us a note here, https://t.co/OWBkgXcbMl, and our team will follow up.",Sat Nov 04 04:47:16 +0000 2017,
701785,Hey @Uber_Support- why is my ride pass more expensive this time for the same two destination points?,"@214252 Sorry to hear about the trouble, please reach out here so we can assist further: https://t.co/nwhzjdErrv",Fri Oct 06 00:32:58 +0000 2017,
2052573,@Uber_Support why does it say I'm on the trip when I haven't been picked up yet? Am I getting charged?,"@390211 Hey, Ryan. Please DM us the exact pick up and drop off of your trip so we can have a look and follow up. https://t.co/sd7yH5AX3h",Wed Oct 18 23:36:58 +0000 2017,
1391064,@115873 We have reason to believe that one of your Cape Town drivers just swore at a lady in our building and spat at her. Please advise.,"@443543 Hi there! We're here to help. Send us a note here, https://t.co/fS660rQ8NQ and so our team will assist.",Sat Oct 28 11:29:41 +0000 2017,
997054,@Uber_Support I had an issue with my delivery and I need to know immediately where the package is. Very urgent,"@356097 We're sorry to hear you're experiencing some trouble, Robbie! So that we can take a look at this for you, please reach out to us at https://t.co/balq3Eyso6 and a member of our team will follow up.",Tue Nov 21 17:59:45 +0000 2017,
2342648,"@Uber_Support @115873 TO MAKE MATTERS WORSE, the driver has blocked my number from calling him !!!!!! WHAT THE HECK",@677584 Our team is reviewing your email now and will be in touch. We appreciate your patience!,Mon Nov 13 16:05:32 +0000 2017,
760797,@Uber_Support Already given a brief description on that link. Please check. Tks,"@301793 Here to help, Raiyan. We have received your inquiry and a member of our team will be following up as soon as possible.",Sun Oct 01 06:46:16 +0000 2017,
428776,@Uber_Support @Uber_Support@Uber_Support,"@216986 Hi there, Alfredo. What can we assist you with?",Tue Oct 10 12:50:54 +0000 2017,
1605679,@118730 @Uber_Support Help!!!,@492544 Sorry to hear that! Send us a note here: https://t.co/DceIRNI6kV so we can follow up.,Sun Nov 05 15:17:55 +0000 2017,
1407451,Uber charged $5 when I cnxed b4 pickup. Next night Uber canceled on me! @115873 @uber_support #onewayuber #notthefirsttime,"@447153 Oh no, Susan! Please send us a note at https://t.co/lyqXfbVdYK and we'll be happy to look into this for you.",Wed Nov 01 22:26:43 +0000 2017,
1568885,@Uber_Support pathetic UBER hs rmovd cancellation colum help!drivers r cancelling rides in thr whims n fancy n ridrs hvto br cancellation!,@483763 We're sorry to hear this was your experience. Send us a DM with your email address so we can assist.,Sat Nov 04 16:27:34 +0000 2017,
2374623,@Uber_Support why is my cc being charged first instead of using my credits from gift cards?,@128743 Here to help! Contact us here; https://t.co/R8Xm8a7StU so we can take a closer look.,Tue Nov 14 01:51:03 +0000 2017,
1964743,"@115873 driver reached my location with trip already running. When I objected his act, driver cancelled the trip and told me he will not go.",@582461 Happy to take a closer look for you. Sign in and visit us at https://t.co/s9SVm2cb9K so our team can address this appropriately.,Tue Oct 31 06:37:27 +0000 2017,
2336634,just had the craziest rude as fuck @115877 experience but idk if i should report the driver cause they have my phone number wtf,@392905 Let's take a further look into this. Please send us a DM with your email and phone number linked to your account.,Fri Oct 20 02:58:13 +0000 2017,
963725,"Dear @116057 and @115877 gods, please help wichita get with the food delivery times. Thanks.",@348736 We're working hard to expand our service area. Stay tuned to our website for updates: https://t.co/Mf9vzZ0uru,Sat Oct 21 21:03:51 +0000 2017,
40586,@Uber_Support When I try to order an Uber I am told that my method of payment is invalid. Several friends in Sweden have the same issue.,@124909 Hey Olle! Can you please provide your account email so can look into this issue for you? We will follow up.,Wed Nov 01 15:19:54 +0000 2017,
1426796,@115877 pretty sure one of your drivers drove off with my food,@451449 Here to help! Send us a note here https://t.co/hVMgTsth35 and our team will be in touch.,Thu Nov 02 05:10:49 +0000 2017,
2983605,Waiting for an #Uber and watching the driver pass the turn-offs and turn a 3-minute drive into a 10-minute one. Where is he going?,@349016 Here to help! Send us a note via https://t.co/e8HVorX5rh so our team can connect.,Tue Oct 31 21:04:35 +0000 2017,
1713197,Yo y’all really be hiring stupid cab drivers @115873 I’m tired!!!,"@518889 Sorry for the trouble! Send us a note here, https://t.co/fS660rQ8NQ, and our team will be in touch.",Tue Nov 07 02:16:10 +0000 2017,
920981,@Uber_Support Okay thank you! Cause I don’t think a fee is over $16 if I canceled the Uber literally seconds after it was ordered,@338621 What you are more than likely seeing is an authorization hold. You can check out this page to learn more; https://t.co/5Xz2I8VM4j.,Sat Oct 21 05:30:33 +0000 2017,
2954583,"@Uber_Support Hi, I forgot my phone in my uber on my ride to AUS airport..how can I get it back? I have a flight in a few hours",@419139 Here to help! Find out more about contacting your driver here; https://t.co/rOtqyWzf0B.,Wed Nov 29 18:51:40 +0000 2017,
879211,@115873 i need a 50% discount bc im helping navigate ya drivers bc your shit GPS dont know where to go,@328726 Here to help! Please contact us via https://t.co/fS660rQ8NQ so we can follow up.,Mon Oct 09 23:12:11 +0000 2017,
2337117,This is a new one. My Uber driver just got pulled over 😬 #awkward,@676193 We take this very seriously. Please send us a DM with your email address so we can connect ASAP.,Fri Oct 20 04:25:42 +0000 2017,
1219338,@Uber_Support will do. And thanks for the speedy reply!,@406083 Hi Emma - go ahead and check your DM for further details!,Wed Oct 25 14:50:51 +0000 2017,
515362,@Uber_Support But why do I get charged in the 1st place? This is a frequent occurrence.,"@238712 Happy to clarify, Juris. If your driver cancels the trip 5+ minutes after arriving then a cancellation fee may be charged to compensate drivers for time invested in traveling to a rider's pickup location. You can find more info here: https://t.co/UBD8KqOd2D,",Sat Dec 02 10:32:43 +0000 2017,
880135,"@Uber_Support who do I talk to about a driver that really went above and beyond, I'd like him to be recognised for the service he's doing",@328951 We're happy to hear you had a positive experience. Please provide the details at https://t.co/qHI8xcWfiW so we can follow up.,Fri Oct 20 18:42:44 +0000 2017,
345500,5 cancellations within 24 hours @115873 !!! Appalling service! I hope people see sense and stop using.,@198219 Sorry for the trouble! Please send us a note via https://t.co/h840Iouehc so our team can connect.,Sun Oct 08 02:51:34 +0000 2017,
2935444,@Uber_Support dont bother anymore with my query. Its still not resolved. Im moving you another service. I'm actually stuck where I am 😡😡😡,@806177 We understand this issue is important to you. We can confirm our team has been in touch via email support. Please continue to engage with us via the support message so we can continue to assist you. Thank you for understanding.,Wed Nov 29 10:36:43 +0000 2017,
2002230,"@Uber_Support hi,i received msgs on deducting an amount frm my visa for ""uber help""!!Wts this exactly?And hw u did tht wthout my permission!","@592048 Happy to help, Hamzeh! Please send your email address associated with your Uber account and we'll be glad to take a look.",Thu Nov 02 08:23:38 +0000 2017,
1580925,@115873 please can someone give me a call in regards to my experience his morning with one of your Uber drivers.,@486723 We're here to help! Our team is reviewing your email now and will be in touch. We appreciate your patience.,Tue Oct 17 07:21:29 +0000 2017,
318291,Never use @115873 for the rides to/from the airport. They are overcharging. 2800 roubles instead of 1 k fixed price in my case. @Uber_Support https://t.co/3YuRcmZ66h,@191945 Here to help! Follow up here; https://t.co/6IqAxVj2X4 and our team will connect right away.,Fri Oct 06 21:03:14 +0000 2017,
315081,Uber got into a car accident 😔,@191223 We hope everyone is ok. Please DM us your email address and additional details so we can follow up immediately.,Sat Oct 07 07:00:15 +0000 2017,
1250716,@115873 what happens when I am in a new country and using a new phone number. It is impossible to change the contact number on accounts.,"@413435 Here to help! To update your account info, please visit; https://t.co/ACn231rQL4.",Thu Oct 26 03:27:15 +0000 2017,
2736488,"@Uber_Support account deactivated without reason. Please advise. Tried application to reach support, but it doesnt work",@766843 Sorry to hear that. Can you please send us a DM (direct messages) of your email address so we can connect?,Mon Nov 20 20:20:39 +0000 2017,
181576,@Uber_Support I can't change my credit card details as a rider. I think my account may be part set up as a driver -which I changed my mind about. Can my account be changed to be a rider only and maybe that will overcome the issues I'm getting with changing my credit card details?,@157681 Happy to help! Please confirm your email address or phone number through direct message so we can further assist,Sat Nov 25 01:43:10 +0000 2017,
2407304,"Hey, trying to order the free box of @148768's but just getting an order error on @115877 - send help! I've promised the @93968 office free doughnuts #KrispyKreme 🍩🍩🍩🍩🍩🍩","@692300 We've been overwhelmed by demand! Supply is limited, but please keep trying.",Tue Nov 14 14:03:43 +0000 2017,
1768348,@115877 keeps sending me my wrong order!! I really wanted French fries 😩😩,@531674 That doesn't sound right. Can you please send us a DM with your email address so we can look into this?,Tue Nov 07 22:29:36 +0000 2017,
1250297,@Uber_Support fare increased from 124 to 195 with no traffic and no GPS issues. Are you kidding me? Your app is a total fraud.,"@147243 Hi there Manish, we're happy to review any fare you have questions about. To request a fare review, please see: https://t.co/48P38j1EH1.",Sat Oct 14 18:16:34 +0000 2017,
157851,@Uber_Support I have asked for help and sent note as suggested by you but still waiting for reply. https://t.co/rEvM1VmMMB,@152275 We're here to help! Send us a DM with your email address so we can connect.,Sat Nov 25 02:00:12 +0000 2017,
980550,I just waited 30 mins for an uber that was 2mins away @115873 super fun https://t.co/vM52N0zVdu,@352496 Sorry to hear about what happened. Send us a note at https://t.co/e8HVorX5rh so our team can connect.,Sun Oct 22 05:56:25 +0000 2017,
443038,@Uber_Support Mail id: __email__ Mob:7975463499,@219999 It seems a member of our team has reached out to you. Please check your email and follow up with them there.,Wed Nov 22 09:12:51 +0000 2017,
1438793,"@115873 my driver took a longer route than needed, didn’t follow directions on the maps app intentionally making the trip 10 minutes longer",@453908 Happy to take a look! Send us a note via https://t.co/y4EDPcVZOI so our team can connect.,Thu Nov 02 14:17:20 +0000 2017,
2135818,@Uber_Support I did and there is no where to call you,"@628339 You'll be able to contact us by phone while an order is still live. Now that the order is complete, contact us here: https://t.co/ZFaWy0Lkdu",Wed Nov 08 21:09:50 +0000 2017,
872575,@Uber_support do drivers not have a chance to see destination before they pick up? This is the second time in two weeks that I have waited over 7 minutes for a ride and then they won't drive me into San Francisco,"@327158 Absolutely not, Madison. Partners receive the rider's destination once they have entered the vehicle and the trip has started.",Fri Oct 13 04:46:02 +0000 2017,
688487,@Uber_Support I want to delete payment method paytm how can I do it bcoz there is some balance in it,@185130 Here to help. Send us a note at https://t.co/F7yFN7gC20 team can connect.,Sat Nov 25 07:41:13 +0000 2017,
1756587,@115877 how about you actually have some customer service. you guys are absolutely terrible,@528916 Here to help! Please send us DM your email address with details so we can follow up.,Tue Nov 07 19:30:33 +0000 2017,
2073820,@Uber_Support y do you charge cancellation for delay from your end? Driver is arriving from 10 mins versus eta of 6 mins,"@613369 Sorry to hear about the troubles, Chaithra. Please send us a note at https://t.co/z3CPPtLGoq so we can look into this for you.",Tue Oct 10 02:11:57 +0000 2017,
370851,@Uber_Support this driver has been sitting her for almost 10 minutes. Still hasn’t even cancelled or contacted me https://t.co/4uRFfHDAEv,@203821 We apologize for the trouble! Send us a DM with your email address with additional details and we'll connect.,Thu Nov 02 21:33:09 +0000 2017,
70624,@McDonalds @115877 can i get some proletarian revolution?,@822448 Here to help! Send us a note here; https://t.co/NcKEnQDmxQ and our team will be able to assist!,Thu Nov 30 05:16:43 +0000 2017,
1956937,@115873 y the hell ur stupid algorithm lets a driver acpt ride before he finishes his trip? Taking customer’s time for grantd - sucks https://t.co/PQ7ouIoqNX,"@253573 Sorry for the trouble! Send us a note here, https://t.co/e8HVorX5rh and our team will be in touch.",Wed Oct 18 16:46:54 +0000 2017,
1137769,@Uber_Support ive received no email flno one has reached out. im tired of these template responses from everyone despite months of chasing you all,@387991 Here to assist! We have routed this to the appropriate team who will be in contact within the in-app help section momentarily.,Tue Oct 24 10:06:36 +0000 2017,
602824,@115877 has the worst customer service I’ve ever seen. I expect such a large company to provide well equipped competent help @Uber_Support,"@252477 We just followed up via your in-app support inquiry. Please check your messages in the ""Help"" section of your app for further assistance.",Sun Dec 03 16:33:32 +0000 2017,
1922710,@Uber_Support charges its customers for no reason. https://t.co/Capb6FJJ4e,@202742 A member of our team has reached out to you. Please refer back to that email for all further questions or concerns on this matter.,Fri Oct 27 06:13:32 +0000 2017,
458014,@Uber_Support - having issues with my new credit card on account. Card is valid and preauthorization shows on Amex website. https://t.co/OgCTBPKiuq,@127127 Here to help! Please send us a note at https://t.co/yqIhbGRNqi and we'll be happy to look into this for you.,Fri Dec 01 00:30:33 +0000 2017,
754781,"@115873 great ! You finally did charged me the extra money after such discussion.#dislike uber, uninstalling.",@176508 Oh no! Please DM us the email linked to your account along with details so we can look into this for you. We look forward to your response.,Sat Oct 07 04:55:39 +0000 2017,
1780778,@115873 how do you remove a promo from an account? It has never been applied and I can’t use any other promos.,"@535030 Let's have a look, Sam. Please DM us the email linked to your account, plus the details, so we can follow up. https://t.co/sd7yH5jmbJ",Wed Oct 11 19:22:59 +0000 2017,
2710041,@115873 do your drivers have cameras to protect both drivers and passengers from abuse? That would be a good thing to have,"@198144 We appreciate your feedback, we'll be sure to escalate this to our team.",Mon Nov 20 01:33:44 +0000 2017,
934549,"I’m not sure why my uber account is deactivated, as much as I’d like to travel by uber, I can’t. @115873 please look into it.",@341691 Here to help. Send us a note at https://t.co/WbmljlOtLY so our team can connect.,Sat Oct 21 17:38:13 +0000 2017,
1803288,I just installed the Uber app on my phone today. A driver arrived that I hadn't ordered and I was billed $7.29 for a trip I didn't take.,"@541855 Sorry to hear about that, Jean Ann! Send us a note here - https://t.co/dInR3racif so our team can assist.",Wed Oct 18 01:30:25 +0000 2017,
837206,Why is my uber driver getting further away from me? @115873 @Uber_Support https://t.co/WRm63Hgx6r,@319248 Here to help! Send us a note via https://t.co/e8HVorX5rh and we'll be in touch.,Fri Oct 13 09:41:07 +0000 2017,
2171752,@Uber_Support @115873 yes please,@636952 We're currently reviewing your email and will be in touch shortly. We appreciate your patience!,Thu Nov 09 12:30:57 +0000 2017,
1560886,@Uber_Support tried ordering an uber and it kept taking me to this even after I confirmed so if i get charged you's are refunding me https://t.co/XU0aWvEMmT,@482238 We're here to help! Send us a note at https://t.co/u3MyknJaaN so we can assist.,Sat Nov 04 09:00:07 +0000 2017,
2747452,@Uber_Support I would like to ask you to remind drivers that they are responsible to assure passengers can debark cars safely. I ride a bike in New Orleans and have hot two doors I could not avoid and narrowly missed 7 others. Drivers are liable for injuries!,@769319 We can take a look on this. Kindly send a note here: https://t.co/QDn91HzZV0 so we can connect.,Mon Nov 20 22:31:55 +0000 2017,
1961537,@115873 I’m trying to tip my driver and the option isn’t coming up.,@581717 Thanks for reaching out to us about this. Your driver might not be signed up to accept tips at this time. Let us know if you need help.,Mon Oct 30 22:53:07 +0000 2017,
1787475,"@Uber_Support I want to review legal documents on my computer, but they are only accessible on the app. This is the tenth time I am expressing this issue.",@207218 We'd be happy to help. You can review the documents by going to this page here; https://t.co/XDNEecg3t7,Fri Nov 17 01:53:03 +0000 2017,
170426,@115873 👋🏼 Every time I try to open the app it shows that I need to register but when I try to regist it shows that my phone is already been used!! Could you check knowing that my phone number is 00966555165888,@155719 Here to help. Send us a note at https://t.co/Md7v036OoC so our team can connect.,Fri Nov 24 21:29:32 +0000 2017,
997145,@Uber_Support I have a complaint about a fellow pool passenger. How do I report them?,"@356120 Sorry to hear that, Layla. You can let us know here: https://t.co/kUyzFAuBFV",Wed Oct 11 23:10:21 +0000 2017,
741086,@115873 R u listening customer complaint. I am requesting business trip monthly report but no response. There is no way to reach you,@297239 We apologize for the trouble! Send us your email address and we'll connect.,Wed Oct 11 13:50:42 +0000 2017,
1153328,@Uber_Support my ubereats time shot up by 40 minutes not long before expected delivery. where can I complain and get a full refund issued?,@391369 Please reach out to @131077 for further assistance.,Sat Oct 14 23:47:57 +0000 2017,
1820762,@Uber_Support came*,"@546617 Thanks for letting us know about this, Dana! Send us a note with the trip details here https://t.co/QsI1vsvcif and we can follow up on this.",Mon Oct 16 13:47:00 +0000 2017,
1683644,@Uber_Support It was in Toronto. Is it legal?,@511748 Happy to help clarify! You can reach out here: https://t.co/qOw8FauwWK for more info on Toronto regulations.,Mon Nov 06 16:59:25 +0000 2017,
2792092,@Uber_Support But this is downtown Manhattan New York City Not a foreign country,"@779239 Due to our privacy policy, we will have to speak directly to the account holder. Please have them contact us via https://t.co/fS660rQ8NQ.",Tue Nov 21 21:03:43 +0000 2017,
2978469,@Uber_Support How do I get an update on my active status ? My Uber Driver App isn't working yet,@714395 Here to help! Send us a note via https://t.co/tv4psVy8sr so our team can connect.,Fri Nov 17 17:38:07 +0000 2017,
2652718,@Uber_Support @271774 @116276 @115873 I wrote about my situation via in app almost 4 hours ago and I wrote you guys directly here via message,@748112 We see your message and will be following up via DM.,Tue Nov 21 00:16:05 +0000 2017,
1202084,@Uber_Support Here is the screen shot of respective driver and thanks for assuring assistance and hope so you would never let down your customer https://t.co/sMaiNi96LW,"@402438 Let's look into this, Khurram. Please share email address in DM, so we can follow up. https://t.co/sd7yH5jmbJ",Wed Oct 25 13:32:42 +0000 2017,
654522,Credit card stolen. Thanks for nothing @115873! Props to @116988 for top notch fraud protection.,@275698 We're so sorry about that! Can you please send us a DM with your email address and additional details of your concern so we can assist?,Wed Nov 22 21:57:35 +0000 2017,
1193510,@115873 and can you explain why my account won’t let me request a taxi ???????,@279436 Here to help! Send us a note here; https://t.co/xMxswVu0mj and our team will be able to assist!,Wed Oct 25 00:54:36 +0000 2017,
1381066,.@Uber_Support 1 of ur drivers canceled my ride last night while in his car. I dropped my keys. Contacted customer serv. No response wtf,"@441452 We're sorry to hear about the trouble, Gaby. Send us a DM with your email address with details so we can connect.",Sat Oct 28 05:04:03 +0000 2017,
1489192,@Uber_Support Immediatly after I reset my password it tells me that the password is wrong - as if it's not registring the password change.,@465883 Here to help! Send us a note via https://t.co/IoAe3kNwY9 to assist you further.,Fri Nov 03 08:39:50 +0000 2017,
2352452,"@Uber_Support I need some help to get my account back. Please reply me soon as possible, thank you",@679819 Here to help. Send us a note at https://t.co/WbmljlOtLY so our team can connect.,Mon Nov 13 17:59:30 +0000 2017,
938050,@Uber_Support Thanks for the mail but I did get a good reply. I got a very vague reply. I hope you guys will solve my issue asap.,"@342354 Hi, Anis - we've gone ahead and followed up with your in app message. Please follow up with us there if you have any questions.",Sat Oct 14 16:34:15 +0000 2017,
2567165,@Uber_Support Hi! I observed one of your cars (with a passenger) driving dangerously today - how can I provide details? Your help page didn't provide a way to contact Uber.,@217447 We apologize for the trouble! Send us a DM with your email address with additional details and we'll connect.,Thu Nov 16 19:28:26 +0000 2017,
1147166,@21167 I am trying to get contact information for General Manager Kasra Moshkani or his assistant. Can you help?,@389994 Happy to help! Please reach out to https://t.co/zUe0dj6yoX and fill out the 4 boxes at the bottom so we can get in touch.,Tue Oct 24 13:58:34 +0000 2017,
2382970,"@Uber_Support thank you guys were absolutely NO help. thank you for the worst customer service, will be contacting somebody for refunds. happy halloween","@664119 We've replied via DM, please follow up there.",Sun Oct 29 08:25:08 +0000 2017,
938237,@115873 I need to reset my account please.,@342413 Hi there! Please reach out to https://t.co/zUe0dj6yoX and fill out the 4 boxes at the bottom so we can get in touch.,Sat Oct 21 18:29:58 +0000 2017,
2555503,"Hi @115873, you guys billed me twice for the same trip yesterday. Just wondering how long before it gets corrected",@725661 Here to help! Simply contact us via https://t.co/zJ6aIZinzb so our team can assist.,Thu Nov 16 16:08:57 +0000 2017,
2452237,@115873 why have I been charged £191.59 for a taxi I didn’t use!!!!!!! https://t.co/oCTgPU7nvr,@702641 Here to help! Send us a note via https://t.co/bGbBMJqMgN and we'll be in touch.,Sun Oct 29 17:30:12 +0000 2017,
1651596,@Uber_Support Hi! Need urgent help. Left phone in cab. Please DM asap for further details. Unable to find the customer care number for Delhi,@504358 Here to help! Get in contact with your driver here; https://t.co/rOtqyWzf0B,Mon Nov 06 07:05:14 +0000 2017,
1771090,@Uber_Support I cant switch my email or pay with my credit card. Please help! You guys do not have a phone-line that I can call in my city.,"@532392 We'd like to take a look into this, Dylan. Please leave us a note at https://t.co/qHlZSjDE9L so we can connect!",Tue Oct 17 21:10:59 +0000 2017,
2956231,@115873 urgent matter!! I left my phone in the car that picked me up today! how can I get my phone please,@635004 Here to help! Please contact us via https://t.co/VRGZX0s7tO so we can follow up.,Wed Nov 29 19:17:15 +0000 2017,
1838827,@Uber_Support You claim you treat passengers and drivers fairly but you’ve charged me £15 extra after my driver drove like a maniac &amp; then abused me.,"@551119 We would like to connect with you immediately, Amy. Please DM us your email address and more information, so we can further assist.",Wed Oct 18 18:13:53 +0000 2017,
1635854,@115873 Seriously why wouldn't he just cancel ao I can get a new ride @Uber_Support https://t.co/vbG5H2HwgW,@500376 Here to help. Send us a note at https://t.co/e8HVorX5rh so our team can connect.,Sun Nov 05 21:17:23 +0000 2017,
2501010,@Uber_Support @115873 your services suck in the UAE. :/ you are not transparent AT ALL in your fare and you don't even adjust the fare once it is completed. The upfront payment is a disaster. Guess I will shift to @23706 services since they are more transparent.,@322367 We're so sorry about that! Can you please send us a DM with your email address and additional details so we can assist?,Wed Nov 15 19:14:17 +0000 2017,
2206423,@115877 WHERE MY FREE DOUGHNUTS AT??! 😭,"@696677 We're so sorry you didn’t receive your free Original Glazed Dozen box, Madd. We experienced a technical issue. Stay tuned for more fun promotions soon!",Tue Nov 14 16:16:58 +0000 2017,
1076592,"@115873 service is declining in Paris, the car planned cancelled last minute driving front of me then no second one close,15min late meeting",@374033 Here to help! Send us a note via https://t.co/e8HVorX5rh so our team can connect.,Mon Oct 23 17:02:41 +0000 2017,
2177694,"@Uber_Support This is your support yet, Uber support is only active on Twitter. Not in reality. No action yet, its been going to be three weeks now. Sir, this is how private cab firms are working take some action and make a good policy so that they cannot loot comonppl. @133052 @103082 https://t.co/EhtC1tjXKr","@638291 We have routed this to the appropriate team who will be in contact within the in-app help section momentarily, Dhananjay.",Sun Nov 19 11:09:12 +0000 2017,
164267,@115873 @Uber_Support how do we complain if drivers keep cancelling rides. They need cash and not payment through e-wallet.,@154050 Here to help! Please contact us via https://t.co/fS660rQ8NQ so we can follow up.,Fri Nov 24 19:53:51 +0000 2017,
801134,@Uber_Support There isn’t an option to reply to them,"@310904 Hey, Rishabh. A team member has reached back out to you via in-app. Please try to follow up with us there once again for further assistance.",Fri Oct 13 13:12:14 +0000 2017,
2644771,"@115873 Uber company will remain sri lankan drivers will lost, 25% take commtion from driver, uberzip peying 20/= per 1km",@521712 We have responded to your DM please follow up there.,Tue Oct 31 04:32:27 +0000 2017,
1537664,"What can we do to stop @115873 drivers from brazenly stopping in traffic at this highly dangerous intersection, putting all of us at risk?",@476689 Here to help. Send us a note at https://t.co/IeSxT5cVHC so our team can connect.,Sat Nov 04 01:10:54 +0000 2017,
148299,@Uber_Support I was waiting 2.30h to Heathrow,@149743 Here to help. Send us a note at https://t.co/e8HVorX5rh so our team can connect.,Fri Nov 24 14:55:27 +0000 2017,
1839559,@115873 a man yelling and harassing us in the car isn’t worth a refund ! https://t.co/d1pp2gA3Pb,@321685 We're ready to look into this right away. Send us a message with details of the trip here: https://t.co/biBCTHpjMe so we can follow up.,Tue Oct 17 18:54:43 +0000 2017,
1275183,Might be a little late @418502 @418503 the @115873 had a crash ! https://t.co/dna3Ndc78z,@418501 We hope everyone is ok. Please DM us your email address so we can follow up immediately.,Thu Oct 26 15:35:52 +0000 2017,
826683,Just watched @115873 @23645 driver deny co-worker ride &amp; yank her service dog by collar out of her car. When will this stop? https://t.co/OpJ88RZjaZ,@316914 We absolutely want to follow up right away. Please send us a DM with your email address so we can connect.,Fri Oct 13 01:27:18 +0000 2017,
2344035,"Order a $23 uber, wake up to a $98 charge and a day of arguing about it with no refund...see ya @115873 DELETE! 😠",@677899 Here to help! Please send us a DM with your email address for further assist.,Sun Nov 26 16:47:11 +0000 2017,
1449704,"@115873 am tired of seeing ""New Car""instead of plate #! Plz require drivers to enter their plate numbers '- this is a security issue.",@456408 That's not ok! Send us a note at https://t.co/XzaYTzi0AO and our team will follow up right away.,Mon Oct 16 19:39:26 +0000 2017,
441967,Is it just me or @115873 does over charge ? Took a Ubergo ride in Bangalore for 5.4 KMs (21 Mins) and was charged 115 bucks . Can not fathom ?,"@198823 We're here to help! Send us a note here, https://t.co/1xM0TILvAI and so our team will assist.",Wed Oct 11 08:58:59 +0000 2017,
91594,"@Uber_Support I have raised an issue for a week now, but the issue is still unresolved, please look into it, my email ID to which my Uber account linked is __email__","@135863 Hello, Tushar. Our team has followed up with you via email regarding your concern. If you have further questions, please reply to the email thread and we'll be sure to follow up with you.",Thu Nov 30 15:07:31 +0000 2017,
142529,@Uber_Support I have. On the link you shared.,"@148163 Thanks for following up, Hemal. A member of our team is reviewing your inquiry and will be following up as soon as possible.",Mon Nov 20 10:33:15 +0000 2017,
1270406,Hello i want to change my password as i am unable to log into my account @115873,"@417439 We apologize for the trouble! Send us a note here, https://t.co/Md7v036OoC, and our team will be in touch.",Thu Oct 26 14:06:01 +0000 2017,
2483775,"Hey @115877 this is super dumb, There’s literally 1000s is people one block out #kitchenerON https://t.co/CphaMqk1iU",@709586 Check out https://t.co/bl5B9dVLvX to learn more about the availability of UberEats.,Sun Oct 29 23:47:10 +0000 2017,
658104,@Uber_Support Still heard nothing...,"@276678 So sorry for the delay here, Amanda. We have notified the appropriate team and they will be following up as soon as possible regarding this. Thanks for your patience!",Wed Nov 22 23:01:25 +0000 2017,
939448,@Uber_Support Uber when I send you an email in response I get is so generic that you just don’t give a damn. The bottom line is you affect your customer and your driver.,@342691 Sorry to hear about that! Please confirm your email address or phone number so we can further assist.,Sat Nov 25 16:31:18 +0000 2017,
672140,"@115873 during my recent trip to Bangkok, i was being told that Uber had the most rated for it services, thus i booked it once i reached Airport to my Hotel's location which is in Pratunam. But i had an unhappy service!",@280360 So sorry about that! Send us your email address so we can connect right away.,Thu Nov 23 09:00:57 +0000 2017,
863032,"@115873 Good morning, I need to know update status on my request to be a driver for you. I completed the app and hasn't gotten an email back.",@324939 Happy to follow up! Contact us via https://t.co/tv4psVy8sr so we can connect.,Fri Oct 13 14:55:58 +0000 2017,
530121,"@115873 refund me, fire your driver",@118817 Hi there! Please reach out to https://t.co/zUe0djo9gv and fill out the 4 boxes at the bottom so we can get in touch.,Sat Dec 02 09:24:36 +0000 2017,
2170213,"I'm going to tweet @115877 until someone answers why our driver wouldn't come to our door, or call, or text or send a carrier pigeon?",@636643 We're sorry to hear this was your experience. Contact us via https://t.co/hVMgTsth35 and we'll be in touch.,Thu Nov 09 03:05:00 +0000 2017,
1010582,@Uber_Support I would like a list of my past 3 months ride in excel sheet. Could you guys provide that please. Or let me know how to reach u,"@359134 Happy to assist, Puneet! You can get trip receipts by going here: https://t.co/A57VTLKukp. Hope this helps.",Sat Oct 14 12:19:09 +0000 2017,
554110,Arrived in Tel Aviv today and so far 2-for-2 on cab rides where the driver was watching TV while driving. Is this why they banned @115873?,"@249286 Hi there, we're here to help! Send us a note here via https://t.co/IeSxT5cVHC so we can help.",Sat Dec 02 20:06:32 +0000 2017,
2890012,@115873 Hey are y’all gonna be rolling out December ride passes in Boston? Pls let me get one. Thanks!,@587561 Here to help! Please send us a DM (direct messages) with your email address and more info regarding your concern so we can assist.,Tue Nov 28 14:13:38 +0000 2017,
410119,@115873 is starting to finessing the shit outta me. Complained about wrong fare charges and refund for some nasty food and all I got was some customer service bs 😤uber fix up!,@212823 We've responded via DM!,Mon Oct 09 23:08:15 +0000 2017,
1241163,@Uber_Support Your team is blaming me for not reaching out earlier and your app does not have an option for me to cancel,@206345 We have located your support inquiry and a member of our team will be in contact with you shortly. We appreciate your patience.,Wed Oct 25 22:32:12 +0000 2017,
547176,@Uber_Support Thanks for quick reply. Have already gone through that link and didn’t resolve my issue. Need an alternative please,@247273 Appreciate you letting us know. Please follow up with us via DM with the email address you used to contact our support team. We'll be happy to get a second set of eyes on this. https://t.co/sd7yH5jmbJ,Sat Dec 02 17:35:32 +0000 2017,
1442476,It’s sad when you get too big and don’t think customer service matters anymore. Thanks @115873 @Uber_Support,"@454703 That doesn't sound right, Mari. Send us a DM with your email address with additional details so we can assist you.",Thu Nov 02 12:04:04 +0000 2017,
1180762,@115873 thanks for making me paying cancellation fees because YOUR app was not working @Uber_Support I really don’t want to use Uber anymore,@397705 We're sorry to hear about the trouble! Can you please contact us via https://t.co/h840Iouehc so our team can connect.,Tue Oct 24 22:05:50 +0000 2017,
1531416,Do not use @115877 to get @McDonalds @120984 unless you want to waste time &amp; money use @153233 @421483 and avoid @115873 as well,"@153232 We're currently reviewing this situation, and we'll be in touch with you via in-app messaging shortly.",Fri Nov 03 20:17:54 +0000 2017,
723359,@Uber_Support Sent - please remedy immediately.,"@293218 Here to help, Jesse. A member of our team has followed up via DM.",Wed Oct 11 03:55:35 +0000 2017,
1732676,"@Uber_Support im very angry, just been charged twice after receiving my UberEATS!!!!!",@523378 Sorry to hear about that! Please send us a note via https://t.co/oF5UNQq43Y so we can connect.,Tue Nov 07 12:42:35 +0000 2017,
2573988,"@Uber_Support Someone finally answered the phone, said it was a network error and cancelled the order. Couldn't confirm if the error was with the restaurant or with Ubereats. I asked if I could try ordering from a different restaurant and they said to wait an hour before trying.","@729930 Hi, Adam. We're always striving to improve the UberEATS experience and appreciate you letting us know about this. Please go ahead and try ordering from a different restaurant at your discretion. If you experience further issues, please let us know.",Thu Nov 16 20:42:33 +0000 2017,
2135837,@Uber_Support I️ dmd you about being locked out of my account,@628345 Hi there! Sorry for the delay. Our team is currently reviewing your email and will follow up shortly. We appreciate your patience!,Wed Nov 08 20:39:33 +0000 2017,
367538,@115873 incrediblely dissatisfied with u guys rn😡 my driver never showed wouldn’t answer after I spoke w them I was stranded and still charged,@203062 Sorry for the trouble! Send us a note via https://t.co/e8HVorX5rh so we can connect.,Sun Oct 08 20:37:03 +0000 2017,
485452,@115873 why does it seem like every time a car almost hits me while I'm biking on a bike lane its almost always an Uber driver? Maybe some safe driving tips for your drivers so I dont have to live in fear for my life? #PSA #Brooklyn @22403,"@230493 Hi there, we're here to help! Can you send us a DM with your email address so we can connect?",Fri Dec 01 15:25:08 +0000 2017,
2959286,"@115873 Something has to be done about riders requesting with small children without a seat. It's a waste of time and potential fares for drivers. We dont get compensated. Put something in the app that lets them know, ""No car seat, no ride""","@437780 We appreciate your feedback, we'll be sure to escalate this to our team.",Wed Nov 29 20:10:13 +0000 2017,
490737,I’m so confused about how every @115877 order I’ve placed in Atlanta has missing food items.....,@231894 We're sorry to hear this was your experience. Kindly contact us via https://t.co/zMP5mivenV and we'll be in touch.,Fri Dec 01 16:37:03 +0000 2017,
1384860,@Uber_Support what's the way to reach out to Uber support in India via email or call?,@442257 We're always here to help! Simply click on the 'Help' button in the app to contact us.,Sat Oct 28 08:47:07 +0000 2017,
1095237,"@Uber_Support Yeah. I get that. But if you can provide receipts into smaller, and easier to screenshot form,that would be useful.","@378455 Thanks for the feedback, Yen! Stay tuned for changes as we continue to update our platform.",Mon Oct 23 18:13:10 +0000 2017,
109127,"@Uber_Support hey that's awesome, so then i followed back up with the proof that you were wrong, but now your silent, sup with that dawg? https://t.co/mhhDYST9Cq",@140223 We've received your DM and a member of our team has reached out. Please review your messages for our response.,Thu Nov 23 19:55:21 +0000 2017,
1670392,@Uber_Support @Uber_Support You guys need to get off your high horse and have a support hotline like any reputable company.,"@508501 We're here to help - DM us with additional details, along with your account email so our team can follow up with you.",Tue Oct 17 13:03:39 +0000 2017,
613208,Hey @Uber_Support why was my @115873 $53 dollars and my friends was $22 dollars for the same journey? What gives? https://t.co/xg72nadLu6,"@265816 Here to help. For more info regarding your concern, please visit: https://t.co/QFYyrh6eew",Mon Nov 20 21:47:41 +0000 2017,
973758,"angry with @115873 Wth should I be charged RM5 4 cancelling when the driver agreed to pick me up, says he's arriving but is @ ShahAlam nt ss15","@350926 We're here to help! Send us a note here, https://t.co/e8HVorX5rh and so our team will assist.",Sat Oct 14 06:48:53 +0000 2017,
1579208,I should be able to cancel an @115873 for free if it takes the driver 15 minutes when it said t would be 3,"@486305 Hi there, we're here to help! Please send us a note here; https://t.co/593jusCquh so our team can assist.",Sat Nov 04 19:12:02 +0000 2017,
2774463,@Uber_Support Just sent a note,@775388 We see your outreach and a member of our team will be following up via email as soon as possible. We appreciate your patience.,Tue Nov 21 15:13:02 +0000 2017,
2051614,@115877 your app isn't working an a girl is hungry,"@606728 So sorry for the trouble, Nayeli! Our team is aware of the issue, and we're working to get back up and running as quickly as possible.",Thu Oct 05 19:16:41 +0000 2017,
235553,@115877 I was totally astounded by your service but not anymore. I ordered in BLR but it says looking for a delivery person since 40 mins. https://t.co/uZlb6Iu1nC,"@172102 Hi Ravi, did you receive your order? Please DM us your email address on your account if we can be of additional follow up.",Thu Oct 05 10:04:49 +0000 2017,
1308880,@Uber_Support this sucks. https://t.co/ka92BrRXIY,"@161885 We apologize for the trouble! Send us a note here, https://t.co/u3MyknJaaN, and our team will be in touch.",Sat Nov 25 20:43:54 +0000 2017,
2663247,@115873 Have been charged more than double on a trip. Trying to get a refund since last 4 days. No response.,"@750535 We're here to help, Nikhil! Send us a DM with your email address and more details so we can follow up.",Tue Oct 31 07:05:43 +0000 2017,
1341905,"@115873 @Uber_Support @115873 improve your system and fix your crap! Being into digital taxi business , but u guys are only good at sexual harassment!","@219239 Happy to help, Sourabh! Please reach out to https://t.co/zUe0dj6yoX and fill out the 4 boxes at the bottom so we can get in touch.",Thu Oct 26 08:19:14 +0000 2017,
452061,@Uber_Support Your service in Buenos Aries is an absolute joke!!! 3 cancellations to get to La Recoleta Cemetery from Plaza Italia because they want the high fares!!! I will be boycotting @115873 in BA and Aus if this continues. Not happy!!!,@222221 Here to help! Send us a note via https://t.co/e8HVorX5rh so we can assist.,Thu Nov 30 21:31:10 +0000 2017,
1849515,"@Uber_Support I'm still stuck...I signed in and out multiple times and have responded to the messages on the app, as well as the corresponding emails",@117868 We responded via DM! Check your inbox for our message.,Wed Oct 18 22:20:16 +0000 2017,
416768,@Uber_Support You need a phone number,"@214427 Hey Melissa, please DM us the email associated with your account so we can look into this for you.",Tue Oct 10 06:05:08 +0000 2017,
1252246,@115873 your driver Sagar who drives wagon r with phone number +91 7400 334 629 denied the trip.,"@413754 Sorry for the trouble! Send us a note here, https://t.co/iOszeeHZhQ, and our team will be in touch.",Thu Oct 26 05:17:30 +0000 2017,
2572666,I tried to give my driver 5 stars and the app would only let me give him two stars how can I change the rating? @Uber_Support,"@729629 Here to help! For more info about how to change the rating of your driver, please click here: https://t.co/M1RhRwgiRE",Mon Oct 30 17:22:17 +0000 2017,
2893901,@Uber_Support I'm in a car now. Having trouble applying a credit. Can you help?,"@220403 Hi there, we're here to help! Send us a note here; https://t.co/yqIhbGRNqi so we can help.",Tue Nov 28 15:41:08 +0000 2017,
753620,@Uber_Support already done that but the answer is not found.. gave the details of the incident but couldnt get the drivers no. Need you to check your logs,@300116 Please send us a DM with your Uber account email address and phone number so we can follow up.,Fri Oct 13 17:09:29 +0000 2017,
1673461,"@Uber_Support your service is becoming much irritating every day, when search it shows 5min away, but mostly got distant most 20min away wtf",@509222 Sorry to hear about the trouble - please check out https://t.co/1SlEvwxA6C for additional assistance.,Tue Oct 17 13:13:09 +0000 2017,
1884062,@Uber_Support - I am trying to place advance Ubereats 10/23 lunch order from Aroy Thai to Ag Library in Beltsville - not working!,"@562176 We're sorry to hear you're having trouble with this, Beverly. Sign in and visit us at https://t.co/uqkboJBiJd so we can take a closer look.",Sun Oct 22 23:02:45 +0000 2017,
2950077,"@116288 @119983 @Uber_Support It had been a really long time waiting for a response, Previously I was told that I will be contacted soon but got no reply, can uber give me any details for my ticket #35186. They don't even reply to the police officers (see images) https://t.co/LqhiwJvSgN","@814706 Hi, Gaurav! Here to help. Kindly send us your email address so our team can follow-up.",Wed Nov 29 17:10:49 +0000 2017,
1178160,@30734 I’ve had so many glitches trying to travel around Indianapolis for work travel that can’t be captured in your in-app feedback,@397091 We're so sorry to hear about the trouble! Send us a note via https://t.co/u3MyknJaaN so we can follow up.,Tue Oct 24 21:15:37 +0000 2017,
378204,@Uber_Support Your team members replying to emails never read emails. They paste in what I think I'm asking based on keywords.,@205743 Can you DM us your email address associated with your Uber account so we can follow up? https://t.co/sd7yH5jmbJ,Mon Oct 09 19:01:27 +0000 2017,
1768335,"@Uber_Support The email I received did not solve my problem, I replied to the email sent to me and it said undeliverable. Why is it so hard to get ahold of Uber for help! This is ridiculous!",@509425 Happy to help! Send us a DM with your email address and our team will follow up.,Tue Nov 07 22:35:46 +0000 2017,
2964645,"@115873 kindly reset my uber account associated with mobile no : 9420287682, 756949856 and email id : __email__","@817957 Hi, we're sorry to hear about the trouble you're facing. Due to the nature of the issue at hand, it is important that we're able to assist off the social platform. Please keep an eye on your email inbox for our outreach. Thank you for your patience and understanding.",Wed Nov 29 21:53:43 +0000 2017,
2706934,Then the stupid ass @115873 app is talking about be ready outside 3 drivers and 45 min later I'm still fucking outside!!!!,@434953 We're here to help. We just sent you a DM.,Sun Nov 19 23:13:34 +0000 2017,
2342686,@115873 Can you guys explain why I haven’t received an email back? 🤦🏽‍♀️,@677593 We're here to help! Send us a DM with your email address and more details so we can follow up.,Mon Nov 13 14:57:00 +0000 2017,
2739553,@Uber_Support I received the receipt but I need an invoice for expense purposes. The wrong profile was used but the correct card was used.,@767555 Here to help! Please visit this link: https://t.co/cOrJDzxTIb for more information.,Mon Nov 20 17:21:29 +0000 2017,
1650283,#ubereats really getting here 50 min after initial scheduled delivery time. If something wasn’t available you probably shouldn’t have waited 30 min (when it should’ve arrived) to let me know,@504072 We can definitely take a closer look! Please send us a DM of the email address connected to your account so we can further assist.,Sun Nov 05 23:11:48 +0000 2017,
1546436,Your @115873 will be here in 10 minutes. As I watch her complete a previous trip for over 20 minutes!!! Almost 30.,@391364 Here to help! Send us a note here; https://t.co/e8HVorX5rh and our team will be able to assist!,Sat Nov 04 06:43:14 +0000 2017,
1457200,When there’s a major surge with @115873 in your area and you’re not getting a ride request.... https://t.co/gZcSH0Exjm,@458226 Here to help! Send us a note via https://t.co/u5mholiN1M so our team can connect.,Sat Oct 28 20:33:29 +0000 2017,
2540412,@Uber_Support How much time you need for such small issue? Its like you guys have blocked me using Uber from yesterday 😣,@722394 Thanks for reaching out. We definitely understand your concern and we apologize for any inconvenience this may have caused. Our team is reviewing your report and will be reaching out as soon as we get the chance.,Fri Nov 17 06:17:48 +0000 2017,
2421534,@Uber_Support when soon?!? Feel it's not fair that your technical glitch prevented me from placing an order when i had it in the basket!!,@695563 We're so sorry you didn’t get your free Original Glazed Dozen box. We experienced a technical issue. Stay tuned for more fun promotions soon!,Tue Nov 14 18:00:44 +0000 2017,
2206478,@Uber_Support I know where the availability is but can you guys work on increasing it by 50 meters,"@645144 We hear ya! We're working on expanding our coverage daily, stay tuned for exciting new developments! If you have any further questions or concerns please don't hesitate to reach out.",Thu Nov 09 23:20:54 +0000 2017,
2269761,"@Uber_Support I’ve logged it and on my app, I haven’t paid it yet I emptied my ac so that only the quoted amount was in there as I could see what he was doing, I’m happy to pay the quoted amount not above. As a single female late at night this was was Scarey",@660460 We're here to help! Send us a DM with your email address so we can connect.,Sat Nov 11 09:53:04 +0000 2017,
2597980,"@115873 and @115879 As someone who is considering being a driver in the future, is there going to be any support you might be able to hint at @115858 Carplay or @122609 Auto?",@735544 Happy to help! Please reach out to https://t.co/jjOMGmmMC9 so we can get in touch.,Fri Nov 17 04:42:41 +0000 2017,
1039570,@Uber_Support left my cell phone in Uber and can’t log in to app because two-step verification. Driver isn’t picking up when I call. Advice?,@365946 So sorry about that! Send us a note via https://t.co/oY5vj3NqP3 so our team can help.,Sun Oct 22 21:33:56 +0000 2017,
1854590,"@Uber_Support still no feedback or resolution. sent details again via email, as asked. no response.",@520098 Our team has responded back to you via the in-app help section and via your email address associated with your Uber account.,Sun Oct 29 21:01:31 +0000 2017,
2713159,@Uber_Support : I have travelled with uber mote. Destination was within reach. It shown ₹10 before ride... Driver took the long route and It has charged ₹37... Please look into the matter... I have also registered complaint on UBER app but no response...,@761679 Here to help! Please send us a DM with your email address with details so we can follow up.,Sat Nov 18 05:55:25 +0000 2017,
1921034,@115873 let me know how this went on for 5 straight minutes and then your driver went down the wrong side of the highway? Trash https://t.co/4BSlipqJsV,@446027 This is definitely not okay! Please DM us the email and phone number linked to your account so we can help. https://t.co/sd7yH5AX3h,Thu Oct 26 22:54:14 +0000 2017,
967360,"@115873 cancelled the request, got the same car that apparently STILL HASN'T MOVED and isn't picking up the phone",@349445 Here to help! Send us a note here; https://t.co/FDTXFthjTD and our team will be able to assist!,Sat Oct 14 04:47:30 +0000 2017,
727150,@Uber_Support i left my phone in car cant get drivers number,@294179 We've followed up via DM so please check your inbox.,Wed Oct 11 02:44:46 +0000 2017,
1721756,@115873 tried to set up an account - failed. Apparently my postcode is invalid! Does anyone have a direct phone number for them???,@521015 So sorry for the trouble! Please contact us via https://t.co/2GUj1y6rFA so our team can connect.,Tue Nov 07 08:00:46 +0000 2017,
2786510,@Uber_Support any green light/activation centers in Louisville where I can get my vehicle inspected for free?,@777955 Happy to help. You can find more information here; https://t.co/OVgNid1wOE to help you have your vehicle inspection based in your city.,Tue Nov 21 18:53:49 +0000 2017,
102129,@Uber_Support So I do need an account....,@138388 Hey there! You can send us your question here https://t.co/zUe0dj6yoX without an account. We look forward to hearing from you soon.,Thu Nov 30 22:17:15 +0000 2017,
2208036,@115873 @Uber_Support stop cheating your customers with offers you don't provide. You charge almost ₹100 more than the offer you brag about.,"@645515 Sorry for the trouble! Send us a note here, https://t.co/051afusMxw, and our team will be in touch.",Fri Nov 10 01:08:01 +0000 2017,
114555,I should get a full refund when a @115873 driver makes me car sick 🙃,@141471 Sorry to hear this was your experience! Please send us a note at https://t.co/fS660rQ8NQ so our team can connect right away.,Thu Nov 23 21:17:11 +0000 2017,
366204,"@Uber_Support I was supposed to get the benefit of promotion code till today but thanks to expired promo code, i couldn't Cheers to ola",@202742 We're here to help. We just sent you a DM.,Sun Oct 08 16:52:57 +0000 2017,
582174,@Uber_Support I can't be bothered please just get it together,@257226 Here to help! Send us a DM with your email address so we can connect.,Sun Dec 03 13:45:51 +0000 2017,
2390634,@148768 @115877 @115877 @148768 going donutty about this!! UberEats App crashed Donut work. Stupid. #timetoriot #falseadvertising,"@693606 We're working hard to sort a technical issue caused by high demand. Please doughnut worry, there will still be plenty of time to order. If you're not immediately connected, do try again.",Tue Nov 14 14:32:37 +0000 2017,
1500807,@Uber_Support downloaded Uber for the first time ever today and someone in Eastern Europe used my email to set up account. Help?!?!,@468437 Here to help! Contact us via https://t.co/mSBDsMUeID so we can connect.,Fri Nov 03 15:12:58 +0000 2017,
1655758,"man @115873 slick pissed me off B. how my ETA 4 minutes, but he took 10 mins bro. i could've bled to death by the time he got there.",@505282 Sorry for the trouble! Send us a note via https://t.co/e8HVorX5rh so we can connect right away.,Tue Oct 17 14:37:39 +0000 2017,
1358198,@435900 @115873 I’m going to in the morning. He could have caused a serious crash has Barry not noticed in time,@435368 We've received your DM and a member of our team has reached out. Please review your messages for our response.,Fri Oct 27 20:01:18 +0000 2017,
2722761,@Uber_Support Thanks. Done. How soon can you fix?,@763831 Happy to take a closer look. Please send us a DM with your email address so we can follow up.,Mon Nov 20 11:31:50 +0000 2017,
1036014,"Really @115873 @821 last night 55$ from airport,tonight send my in laws 95$,your “dynamic pricing” is a good enough answer. #bullshit",@365056 We can definitely take a closer look! Contact us here; https://t.co/051afusMxw so we can help.,Mon Oct 23 01:33:24 +0000 2017,
986902,"And, jk. No @115877 for my part of Louisville https://t.co/30G4y2rNfi",@353869 We're working hard to expand our service area. Stay tuned to our website for updates: https://t.co/Mf9vzZ0uru,Wed Oct 11 20:33:21 +0000 2017,
1055306,"Hi @Uber_Support, Is this vehicle (w/o @44639 plates, illegally soliciting street hails at @124202) registered to @115873? cc: @180657 https://t.co/oXMre7oZ8A","@257975 This sounds concerning, Henry. Visit us at https://t.co/sKZsBXPxp7 so we can give this issue the attention it deserves.",Mon Oct 23 02:01:50 +0000 2017,
411503,@115873 @115877 why do y’all keep charging me for trips/orders I haven’t taken/placed??? It’s getting annoying now,@213162 Sorry to hear about this! Send us a DM with your email address so we can connect.,Tue Oct 10 00:06:52 +0000 2017,
622764,Hello @Uber_Support @119983 I was overcharged for the attached trip. When I availed the trip the fare was displayed as Rs.85. Request you to please look into this. https://t.co/qtxJ6xF3pF,@267814 We can take a look! Send us a note via https://t.co/UrddKG8iSH so our team can get in touch.,Wed Nov 22 17:45:39 +0000 2017,
628088,"@115877 Please could you contact me asap. My restaurant would like to partner with you Bella Cosa: Italian Restaurant ,South Quays @268771",@268771 Here to help! You can head over this link: https://t.co/ZwVoSvDV1Z for more detailed info.,Wed Nov 22 14:56:40 +0000 2017,
2762157,@115873 @Uber_Support @772758 @7953,@772757 Here to help! Send us a note via https://t.co/rOtqyWzf0B and we'll be in touch.,Tue Nov 21 07:16:18 +0000 2017,
1944916,"@115873 drivers seem to hustle you by pouring water on their seat, taking a pic &amp; charging you $70 for a cleaning fee. FUCK YOU UBER!",@578154 We can definitely take another look for you. Please DM us your account email address so we can better assist.,Wed Oct 18 15:26:00 +0000 2017,
586330,"@115873 Hi I need a Uber luxury ride for 4 passenger in London next sunday, what Uber car is available?",@258456 Here to help! Please visit this link for more info; https://t.co/PIXECO5kEs.,Sun Dec 03 15:05:58 +0000 2017,
2414641,Hey @115877 @148768 ... Harrow is not showing up on the app ... come on guys get it together! https://t.co/RUSdJFKZf9,"@694066 We've been overwhelmed by demand! Supply is limited, but please keep trying.",Tue Nov 14 14:36:13 +0000 2017,
1778315,@115877 Really really https://t.co/0k8l72gXx7,@534307 Here to help! Please contact us via https://t.co/qLzKaGQcAg so we can follow up.,Sun Nov 26 05:55:59 +0000 2017,
755828,@115873 where is the driver profile picture?? How to recognise is this the professional driver or the fake? How to trust?? https://t.co/OsCmfBxh20,@300658 Here to help! Send us a note here; https://t.co/Nu9kkSE3jW and our team will be able to help.,Wed Oct 11 18:20:18 +0000 2017,
346076,@Uber_Support Done thank you.,"@198368 Here to help, Johnnie. A member of our team has followed up via DM.",Sun Oct 08 03:39:17 +0000 2017,
1384404,@115873 @Uber_Support Yes I canceled that shiz,"@442167 We can definitely take a closer look! Contact us here; https://t.co/JyzdtQmyxT, so we can help.",Sat Oct 28 08:12:53 +0000 2017,
302362,@115873 And fix your maps because I'm heading to a train station but your driver won't stop telling me that he doesn't know the way there,@188149 We're sorry to hear this was your experience. Contact us via https://t.co/fS660rQ8NQ and we'll be in touch.,Fri Oct 06 21:27:54 +0000 2017,
2679403,@115873 left my phone in one of your Uber’s SATURDAY NIGHT and they still have not contacted me. This is awful customer service.,@753915 That's not ok! Send us a DM with your email address so we can follow up right away.,Tue Oct 31 14:36:11 +0000 2017,
434712,@115873 I have tried everything to get my phone back from my uber and i have not received any sort of human interaction or useful help sooooo,@218274 Sorry for the delay. Can you send us a DM with your email address so we can connect?,Tue Oct 10 05:19:32 +0000 2017,
2495513,@115873 big shout out to you man! Ya always come thru,@712220 Here to help! Please send us a DM with your email address and more info regarding your concern so we can assist.,Mon Oct 30 01:06:33 +0000 2017,
1600742,@Uber_Support I sent my dateless by message ?,@219995 It seems a member of our team has reached out to you. Please check your email and follow up with them there.,Sun Nov 05 04:49:41 +0000 2017,
1742345,@115873 what’s wrong with your service in Boston?! Waiting for my ride for 15 minutes and I can’t cancel it?!,"@525574 Here to help! Send us a note here, https://t.co/e8HVorX5rh and our team will follow up.",Tue Oct 17 20:09:08 +0000 2017,
2103357,"@115877 clap ubereats my first ever order i had to cancel, the time kept going up, up and up it will be lunch time before breaky arrives",@621041 Here to help. Send us a note at https://t.co/aZ6KtysCDl so our team can connect.,Sat Nov 04 08:41:43 +0000 2017,
2770889,@115873 y’all must be smoking dick if you think I’m a pay $86 whole damn dollars for a 15 min ride which has NEVER in the history of UBER ever happened,@774589 We can look into it! Can you please contact us via https://t.co/1xM0TILvAI so our team can connect.,Tue Nov 21 12:56:35 +0000 2017,
2818790,"@Uber_Support Getting incorrect password when I try to sign into Uber on that form. That is the correct password that signed me into my iPhone, iPad, and Amazon Echo.",@155232 Here to help! Find out more info here https://t.co/gwTZoxpw04,Mon Nov 27 21:19:00 +0000 2017,
789798,@115873 my driver told me one price on the curb but another price ($20+ more once I was in the car) I did not request it through the app,@308347 Here to help! Send us a note via https://t.co/dInR3racif to assist you further.,Thu Oct 12 11:46:06 +0000 2017,
116054,@Uber_Support Could you clarify the policy on driver cancellations first? Otherwise there's little point in me engaging.,@141851 Hi there! Please visit; https://t.co/xJDefelBvd for more info. about cancellation.,Thu Nov 23 21:52:06 +0000 2017,
1590053,Can uber eats come to Blanchard or naw,@488904 Here to help! Please visit https://t.co/bl5B9dVLvX for more info!,Sat Nov 04 23:42:48 +0000 2017,
438080,@Uber_Support I called support 6 1/2 hours ago and was told it would be fixed “in a couple hours”,@219079 Hi Gail! We apologize for the trouble. We're currently reviewing your email and will connect right away.,Sat Nov 25 06:22:30 +0000 2017,
1173111,hey @115873 @119720 did you guys actually give my phone number to some alleged client of yours doing some sort of focus group?,@395921 Hi there! Please reach out to https://t.co/zUe0djo9gv and fill out the 4 boxes at the bottom so we can get in touch.,Tue Oct 24 20:07:49 +0000 2017,
1600161,@Uber_Support can I talk to you guys here? Thank you! :),@491343 Sorry to hear about the trouble! Please DM us for a follow-up.,Sun Nov 05 04:24:28 +0000 2017,
1712121,@Uber_Support unable to book rides. Says credit card problem. I use paytm only! Shall I take an @1143,@518596 Here to help! Please send us a note via https://t.co/xMxswVLBKT so our team can connect.,Tue Nov 07 01:57:23 +0000 2017,
884073,"Also, How do I dispute a charge with @115873?",@180801 Here to help! Send us a note here https://t.co/1xM0TILvAI so we can further assist.,Fri Oct 20 22:15:22 +0000 2017,
2458471,I’ve been having the same experiences with @115873 Cape Town 👇🏽 https://t.co/yBK4g3vOF3,@704111 Here to help! Connect with us through https://t.co/zUe0dj6yoX and we'll be in touch.,Wed Nov 15 05:47:15 +0000 2017,
1458125,"Changing a ride charge 4 days after you already completed the transaction and sent a receipt, and horrible customer service @Uber_Support",@458436 We apologize for the trouble! Send us a DM with your email address and we'll connect.,Thu Nov 02 20:39:24 +0000 2017,
2382975,@115877 every time there is some issue,@686964 Here are instructions for updating your account info: https://t.co/n3xLwM8eKI,Sun Oct 29 07:43:20 +0000 2017,
1283119,@119983 @115873 @116288 help,"@243539 We're here to help. Let us know if you have any specific questions, or visit our help site at https://t.co/9zsMJKZ2dB for more info.",Thu Oct 26 17:35:17 +0000 2017,
438166,@Uber_Support @115873 What is this complication in ur app.... not able to reset the password since last 48 hrs.. the otp doesn’t go through.. I think am done with Uber,"@219098 We're here to help! Send us a note here, https://t.co/Md7v036OoC and so our team will assist.",Sat Nov 25 06:05:30 +0000 2017,
1292170,@115873 why does it take an hour and a half and still no driver???.,"@422179 We're here to help! Send us a note here, https://t.co/e8HVorX5rh and our team will be in touch.",Thu Oct 26 20:42:58 +0000 2017,
2117949,@Uber_Support i can't rate my last trip,@624213 We're here to help! Please send us a note here; https://t.co/QDn91HzZV0 so our team can assist you with rating your last trip.,Wed Nov 08 14:27:02 +0000 2017,
1898259,@115877 I can't remember a single order I've placed that has come to my house complete or correct. Thanks guys!,@138475 We're disappointed to hear about this. Sign in and visit us at https://t.co/xLLG6cfrJA so we can get in touch directly about this.,Wed Oct 18 12:41:19 +0000 2017,
465999,Does @115877 do beer? Asking for a friend,@225868 You can see our hours and delivery area at https://t.co/P4mEOOIdr4,Fri Dec 01 04:26:02 +0000 2017,
2229886,@Uber_Support hi-- is it true that Uber drivers aren't allowed to drop off at arrival level of LAX even when LAX puts up a sign specifically directing dropoffs to arrival level?,@650757 Happy to help! Please reach out to https://t.co/zUe0dj6yoX and fill out the 4 boxes at the bottom so we can get in touch.,Fri Nov 10 14:46:22 +0000 2017,
577390,"@Uber_Support ironically, it's #IDPD","@255907 Hello, Rico. Our team has followed up with you via email regarding this matter. Our responses can be found both in-app via the Help tab and within the email address associated with your account. Please reply there directly and we will be sure to follow up with you.",Sun Dec 03 12:18:32 +0000 2017,
849387,@115873 why is there not a way to contact your customer service?,"@321820 At this moment, we don't offer phone support. Visit this link https://t.co/QDn91HzZV0 so our team can assist.",Fri Oct 20 15:56:25 +0000 2017,
2610801,@Uber_Support my uber account doesn’t let me book a ride,@466280 Here to help! Send us a note at https://t.co/xMxswVLBKT so our team can connect right away.,Fri Nov 17 11:33:53 +0000 2017,
2893848,"Hi @134365 / @Uber_Support, DM please?","@136852 Hi there! We're here to help. Let us know if you have any specific questions, or visit our help site at https://t.co/9zsMJKZ2dB for more info.",Tue Nov 28 15:38:00 +0000 2017,
316375,@Uber_Support I need solution within 2 days,@190618 We have received your response via in-app support and a member of our team will reply as soon as possible. Thanks!,Sat Oct 07 17:26:35 +0000 2017,
1533927,@Uber_Support That link doesn’t seem to go anywhere?,@475705 We're here to help! Send us a DM with your email address so we can connect.,Fri Nov 03 23:39:43 +0000 2017,
2420892,The heartbreak when you finally place an order for free #KrispyKreme then they cancel your order 😭😭 gimmie my doughnuts #UberEATS,"@695421 Hi, Kate. If you can’t get your free Original Glazed Dozen box, it probably means supply has ran out. Sorry.",Tue Nov 14 14:44:35 +0000 2017,
747857,"@Uber_Support please quit trying to act like your helping, I have dm'd you again, the link you sent is not the correct help.",@291362 We'll be following up via DM with more info.,Wed Oct 11 14:24:35 +0000 2017,
2897688,@Uber_Support Do something!!!!,@258100 We've been in touch via DM!,Sun Dec 03 20:31:18 +0000 2017,
710130,@115873 My ride was suppose to be 7.97 with my Uber credits. I was charged 12.97. I was unfairly over charged. Unfair &amp; disappointing,@168435 We see your DMs and will follow up there. Thanks!,Tue Oct 10 18:19:44 +0000 2017,
2145803,@115877 is a great idea until you actually order through them and they never pick up your food or deliver the wrong meal... every time,@630818 We're sorry to hear this. Can you please send us a DM with your email address so we can look into this?,Thu Nov 09 00:00:01 +0000 2017,
1076597,"@Uber_Support Horrible email support. The email i get is ""we are unable to find your trip"". How is this even possible. I gave you my email id and time","@374034 Our team has recently responded via email. Regarding your additional concerns, please reply to the thread. We appreciate your patience.",Tue Oct 24 12:26:05 +0000 2017,
2508850,@Uber_Support @115873 From pat 10 minutes Car has not moved a inch. Is this way you are maintaining SLA https://t.co/lqa5ILSYJX,@635029 Here to help! Send us a note here https://t.co/e8HVorX5rh and our team will be in touch.,Mon Oct 30 03:39:36 +0000 2017,
2806734,@115873 @Uber_Support @2780 @2006 got cheated from Uber india.Stop using Uber as they fool their customers by charging twice.,@782803 Happy to take a look! Send us a note via https://t.co/zJ6aIZinzb so our team can connect.,Wed Nov 22 03:34:48 +0000 2017,
2826857,@115877 Hi Team I'm unable to activate my account Please help Shiv Kumar Yadav Thank you.,@787402 Here to help. Send us a note at https://t.co/Md7v036OoC so our team can connect.,Mon Nov 27 10:26:05 +0000 2017,
1825942,"@115877 Your customer service is an absolute disgrace. Trying to tip driver, app malfunctioned and now just getting canned responses.",@548094 Please DM us the details of your concern &amp; your account email address so we can get another set of eyes on this. https://t.co/sd7yH5jmbJ,Tue Oct 17 02:07:13 +0000 2017,
2587468,@115873 I entered the wrong rating for my driver. I gave him accidentally one star but meant to give him four stars. How do I reverse it?,@733123 Simply follow the link to update your rating; https://t.co/LTaqoj7qdD,Mon Oct 30 17:25:58 +0000 2017,
1537667,@Uber_Support Scheduled Trip sucks and pick up needs to be well planned . Driver slept and we missed our train #Uber No support email ID,@476690 We're sorry to hear this was your experience. Contact us via https://t.co/fS660s7JFo and we'll be in touch.,Sat Nov 04 01:09:40 +0000 2017,
961644,@Uber_Support Woke up this morning and wrote out a full explanation of what happened in my Uber last night. Support was right on top of it! 👍🏼 https://t.co/e1Uq88jXNX,"@347919 Happy to help! If there's anything else you need don't hesitate to reach out to https://t.co/balq3Eyso6 or via the ""Help"" option in the app.",Sat Oct 14 17:00:14 +0000 2017,
380492,@115873 please is there a way to preload your Uber account?,@206244 Happy to take a closer look! Send us a DM with your email address with details so we can assist you.,Mon Oct 09 08:29:32 +0000 2017,
150112,@Uber_Support account disabled please help need to call a taxi later tonight,@138617 We're here to help! Please send us a note via https://t.co/Md7v036OoC so we can connect.,Fri Nov 24 14:57:10 +0000 2017,
1685471,@115873 Why Uber dont accept my @41305 creditcard as pay methode? 😤Why not? #Netherlands,@512102 Here to help! Send us a note at https://t.co/yqIhbGRNqi so our team can connect.,Tue Oct 17 16:37:02 +0000 2017,
314084,@115873 can I get a cancelation fee refunded? I was just watching this lady turn the wrong way over and over dropping off someone before me,@190985 We can definitely take a closer look! Contact us here; https://t.co/h840Iouehc so we can help.,Sat Oct 07 06:01:13 +0000 2017,
547164,@Uber_Support I have left my purse in a taxi and can not get in touch with the driver what do I do ?,@247270 Hi there! Please send us a note at https://t.co/oY5vj3NqP3 and we'll be happy to look into this for you.,Sat Dec 02 17:37:37 +0000 2017,
1230425,@Uber_Support how to connect facebook account to uber? to login using FB.,"@408584 Here to help! Follow up here; https://t.co/SjsQQ86EsQ, and our team will connect right away.",Wed Oct 25 20:38:04 +0000 2017,
2887703,"#19660 really bad experience delivery was over 25 mins late, all the food was cold @Uber_Support 😡😡😡😡","@121165 Happy to help! Send us a note here,https://t.co/OWBkgXcbMl, and our team will follow up.",Tue Nov 28 13:17:27 +0000 2017,
2431652,@Uber_Support why did my @148768 order get cancelled?,"@697943 We're so sorry you didn’t get your free Original Glazed Dozen box, Sarah. Demand was through the roof and stocks ran out! Stay tuned for more fun promotions soon!",Tue Nov 14 17:44:23 +0000 2017,
2589228,Bro I'm fr livid... THIS IS MY UBER DRIVER I KNEW FOR 20 MINUTES... I'm at work &amp; I have missed calls and voicemails WTF 🤢😭 https://t.co/2ysu02Z6s2,@733477 We absolutely want to follow up right away. Please send us a DM with your email address so we can connect.,Mon Oct 30 18:45:45 +0000 2017,
282903,@Uber_Support hi my names eduardo aragon email __email__ and I would like to sign up with the exchange. Please tell me what’s next,"@183404 Hey Eduardo, please reach out at https://t.co/H6WpfgDHzm and a member of our team will follow up with the details.",Fri Oct 06 12:17:22 +0000 2017,
1104466,Should I tip my uber eats driver or does that come out of the fee?,"@348328 Hey, Bailey. For more information please visit the following page https://t.co/zqswAfUkwJ.",Sun Oct 15 04:19:43 +0000 2017,
1426223,Is uber eats 24 hours ?,@451330 You can see our hours and delivery area at https://t.co/P4mEOOIdr4,Thu Nov 02 03:53:29 +0000 2017,
1619466,hey @115873 our 50+ year old driver just said he got a 14 year old pregnant and showed us his ex wives nudes. what the fuck,@496433 We're sorry to hear about your experience! Please contact us via https://t.co/z8NNR56eyf so we can follow up.,Sun Nov 05 16:15:39 +0000 2017,
1809278,@Uber_Support I just cancelled a trip and my credit card was charged. What do I do now?,@543546 Will you please DM us with your email address associated with your account and the details of the cancellation? We'll look into it.,Sat Oct 14 15:46:18 +0000 2017,
2141050,@115873 is there an email address or way to get an actual person? I left something in a different city and need help getting my driver money to ship it.,@629612 Here to help! Get in contact with your driver here: https://t.co/rOtqyWzf0B,Wed Nov 08 22:38:35 +0000 2017,
77664,@Uber_Support how do you go about suggesting @115877 in a new location?,@133305 We're working hard to expand our service area! Stay tuned to our website for updates: https://t.co/Mf9vzZ0uru,Thu Nov 30 12:03:04 +0000 2017,
1619468,@Uber_Support my account was deactivated and no one can explain me why or how I can't reactivate it. Can you help me?,@496434 Let's look into that! Send us a note at https://t.co/WbmljlOtLY so our team can assist you with this.,Sun Nov 05 16:14:43 +0000 2017,
713417,@115873 I don’t know what type of drivers and what type of GPS these drivers are using but they can’t find the location at all 😡😡😡😡,@290636 Here to help! Send us a note here; https://t.co/e8HVorX5rh and our team will be able to assist!,Tue Oct 10 19:45:42 +0000 2017,
1384256,Your driver went miles away and you are still charging me for it ? @Uber_Support @115873 https://t.co/u3Qyj1GnVe,@442138 Sorry to hear about that! Can you please contact us via https://t.co/593jusCquh so our team can connect.,Sat Nov 25 21:37:11 +0000 2017,
2818116,"@115877 @Uber_Support Never received my order last week and after contacted ""Help"" through the app I still haven't received a refund. Worse customer service experience thus far.",@785549 So sorry about that! Send us a DM with your email address so we can connect right away.,Mon Nov 27 04:42:58 +0000 2017,
1933620,@Uber_Support So apparently the driver waited for 7 mins before cancelling! This is wrong! I was outside also would he have not called me?!?,"@331206 Hey, Lois. We've followed up with you via DM.",Sun Oct 29 16:42:15 +0000 2017,
2784794,@Uber_Support where is my food at? It's says delivered but yet my coworker and I go hungry.,@777546 Here to help. Send us a note at https://t.co/nFTc4ODH3P so our team can connect.,Mon Nov 27 00:28:38 +0000 2017,
2154844,@Uber_Support Need help changing my email address on my account. How do I go about this?,@633090 Here to help! Simply follow the steps here to update your email address: https://t.co/ACn231rQL4,Thu Nov 09 01:41:18 +0000 2017,
104033,@115873 you are very welcome to get in touch with me before I rampage all over social media about my current experience.,@138927 Here to help! Please send us a DM with your email address with details so we can connect.,Thu Nov 30 18:12:11 +0000 2017,
810930,@115877 how can I contact you regarding an order of mine that keeps getting pushed back &amp; a incompetent store that keeps referring me to u,@313225 Oh no! Please DM us so we can connect further about this.,Sun Oct 08 06:53:42 +0000 2017,
2207781,@Uber_Support I use Uber with __email__ and phone number 9650077843 I hope I will get my stuff back.,@147043 So sorry about that! Send us a note via https://t.co/oY5vj3NqP3 so our team can help.,Fri Nov 10 06:28:17 +0000 2017,
2213415,Is chipotle on Uber eats,"@646868 Here to help! For more info regarding your concern, please visit; https://t.co/bl5B9dVLvX",Fri Nov 10 04:29:24 +0000 2017,
1404910,@119983 @116276 US uber experience is far superior.Why do they want double money for same trip https://t.co/b5I6GXIgVv,@446625 Happy to help! You can learn more about how to clear your outstanding payment here: https://t.co/76zx6Rm1i6,Sat Oct 28 18:02:20 +0000 2017,
973669,@115873 @1285 i m travelling from delhi to gurgaon and the cab driver has stopped the cab at cng station for refilling the gas https://t.co/BOFvZKS4oi,@350905 Here to help! Send us a note via https://t.co/DX2FSSIvsv and we'll be in touch.,Sun Oct 22 09:23:56 +0000 2017,
1289034,I don’t understand why @115873 @118524 @7954 won’t let me cancel my ride when it’s 8 minutes away &amp; switched drivers 2 times !!!!!!,@203900 That's definitely not okay! Please send us a note at https://t.co/u3MyknJaaN so our team can connect right away.,Thu Oct 26 19:40:15 +0000 2017,
1309123,@Uber_Support driver no 9769729713 how could driver abuse customer,@425934 That is absolutely not okay. Please send us a DM us the driver's name so we can take the appropriate action. We look forward to your reply.,Fri Oct 27 02:53:20 +0000 2017,
2716458,"@Uber_Support Kindly resolve my issue. ID - __email__ Trip date - 18th November 2017 (Rs 148) It's been over two days now. Waiting for your support team to ""get back to me""",@264350 We see your outreach and a member of our team will be following up via email as soon as possible. We appreciate your patience.,Mon Nov 20 06:22:48 +0000 2017,
1567647,This is the second time again i been charge and not being pick up $5 last night and $5 in cancellation fee this morning #NotHappy🙄👎@115873,@225713 Hi there! Please send us a note at https://t.co/QsI1vsvcif and we'll be happy to look into this for you.,Sat Nov 04 16:07:28 +0000 2017,
2477729,@Uber_Support @115873 Please go back to the $5.99 flat fare pass for all rides - this new pass is horrible.,@557458 We hear ya! Thanks for the feedback.,Wed Nov 15 14:05:47 +0000 2017,
2194211,I just love when I order a McDonalds meal through #UberEATS and they don't even give me my BURGER! JUST THE FRIES AND THE DRINK! and it takes 24 hours to get any help as well!,@608685 We apologize for the trouble! We're currently reviewing your email and will connect right away. We appreciate your patience!,Thu Nov 09 20:23:36 +0000 2017,
154543,@Uber_Support I m still waiting for your dm,"@151418 We see your support inquiries, Lohit. A member of our team will be in touch shortly via in-app support. Your patience is appreciated - all inquires are worked in order received. We apologize for any inconvenience this may cause.",Fri Nov 24 17:24:31 +0000 2017,
1295158,@115873 FYI I called and he didn't pick up my phone call TWICE and it happened to me several times already ..,@422774 Here to help! Please send us a note at https://t.co/lyqXfbVdYK and we'll be happy to look into this for you.,Fri Oct 27 20:52:21 +0000 2017,
2162693,"@115873 i dont know why uber is not solving my complaint rather than asking to share the detail of the trip several times? Do i need to bark several times like a dog to tell u my problem. Just look into attachment, how many times uber has asked me to share trip details? https://t.co/wUwzzLSNoB","@232337 Sorry to hear about the trouble, Syed! We have your response and will follow up with you soon. Thanks for your patience.",Thu Nov 09 06:21:40 +0000 2017,
50096,@Uber_Support Use👏🏾less 🙄 https://t.co/LprlFJIHWs,@127221 We've received your most recent in app support message and will be following up with you there.,Wed Nov 01 19:28:10 +0000 2017,
740473,@115873 My Uber India account has been disabled without citing any reason. It's been 2 weeks but no resolution by Uber India. Please help!,@297090 We're here to help! Please send us a DM with your email address so we can assist.,Wed Oct 11 13:40:06 +0000 2017,
2893916,@Uber_Support my phone has not pinged once for a pick up. Surging all over... But Uber was still kind enough to drop acceptance rate by 3pts. https://t.co/RPFmwzTm62,"@563927 Sorry to hear that, Nena. We suggest to uninstall and reinstall the app. This ensures you're using the latest version and resolves any known issues. Hope this helps!",Tue Nov 28 15:16:15 +0000 2017,
127173,"@Uber_Support @116276 @Uber_Support @115873 it’s been a full week of an entire nightmare dealing with your sorry excuse of a support team!! I have been redirected from one idiot to another, lied to by your machine-like support members who can do nothing but read off their script. FIX THIS! #shame","@144383 We've followed up within your Direct Messages, Talal.",Fri Nov 24 18:28:45 +0000 2017,
1132247,@Uber_Support #UberDrive #deleteuber,"@386807 After reviewing your account, we do show that someone in the appropriate team has responded back to you via the in-app help section.",Tue Oct 24 12:38:39 +0000 2017,
1733939,@Uber_Support please take strict action against him or I shall have to file complaint against Uber in consumer court!!! https://t.co/8MT1AotEGl,@523629 Here to help! Can you please send us a DM with your email address so we can follow up.,Tue Nov 07 13:06:24 +0000 2017,
60362,@Uber_Support This link had nothing to do with a ride pass,"@129807 Sorry about that, Amanda. Please go here https://t.co/3h8wdQ4EJK, to find out more info.",Wed Nov 01 20:04:15 +0000 2017,
2711935,@240056 @115873 yeah im in oklahoma and i dont wanna risk cancelling bc i know about the occasional cancel fee but i just wanna get home,"@277449 Hey, there! Sorry to hear about the trouble! Please DM us your account email so we can take a closer look into this.",Mon Nov 20 02:26:49 +0000 2017,
715562,@8081 heading there tomorrow from @144886. Is @115873 available in Rome and/or Florence?,"@125587 Hey there, Austin. Be sure to check out https://t.co/SukFkmf81I for more information about Uber in Italy.",Tue Oct 10 23:46:31 +0000 2017,
1347875,"@Uber_Support Is the manager of operations and logistics still open, seems like there's room for improvement","@434311 If there's an issue with an order we can look into, please let us know. DM the email address to your Uber account so we can connect.",Fri Oct 27 18:06:11 +0000 2017,
2291883,Still trying to figure out why my magherita flatbread from @90024 was super cold when arrived? Ordered via @115877 😔😕,@364462 Let's look further into this! Please reach out to us here: https://t.co/OWBkgXcbMl so we can follow up.,Thu Oct 19 18:43:20 +0000 2017,
2975027,@115873 I go to the same place from the same location everytime I get in one of your cars but every time it takes a different route are you ok cause like I really don’t think you are.,@820486 We can take a look! Send us a note via https://t.co/y4EDPcVZOI so our team can get in touch.,Thu Nov 30 02:38:26 +0000 2017,
1157485,@115873 I left my phone in an Uber and unable to log into the app on another phone. Auto required via mobile device!!! Help!,@392281 Here to help! Get in contact with your driver here; https://t.co/2lBRkEYOyB,Sun Oct 15 18:18:46 +0000 2017,
452065,Hello @115873 ! I just realized I have a 4.75 where I should have a full 5. This is because one driver never left feedback. It was a perfect trip to a different city so I don't know why feedback wasn't left. How do I get those extra 5 stars?,@222222 Sorry about the trouble! Please visit https://t.co/kWptmPiR2h.,Thu Nov 30 21:52:16 +0000 2017,
2339192,@115873 last Sunday a drunk uber driver crashed into me. The owner is unhelpful and I find it unacceptable that you say I should deal with him. All I want is his insurance to pay for the damages. Where's the support?,@676644 We take this very seriously. Please send us a DM with your email address so we can connect ASAP.,Sun Nov 12 16:57:04 +0000 2017,
2891179,DM @Uber_Support I am running a Windows phone and the Microsoft edge browser does not support the reset link page for my password. Any advic,"@801502 Send us a note here; https://t.co/bkUdpDezkY, and our team will be able to help!",Tue Nov 28 14:37:37 +0000 2017,
2445354,@Uber_Support I was just charged for a ride that left me . I was waiting in front of the address and he was on the other side of the street. I’m a VIP . He canceled the trip and I was charged . Someone else picked me up . Fix this ASAP. 😡,@232405 Here to help. Send us a note at https://t.co/e8HVorX5rh so our team can connect.,Wed Nov 15 00:34:52 +0000 2017,
2052600,@115873 please contact @12911 for his lost wallet !! Really appreciate!! Thanks :),"@607036 Due to our privacy policy, we will have to speak directly to the account holder. Please have them contact us https://t.co/rOtqyWzf0B",Thu Oct 05 23:25:10 +0000 2017,
2390586,@148768 @115877 not working! app had crashed,"@692653 We’re sorry to hear that, Justin. We have a bunch of people trying to order UberEATS right now. Please try and re-order again. If you would like us to look into it, send a note through the ""Help"" section in the UberEATS app. Let us know if you have any other questions or concerns",Tue Nov 14 14:13:00 +0000 2017,
2053900,And I’m done with @115877. My orders have been screwed up too often and their support sucks too hard. Back to @1165!,"@607444 We'd be glad to put additional eyes on your matter! Please DM us your email address on your account and further details, we'll follow up.",Fri Oct 06 04:28:58 +0000 2017,
518893,@Uber_Support You have my email and we've been going back and forth for 5 days with the worst customer service I've ever experienced. I'm a positive person and I have to say how you've handled this has been terrible. I've requested to speak to a manager.,"@239716 Hi, Tara. In order to get additional eyes on this matter to assist in resolving this for you, we'll need you to provide us with your email address on your account and details of the charge via DM. Thanks!",Sat Dec 02 03:09:21 +0000 2017,
2715246,"@Uber_Support ordered an uber to pick me up from the Dr., they went to the wrong address, tried to blame me when I gave them instructions, said they'd come to correct address on the phone &amp; then canceled the trip after I waited for ages. And now of course the fare has doubled. 😑","@762213 We can definitely take a closer look! Contact us here; https://t.co/593jusCquh , so we can help.",Mon Nov 20 04:59:43 +0000 2017,
2538207,@115873 PPPLEEEAASEEEE add a do not disturb button to journeys. Some people just wanna get in a taxi and get to the destination and don’t like talking to people or hearing drivers moan about traffic lights. Thankyou.,@721918 Hi there! Please reach out to https://t.co/zUe0dj6yoX and fill out the 4 boxes at the bottom so we can get in touch.,Thu Nov 16 09:24:54 +0000 2017,
129422,@Uber_Support So why sending me this email saying it is « disponible dès maintenant »? Getting my hopes up over here https://t.co/fabQKWduhU,@145153 We're working hard to expand our service area. Stay tuned to our website for updates: https://t.co/Mf9vzZ0uru,Fri Nov 24 05:48:17 +0000 2017,
714307,Green is the delivery zone... UGH @115877 https://t.co/fJ7kqn2qIz,@290872 We're working hard to expand our service area. Stay tuned to our website for updates: https://t.co/Mf9vzZ0uru.,Tue Oct 10 23:01:28 +0000 2017,
146882,@Uber_Support I’ve already done so on the trip help and the first link you sent. But I know I’m going to be bitterly disappointed and let down by you again. Having to cancel a trip because it’s out of the way is wat cabbies do and I feel disgusting for doing the same.,@148949 Hi there! We're sorry for the trouble! We're currently reviewing your email and will follow up shortly. We appreciate your patience!,Fri Nov 24 14:09:30 +0000 2017,
1625081,@115873 this driver is a liar and a cheat. https://t.co/DBLZVQEIch,"@497683 Happy to connect. Send us a note here; https://t.co/fS660rQ8NQ, and we'll be in touch!",Sun Nov 05 17:56:01 +0000 2017,
2756877,Hey @115873 your timing sucks. My fiancé requested a ride more than 30 minutes ago and your driver is just sitting there. Your app says he should be home in 14 minutes and yet your driver is 10 minutes away #badcustomerservice,@771561 Due to our privacy policy we're not able to address these concerns over social. Please have the account holder (or the person you're writing in for) contact us at https://t.co/u3MyknJaaN so we can assist them further. Please let us know if you have any other questions.,Tue Nov 21 02:48:53 +0000 2017,
2746271,Update we got lost in the cemetery again thanks @115873,@769048 We're sorry to hear this was your experience. Contact us via https://t.co/y4EDPcVZOI and we'll be in touch.,Mon Nov 20 22:14:16 +0000 2017,
2839249,"@Uber_Support Still nothing! It’s been nearly 48 hours, this really isn’t good customer service.","@790136 We're reading through all of your correspondences, one at a time to ensure we haven't missed anything. Writing in multiple times can cause a delay in response time as there is more to investigate and research. We appreciate your patience.",Mon Nov 27 20:46:55 +0000 2017,
1308889,@115873 @115877 Again I need to ask...why can’t you extend the service area to cover Lake Las Vegas? You already pretty much come out here. I could go down the road and put an order in from a parking lot. https://t.co/xS7XHDhCTI,@425880 We're working hard to expand our service area! Stay tuned to our website for updates: https://t.co/4e5PTO1SCo,Sat Nov 25 20:40:10 +0000 2017,
2622835,@Uber_Support Driver didn't let me enter the car because I had a luggage bag. Wonderful treatment,@199093 Sorry to hear about that! Can you please contact us via https://t.co/fS660rQ8NQ so our team can connect?,Fri Nov 17 16:18:38 +0000 2017,
622736,Hey @Uber_Support ! Can you tell me why your network is down? Tried everything to get it working including restarting and reinstalling. https://t.co/q6Def5rFYg,@267807 Happy to help! Please reach out to https://t.co/zUe0dj6yoX and fill out the 4 boxes at the bottom so we can get in touch.,Sat Nov 25 06:45:29 +0000 2017,
2089322,"@Uber_Support @Uber_Support @115873 I have raised complaint multiple tyms...But no one responded till now...I suggest Uber to rent navgntn, pymnt mode nd custmr service from OLA...",@617615 We're here to help. Send us a DM with your email address so we can assist.,Thu Nov 09 04:53:17 +0000 2017,
1879833,"@Uber_Support hi, I’m waiting for a response to an issue I reported on the app with a driver. How long should I expect until I get response?","@561070 Hello, Mark. Our support inquiries are answered in the order they are received. We apologize for any delays. Questions? Let us know.",Sat Oct 21 13:01:54 +0000 2017,
2407277,.@115877 dddooowwwnnn boys,"@692291 We've been overwhelmed by demand! Please try uninstalling and reinstalling the app. Supply is limited, but please keep trying.",Tue Nov 14 14:04:54 +0000 2017,
145304,@Uber_Support check dm.,@148939 We're here to help! Please send us a note via https://t.co/xMxswVLBKT so we can connect.,Fri Nov 24 13:51:24 +0000 2017,
1861596,@Uber_Support It's... __email__,@556388 For your privacy we'd recommend connecting with us in DM and deleting any personal details you may have posted. https://t.co/sd7yH5jmbJ,Thu Oct 19 17:50:00 +0000 2017,
2729236,@Uber_Support i was billed twice for same trip. please help me process the refund @115873,"@444184 Send us a note here; https://t.co/1xM0TILvAI, and our team will be able to help!",Mon Nov 20 14:39:27 +0000 2017,
571303,@Uber_Support why should I be charged a fee of ksh150 after I requested for a ride and when I told the driver of my end location he hang up and refused to pickup over three phone calls I made to him. I'm very disappointed,@254190 Here to help! Send us a note here https://t.co/8D3Rjazbir so we can further assist.,Sun Dec 03 04:08:58 +0000 2017,
65982,@Uber_Support ive dm-ed you but no response,@131096 We've followed up via DM so please check your inbox.,Thu Nov 30 05:08:28 +0000 2017,
471633,@Uber_Support I was charged twice for something when I ordered from UberEATS. I sent you guys an email but you don’t respond. RIDICULOUS,@227304 We're here to help! Send us a DM with your email address and more details so we can follow up.,Fri Dec 01 08:35:32 +0000 2017,
1251355,"@Uber_Support Our trip last night was a distance of 4.59km, 10 minutes, that usually costs R50-R60. I've been charged for 122km, an hour?! https://t.co/jrIGqoNB8z",@413564 Here to help! Our team is reviewing your email and will be in touch. We appreciate your patience!,Thu Oct 26 04:13:09 +0000 2017,
1312573,@Uber_Support Dear Sir its my humble request to shut down your chandigarh office and go sleep.cancel my 10 ride bcoz of short distance🙏,@426699 We're here to help! Send us a note via https://t.co/593jusCquh so our team can connect.,Fri Oct 27 05:19:17 +0000 2017,
2476314,@115873 @Uber_Support how are you going to charge me a $5 cancellation fee when my driver has been 10 minutes away for 10 minutes now? Causing me to be late too work.,@707871 We're here to help! Please send us a note via https://t.co/JyzdtQmyxT so we can connect.,Wed Nov 15 14:05:19 +0000 2017,
2960577,@Uber_Support A customer gave me the wrong address and the correct address ended up being 30 minutes away so my total driving was 12 miles and I only got paid $4 for it that's not fair I feel like I should be paid what you get paid for if you drive 12 miles,@487431 We're currently reviewing your email and will be in touch shortly. We appreciate your patience!,Wed Nov 29 20:44:27 +0000 2017,
1717697,@Uber_Support It ain’t even an expensive item like a phone it’s a £13 tshirt but it’s sentimental so 😭,@520118 We're sorry to hear about the trouble you're having. Send us a DM with your email address so we can follow up.,Tue Nov 07 00:11:48 +0000 2017,
962755,@Uber_Support Just sent my email. I’m scared there is going to be an accident,"@348458 Hi, Jen. Please send us a DM with the details of your concern so we can further assist.",Fri Oct 13 23:42:38 +0000 2017,
265094,@Uber_Support Hi. I’m trying to order food and every time I go to place order it ask me for my # but then says “error.” How do I fix this?,@179159 We've replied to your DM. Please check your inbox for a follow up.,Thu Oct 05 23:16:24 +0000 2017,
2732974,@Uber_Support my account says it is on the waiting list.,@766058 Happy to follow up! Contact us via https://t.co/tv4psVy8sr so we can connect.,Mon Nov 20 16:16:17 +0000 2017,
2972042,"@115873 Hi! I'm pretty disappointed with the customer service I've been getting from you. I'm a loyal uber user, I take at least two rides a day, and had the Miami pass activated for automatic renewal, now all of the sudden I don't have my pass. even though I had turned ON.",@236075 We're here to help! Send us a DM with your email address so we can follow up.,Thu Nov 30 00:55:11 +0000 2017,
2942651,@Uber_Support Maybe you guys should put out that accounts have been hacked. Bet I’m not the only one,@812987 We apologize for the trouble! Send us a DM with your email address and we'll connect.,Wed Nov 29 14:17:09 +0000 2017,
2926774,"So I travelled in @115873 @Uber_Support from Delhi airport terminal 3 to Delhi airport terminal 3 , I never noticed that the terminal is 430 KM LONG ! #UberSucks #Uber https://t.co/vcilYJqOJJ",@809758 Here to help! Send us a note at https://t.co/XijNMfvSmO so we can help.,Wed Nov 29 04:25:08 +0000 2017,
928286,@115873 along with @115877 you should deliver alcohol !!!,"@340255 This mostly depends on local regulations, Hasso. We're always adding more options to our menu though. Stay tuned!",Fri Oct 13 20:15:52 +0000 2017,
889656,I would do anything in the world for @115877 to be in Huntsville,"@331212 Hi, Blair! We're working hard to expand our service area. Stay tuned to our website for updates: https://t.co/Mf9vzZ0uru.",Fri Oct 20 23:14:03 +0000 2017,
536114,@115873 @Uber_Support Was very surprised to find out you did not call my driver until 2 full days after I reported my items lost to you. #uber #ubersupport,@244208 Simply visit; https://t.co/T9QCqACqox and our team will be able to assist!,Sat Dec 02 13:03:40 +0000 2017,
691441,@Uber_Support Please check it is updated there and clear it,@285220 Sorry for the trouble! Can you please send us a DM so we can connect?,Sat Nov 04 01:21:57 +0000 2017,
859835,"This is a joke @115873 you’ve cancelled my ride 3 times. It’s 1am you shouldn’t do this, my ride is now 12 minutes away... what",@324146 Here to help. Send us a note at https://t.co/e8HVorX5rh so our team can connect.,Fri Oct 13 14:17:15 +0000 2017,
2915170,".@115873 I ask for an Uber, it doesn't get my location correctly. I physically type in the address, it recognizes the address yet shows somewhere totally different on the map. I couldn't attend a meeting and lost about $20 as a result. GIVE ME MY MONEY BACK!",@806941 We're so sorry for the trouble. Send us a note via https://t.co/e8HVorX5rh so we can assist.,Tue Nov 28 23:01:19 +0000 2017,
79330,@Uber_Support @115873 7814326401 account mobile number,"@133607 Happy to help! Send us a note here, https://t.co/oEOANqFpjc, and our team will follow up.",Thu Nov 30 12:34:23 +0000 2017,
1459898,V. curious to me how I don't buy ride passes ONE time and I no longer have the option ever @Uber_Support this is unfair. I need answers.,@458861 It seems a member of our team has reached out to you. Please check your email and follow up with them there.,Thu Nov 02 20:59:41 +0000 2017,
685840,E.g. I am looking at an @115873 driver wanting to pick up a ride while I am waiting to get assigned to somebody and I cant get in.,@283720 Here to help! Please send us a note via https://t.co/xMxswVLBKT so we can connect.,Thu Nov 23 12:52:59 +0000 2017,
2896656,@Uber_Support Uber I have been trying to get into my account. It would be nice if there was a phone number that drivers could call to get some help. #frustrated,@802615 We can take a look! Send us a note via https://t.co/z2GegSP1EC so our team can get in touch.,Tue Nov 28 16:42:05 +0000 2017,
1210764,@Uber_Support Your customer service is appalling - I have been lied to and am now being completely ignored when using the complaints system,@404199 We're here to help! Send us a DM with your email address so we can connect.,Wed Oct 25 11:12:05 +0000 2017,
532732,"hi, @uber_support i am getting mails and reports meant for somebody else. please let me know how to fix this",@243408 Here to help! Send us a DM with your email address with more info so we can assist.,Sat Dec 02 10:53:04 +0000 2017,
1947988,@Uber_Support My wife’s phone was left in an Uber. When we try to sign into her Uber account it send code to lost phone. Please help ASAP,"@578802 Due to our privacy policy, we will have to speak directly to the account holder. Please have the account holder to DM us her email address.",Mon Oct 30 13:40:49 +0000 2017,
2410851,How can you do me dirty like this @115877 you and @148768 played us with these false dreams 🤦🏾‍♂️🙄 https://t.co/fKUpwsfUtR,"@175277 Sorry for the trouble! We're working hard to get Krispy Kreme to as many people as possible, keep trying.",Tue Nov 14 14:34:23 +0000 2017,
2818820,Hey @115873 why is there still no uber pool in Pittsburgh? You are robbing kids blind who are just trying to get back to school charging them $100 one way tonight.,"@633096 We're expanding quickly, so stay tuned for any changes. You can keep up to date with our cities on https://t.co/cjJYm3C4rB.",Mon Nov 27 04:54:19 +0000 2017,
2094214,"@Uber_Support m not able to sign in with my mobile number 9599010713 in other android device, no mail id and password are generated before. Pl help to get same number with account","@618751 Here to help, Mudit! Send us a note here, https://t.co/Md7v036OoC, and our team will follow up.",Wed Nov 08 09:02:50 +0000 2017,
2152357,@Uber_Support One of your drivers went M.I.A. with my f*cking food!,"@632477 Here to help! Send us a note here, https://t.co/hVMgTsth35, and our team will follow up.",Thu Nov 09 01:13:39 +0000 2017,
648613,@115877 I ordered two VEGAN pizzas and this is what I get an hour late https://t.co/ApieJLRrZM,@274148 Hi there! We apologize for the trouble! We're currently reviewing your email and will connect right away.,Wed Nov 22 19:03:49 +0000 2017,
371172,@115873 Y da hell am I getting receipts 4 rides in Boston td on MY ACCT! Btr give me PH# 2 call 2 FIX ASAP b/c I'm n NJ NOT n BOSTON!,@203897 Here to help! Send us a note at https://t.co/kGIXas5Cxg so our team can connect .,Sun Oct 08 18:36:10 +0000 2017,
1732663,@Uber_Support Hey guys. Unfortunately I'm not getting anywhere with your bots in the app. They are copy/paste replies fro a different person each time.,"@350414 Here to help, Matthew. A member of our team has reached out via DM.",Tue Nov 07 12:35:57 +0000 2017,
2875306,"Hey @115873 fuck y’all think this is?! I’m literally paying $44 for a 4 minute ride, y’all acting like some real prostitutes. https://t.co/WdVtOGjCLo",@778350 We're here to help! Please send us a note via https://t.co/wW2bTlNcsR so we can connect.,Tue Nov 28 04:58:03 +0000 2017,
2829012,"@Uber_Support Already did more than an hour ago and waiting for an answer, I'd like this issue fixed urgently. I'd like to avoid having more fraudulent ride charged on my credit card.",@787839 Here to help! Send us a DM with your email address with more info so we can assist.,Mon Nov 27 12:11:49 +0000 2017,
2542383,@115873 seriously ridiculous my sisters alone at a train station waiting 15 minutes for an uber completing a trip on the other side of town? rad,@722815 Here to help! Send us a note at https://t.co/e8HVorX5rh so our team can connect right away.,Thu Nov 16 12:29:23 +0000 2017,
247293,@Uber_Support really shameful 3 times i tweeted ur not bothered to solve my query,@174754 Please connect with us at https://t.co/QsI1vsvcif and we'll be happy to look into this.,Thu Oct 05 15:06:36 +0000 2017,
965843,When your @115873 driver purposely goes to the wrong destination 🙄,@349206 We can take a look! Send us a note via https://t.co/y4EDPcVZOI so our team can get in touch.,Sat Oct 21 23:37:07 +0000 2017,
2703282,". @115877 is honestly a piece of crap. It won't send me verification texts, makes you go on the app just to put in new credit card info, and then rejects every card you put in. Wtf. I just want my food.",@759290 We're here to help! Please send us a note here; https://t.co/nNTmqKFfZd so our team can assist.,Sun Nov 19 21:38:59 +0000 2017,
1428000,@Uber_Support Your open support is not providing me the invoice.,@388171 We apologize for the trouble! We're currently reviewing your email and will connect right away.,Mon Nov 06 15:58:51 +0000 2017,
729579,@Uber_Support DM done 👍,"@294741 We just got back to you via DM, Rony.",Mon Nov 06 16:53:20 +0000 2017,
1393468,"@Uber_Support ASAP Call support needed in Pushkar, India!","@444079 At this moment, we don't offer phone support for these issues. Visit this link https://t.co/balq3Eyso6 so our team can assist.",Sat Oct 28 13:34:58 +0000 2017,
1288284,@115873 #uber in Bangalore has cancelled 6 times in the last 4 days without reason ! #Epicfail #findanotheroption,@399521 Sorry for the trouble! Send us a note via https://t.co/e8HVorX5rh so our team can get in touch.,Thu Oct 26 19:24:05 +0000 2017,
504245,@Uber_Support I checked my email and nothing is there....,@235558 Let's take a closer look! Send us a note via https://t.co/xMxswVLBKT so our team can follow up.,Fri Dec 01 20:26:23 +0000 2017,
1058977,"@Uber_Support This isn’t helpful. And it wasn’t the restaurant’s fault, it was y’all’s mistake.",@370021 Hello! Please follow the instructions on the previous link to get assistance on this asap.,Mon Oct 23 13:32:22 +0000 2017,
1173106,@Uber_Support I'm going to be charged for your drivers incompetence and attitude aren't I. Well I'm just pissed lol.,@395920 We're sorry to hear about your experience! Please contact us via https://t.co/z8NNR5nPpN so we can follow up.,Tue Oct 24 20:12:53 +0000 2017,
2390664,@148768 @115877 https://t.co/7WnuhuRgci,"@695413 Demand is very high today, but we'll try our best to get a some doughnuts your way soon.",Tue Nov 14 14:49:17 +0000 2017,
380063,@Uber_Support I think I left my daughter's school bag in my ride on Friday afternoon. Can you check for me please.,@206160 Happy to help. You can always connect with your driver by following the steps here: https://t.co/Sy2fWIhhC2.,Mon Oct 09 06:29:20 +0000 2017,
1582211,"Hey @115873 our driver has taken us off of our route for no reason twice, and almost caused two accidents. No stars. @487022",@412455 Here to help! Send us a note here; https://t.co/IeSxT5cVHC and our team will be able to help.,Sat Nov 04 20:05:39 +0000 2017,
2179845,@133311 @115873 PLEASE STOP TAKING MONEY OUT OF MY ACCOUNT FOR THE SAME TRIP!!,"@638802 We're here to help! Send us a note here, https://t.co/DceIRNI6kV and so our team will assist.",Thu Oct 19 12:28:08 +0000 2017,
2637014,"@115877 @116057 @1165 Your customer support person claimed they called me, I didn't pick up and the person waited outside 14 minutes. In fact, they called me, I did pick up, she said she would be outside in 2 minutes, I immediately went outside and waited 7 minutes, making my order 30 minutes late.","@742508 We're so sorry to hear about the trouble, Grace. We've noted your feedback - should you have additional concerns, please follow up via in-app support to streamline communication in one thread. We apologize for any inconvenience this may have caused.",Fri Nov 17 20:30:51 +0000 2017,
1645183,@Uber_Support one of your drivers is speeding excessively and tailgating the vehicle I'm in. Exhibiting signs of road rage. Not safe,@365027 So sorry about the trouble! Please send us a DM with your email address so we can connect.,Mon Nov 06 01:18:28 +0000 2017,
2806733,"@115873 @Uber_Support @2780 @2006 (in continuation of my previous comment) When I recharged my Paytm wallet after that ride 489 again got deducted this time from my Paytm wallet and when I raised a concern to Uber they said its my fault, my questio is why should I be paying twice to Uber, it your system fault.",@782803 We're here to help! Send us a DM with your email address so we can connect.,Wed Nov 22 03:41:50 +0000 2017,
1984914,@Uber_Support - my mom's account disabled. She didnt even use it yet. WHY WHY?,"@587521 Due to our privacy policy, we will have to speak directly to the account holder. Please have them contact us via https://t.co/balq3Eyso6",Thu Nov 02 01:54:26 +0000 2017,
2572145,@Uber_Support Where the hell is my chicken burger? Everything else was delivered but my burger...? https://t.co/qc1Na77R0P,@342207 We apologize for the trouble! Send us a DM with your email address and we'll connect.,Thu Nov 16 19:55:51 +0000 2017,
677044,"If an @115873 driver cancels on you, it’s okay but if you cancel on them you have to pay?",@281515 Here to help! Follow up here; https://t.co/h840Iouehc and our team will connect right away.,Thu Nov 23 05:58:00 +0000 2017,
231248,@Uber_Support Uber Cab Dvr Yadagiri (TS08UE0503) is behaving rudely in front of our apartment. May I get some immediate help Call 9985002776,"@171067 Here to help. Please send us a note here https://t.co/sKZsBXPxp7, and we'll reach back out ASAP.",Thu Oct 05 09:29:20 +0000 2017,
2226935,@Uber_Support Snap shot for your reference .after this incident I have stopped using Uber https://t.co/bcq4bvHkx5,@650047 Thanks for reaching out. Please send us a note at https://t.co/h840Iouehc and we'll be happy to look into this for you.,Fri Nov 10 09:41:18 +0000 2017,
908286,"Yo, @115877. Until you're available in my area, please stop sending me notifications asking me what I'm hungry for. I'm going insane.",@335698 Sorry about this. We're working hard to expand our service area. Stay tuned for updates.,Fri Oct 13 17:51:19 +0000 2017,
1537061,"@115873 you have taken money from me twice this week for cancellations after you told me there were no cars, how do I get it back?","@476552 Here to help! Send us a note here, https://t.co/h840Iouehc, and our team will follow up.",Sat Nov 04 00:41:45 +0000 2017,
1946069,@Uber_Support my mom has changed her mobile number and is unable to login... does she need to open a new account ?,"@118106 Due to our privacy policy, we will have to speak directly to the account holder. Please have them contact us via https://t.co/Md7v036OoC.",Mon Oct 30 09:56:59 +0000 2017,
1675613,@Uber_Support My account has been hacked and i have had 16 charges made on my credit card over 3 weeks. i can't talk to anyone - no phone no,@509775 Here to help! Send us a note at https://t.co/kGIXas5Cxg so our team can connect.,Mon Nov 06 14:13:42 +0000 2017,
277531,"@100758 fuck you bar soba. ""Under 30 mins"" order on @115877 and you wait nearly 15 mins then cancel my order. Great service",@182295 Sorry for the trouble! Please visit this link; https://t.co/BjBRiTu5jM. Please let us know if you have any other questions or concerns.,Mon Oct 30 19:50:50 +0000 2017,
1602202,@115873 your stupid ass driverer drove by me 3x never found me. And y'all charged me $5 go fuck yourself you fucking cunts,@491807 We're so sorry for the trouble. Send us a note via https://t.co/e8HVorX5rh so we can assist.,Sun Nov 05 06:24:34 +0000 2017,
2805282,@Uber_Support friend lost her phone in the car. No response from the driver or the app. This is pretty disgusting customer service.,"@782431 According to our privacy policy, we will have to speak directly to the account holder. Please have them contact us via https://t.co/rOtqyWhDC1 so our team can assist you!",Wed Nov 22 02:26:33 +0000 2017,
1095228,"@Uber_Support I need to change my name, neither the web or the app allow me to. Please assist.",@378452 Hi there! Please reach out to https://t.co/zUe0djo9gv and fill out the boxes at the bottom so we can get in touch.,Mon Oct 23 21:10:28 +0000 2017,
2052593,"But if all other drivers were just being kind, I don't want to report this guy w/o knowing he was in the wrong. https://t.co/FsvrpcO2Ut","@607004 You can coordinate with your driver on making extra stops. If your driver ended the trip too early, let us know at https://t.co/Lfmkvg4RDT.",Thu Oct 05 23:40:59 +0000 2017,
1145231,@Uber_Support How long does it usually take to get a response after I’ve submitted the note?,@389545 Happy to help! Our team is currently reviewing your email and will follow up directly.,Tue Oct 24 13:45:52 +0000 2017,
1088988,@115873 Hello @115873 and @144886. Nobody got back to me on this. Please let me know what's going on with the payment option with #amex points,@376895 Happy to help! Send us a DM with your email address and our team will follow up.,Mon Oct 23 18:53:29 +0000 2017,
573155,@Uber_Support i would like to know how my uber cost me ksh 5150 yet it had estimated ksh 1400 on requesting.. email __email__ https://t.co/V0k9d4NzZ6,@254698 Here to help. Send us a note at https://t.co/0qkrx8eiTk so our team can connect.,Sun Dec 03 05:49:44 +0000 2017,
2924033,"@Uber_Support Used Uber Rush for the first time tonight and got a $1,600 package stolen in NYC. Please DM will be calling police shortly",@809145 We want to follow up right away. Please send us a DM with your account email address and details and we'll connect.,Wed Nov 29 02:30:48 +0000 2017,
2837772,@Uber_Support Another @115873 booking another late driver,@789806 Let's take a closer look! Send us a DM with your email address so we can connect.,Mon Nov 27 17:12:10 +0000 2017,
1778560,This happening to anyone else? Don't know the number or anything but keep getting spam @115873 https://t.co/g1zVhnIx9j,@534380 Here to help. Send us a note at https://t.co/J1AzB6DDDr so our team can connect.,Wed Nov 08 00:45:54 +0000 2017,
1691579,@115873 I was charged for a whole trip on top of the $5 cancellation fee. Then it's impossible to get support through the ap. 😠,@513472 Here to help! Send us a note at https://t.co/Wavn5xnaeo so our team can connect.,Mon Nov 06 20:42:50 +0000 2017,
70634,I am disappointed by the poor service I received from #UberEatsSouthAfrica @115877 You charged me twice for a single order. #poorservice,@131839 Here to help! Send us a note via https://t.co/LxUyK8VN9J and we'll be in touch.,Thu Nov 30 09:32:09 +0000 2017,
1478425,@Uber_Support I got charged $27.82 from you all and I have no idea what it was from. I want my money back,"@463313 Here to help, Koriana. Send us a note at https://t.co/aJtaJUwNEK so our team can connect.",Thu Nov 02 23:36:13 +0000 2017,
1890691,Uber charged me for a ride I didn’t take yesterday. Run me my money @115873 @Uber_Support,"@563840 We're ready to look into this, Jemeka. Please send us a message with details here: https://t.co/biBCTHpjMe so we can follow up.",Sun Oct 22 14:12:03 +0000 2017,
249453,@Uber_Support @115873 my fare wasn’t split 3-ways even after I selected my 2 friends earlier today.,@175279 Here to help! Please send us a note at https://t.co/1xM0TILvAI and we'll be happy to look into this for you.,Sat Nov 25 02:48:16 +0000 2017,
2893891,"@115873 @Uber_Support If they return them at all, that is. My driver says he has my phone but is still not cooperating to return it...",@802038 Here to help! Can you please provide us your email address? From there we'll be able to assist further.,Tue Nov 28 15:32:54 +0000 2017,
1778281,@115873 Need assistance related to lost item in one of the previous rides. Pls help. Uber No - 9829222011 Already placed request in the hep section.. Pls respond,@534294 Thanks for reaching out to us about this. Please reach out to us directly using this link https://t.co/balq3Eyso6. We look forward to your reply.,Sun Nov 26 05:37:27 +0000 2017,
2933179,@115873 how can I get charged double what my quote was?,@811130 Here to help. Send us a note at https://t.co/zJ6aIZinzb so our team can connect.,Wed Nov 29 09:23:18 +0000 2017,
2323464,@Uber_Support This is the same request that is going on since Thursday #uber #CustomerService #CustomerExperience however DM u the details,@673195 We see your outreach and a member of our team will be following up via email as soon as possible. We appreciate your patience.,Mon Nov 13 18:11:32 +0000 2017,
600847,@Uber_Support I’ve already raised it but think every1 should know I’ll never use ur trash company again may contact the press if you don’t make it better,@262515 We're here to help! Send us a DM with your email address so we can assist.,Sun Dec 03 21:14:47 +0000 2017,
1580570,@Uber_Support uber driver’s terrible navigation just made me miss my flight. Who can I reach out to for help / full refund?,@486649 We're sorry to hear about your experience! Please contact us via https://t.co/z8NNR56eyf so we can follow up.,Sat Nov 04 19:35:18 +0000 2017,
957395,My @115873 driver is smoking a cigarette. Is that normal?,"@347162 Here to help! Send us a note here, https://t.co/fS660rQ8NQ, and our team will follow up.",Sat Oct 14 01:58:29 +0000 2017,
338662,Can’t report the incident because driver canceled the trip so I can’t select it to report # fixthat #accountability https://t.co/8S7kdqPR3V,@195279 We're so sorry about that! Can you please send us a DM with your email address so we can assist?,Sat Oct 07 22:52:21 +0000 2017,
2575399,Definitely canceling my @115873 account and going to @115879 . Yesterday was terrible.,@730295 Here to help! Connect with us through https://t.co/zUe0dj6yoX and we'll be in touch.,Thu Nov 16 21:02:47 +0000 2017,
2692920,@Uber_Support Even after them getting in touch yesterday it's still not working.,"@756936 We see that you've reached out directly to our support team via in-app, and we will continue communications there moving forward.",Sun Nov 19 17:26:05 +0000 2017,
661706,@115873 my account has been blocked. I need help,@277639 We'll be happy to take a closer look. Send us a note via https://t.co/BDlHSjUF9c so our team can connect.,Thu Nov 23 01:11:48 +0000 2017,
2122615,Our @115873 driver almost hit a motorcycle #JesusTakeTheWheel 😣,@625321 That's not ok! Send us a note at https://t.co/IeSxT5cVHC and our team will follow up right away.,Wed Nov 08 16:02:48 +0000 2017,
2821270,@Uber_Support Wow! Is this a chat bot?,@420618 Please confirm your email address or phone number through direct message for further assistance.,Mon Nov 27 10:37:59 +0000 2017,
2407121,"@115877 Was on the app at 2pm only to find the menu, and then the store, disappeared. How can I claim the @309149 doughnuts?","@692247 We’re sorry to hear that. Please try and re-order again. If you would like us to look into it, send a note through the ""Help"" section in the UberEATS app.",Tue Nov 14 14:06:15 +0000 2017,
1763413,@115877 When are you planning to start in entire Hyderabad #waiting,@530524 We're working hard to expand our service area! Stay tuned to our website for updates: https://t.co/Mf9vzZ0uru,Sat Nov 25 13:54:39 +0000 2017,
1106604,"@Uber_Support ""I cant find you but im not going to even try"" is not a valid reason, even worse after we wait 10+ mins for arrival and have to start over","@381162 If you notice your driver is having a hard time finding you, we suggest calling or texting the driver to coordinate pickup.",Sun Oct 15 15:42:02 +0000 2017,
2484354,Hugely disappointed @148768 &amp; @115877 yesterday after my order for promo donuts was accepted but declined at last minute. 😔 #nodonuts,"@709728 Sorry to hear we weren't able to get to you yesterday, Stephen. Demand was through the roof! We hope you'll stay tuned for more delicious promos to come.",Wed Nov 15 15:11:20 +0000 2017,
2094271,@Uber_Support you obviously didn't get it - I'm taking about the exact same changes description in the last 5 versions,@618762 Happy to further assist you! Please reach out to https://t.co/zUe0dj6yoX and fill out the 4 boxes at the bottom so we can get in touch.,Wed Nov 08 07:59:08 +0000 2017,
2246696,@Uber_Support @115873 i’m trying to connect my credit card with my account but it keeps saying “payment issue” please help,@654762 Happy to help! Find out more info here; https://t.co/YWcrRDAXHl,Sun Oct 29 05:13:33 +0000 2017,
993451,@Uber_Support hi I’m trying to recover my old account on new device. It’s not accepting the phone no. Help,@140232 We'll get you sorted out! Please drop us a note at https://t.co/qHlZSjDE9L and a member of our team will follow up.,Sun Oct 22 09:51:32 +0000 2017,
1252177,@Uber_Support I need my CFDi for all the trips I did in sept. Before I could download it all together. Now do I have to request one by one?,"@413731 Happy to follow up, Jonathan. Please send us a note to https://t.co/balq3Eyso6 so we can connect with you.",Sun Oct 15 23:51:12 +0000 2017,
2135822,@Uber_Support What’s going on? I️ can’t cash out. Been like this for three hours. https://t.co/spureqCGQ3,@628340 Hi there! Please visit; https://t.co/a21ovwU8ys for more info. Please let us know if you have any other questions or concerns.,Wed Nov 08 21:00:02 +0000 2017,
1458160,@Uber_Support im unable to login i havent recieved the code for the sign in,"@458442 Sorry for the trouble! Send us a note here, https://t.co/dwDjAokZht, and our team will be in touch.",Thu Nov 02 20:27:57 +0000 2017,
1911660,@Uber_Support @2006 FYI. That is where you are head quartered probably. Get a sense how your indian business is getting screwed for you had a USP( professionalism),"@569456 We certainly understand your concern here, Sheikh. We've reviewed your in-app support inquiry and confirmed our team provided you the appropriate resolution for this issue. Please refer to your in-app support inquiry to better understand why we are unable to adjust your fare.",Sun Nov 26 09:30:30 +0000 2017,
966150,@Uber_Support I went to my account and it says I’ve been charged the £4.00 cancellation fee? How is that right when he drove off?,@349293 Can you please send us a DM with the email on your account so we can take a look? We're happy to help.,Sun Oct 22 00:30:37 +0000 2017,
2337613,Ummmmmmmm is this happening? Is my uber driver asking me if I’m a prostitute while I’m wearing jeans and a Hoodie? Wtf is happening.,@676311 We take this very seriously. Please send us a DM with your email address so we can connect ASAP.,Fri Oct 20 05:24:14 +0000 2017,
1626378,@Uber_Support Been trying to order breakfast for 2 hours now. This is unacceptable. https://t.co/UYG7KLY1yf,@498016 Hi there! We're here to help. Can you please provide more details of what the specific issue is? From there we'll be able to assist further.,Sun Nov 05 17:56:10 +0000 2017,
2221405,@Uber_Support I kept my patience what are u planning it's been 2 days now how much more time .,"@648794 We've followed up within your Direct Messages, Akhil!",Mon Nov 20 13:47:29 +0000 2017,
492314,@uber_support https://t.co/sqMDACULmS,@232338 Thanks for providing this. We'll be reaching out via email with additional info. Keep an eye on your inbox and respond to our message there if you have any questions. Your patience is appreciated!,Fri Dec 01 16:38:40 +0000 2017,
1804314,@115877 will deliver cold deep fried food. Tell you to reheat it making lettuce and dressing gross and then only give you 1/2 back. Smh,@370290 We want to be able to look further into this! Please DM us the email address linked to your Uber account and more details so we can connect.,Fri Oct 13 17:01:39 +0000 2017,
2517244,@Uber_Support Thanks! 😎 I sent a DM about an hour ago. Hoping to get it inspected and submitted ASAP for minimal down time while I switch cars.,@717057 We've received your DM and a member of our team has reached out. Please review your messages for our response.,Thu Nov 16 01:47:43 +0000 2017,
2910854,"@Uber_Support £20 order and you want to give a £5 promo voucher? Is this a joke? After the abusive delivery driver, 30mins late and cold food? #notgoodenough 😡😡😡😡😡😡😡😡",@121165 Hello. We've checked into your concern and show a member of our team sent you a message via in-app support. Just navigate to the 'Help' section in the app - from there you can respond with additional concerns.,Tue Nov 28 22:36:18 +0000 2017,
259052,@Uber_Support Any issues for UberEATS in London ?,"@177598 If you're experiencing any issues, Louis, let us know in a DM so we can follow-up with you. Thanks!",Thu Oct 05 19:24:45 +0000 2017,
168951,@Uber_Support @116276 @115873 I have never wasted so much time with a support: they do not understand the issue (basic additions) and do not fix it - 4 days to exchange stupid message with a new agent on each - a nightmare .,"@144245 We've been in touch with additional information internally, Geji! Feel free to follow up there with further questions.",Fri Nov 24 19:39:48 +0000 2017,
2394222,@Uber_Support Completely the form. This is time sensitive and urgent that this gets resolved as Im getting on a plane. PLEASE HELP!,@689284 Here to help! Please send us a DM with your email address for further assist.,Sun Nov 26 17:58:52 +0000 2017,
1718765,@Uber_Support quote me $20 for a ride and charge me $99? Then Driver takes poor route? Need some help please.,"@367275 Happy to help, Scott! Please reach out to us here: https://t.co/DccMvyTZr9 to further assist.",Tue Oct 17 16:21:56 +0000 2017,
1168943,don’t even get a response from my customer support claim before I get accused of showing up to school intoxicated...bye @115873 @Uber_Support https://t.co/AwLyZTF5QC,@394964 Our team is reviewing your email now and will be in touch. We appreciate your patience!,Tue Oct 24 18:29:26 +0000 2017,
2846385,@Uber_Support I have a screenshot of the fee. This is really not right. You need to fix this ASAP or I will escalate.,@791677 We can definitely take a look! Can you please send us your email address through DM (direct messages) so we can connect?,Mon Nov 27 18:03:43 +0000 2017,
1462633,@uber_support \read the disputes for user charges more carefully! Getting canned responses showing NOTHING = poor customer service #uber,@459483 It seems a member of our team has reached out to you. Please check your email and follow up with them there.,Thu Nov 02 18:21:13 +0000 2017,
2752788,Would @115877 deliver me a pound of green grapes or am I on my own on this one?,"@770612 We deliver the food you want, from the restaurants you love, at Uber speed. Learn more at https://t.co/6rZp3XyWol",Tue Nov 21 01:13:59 +0000 2017,
76121,@Uber_Support Still waiting for your response.,@133033 Thank you for reaching out. A member of our team has followed up with you via email. From there you can reply with any further inquiries and questions you may have in regards to this concern. Please let us know if you have any additional questions or concerns.,Thu Nov 30 06:35:18 +0000 2017,
2219613,@Uber_Support I have spoken to someone via that link and it was not resolved I need to speak to someone directly,@648369 Here to help! Can you please provide us your email address? From there we'll be able to assist further.,Sun Nov 26 14:57:17 +0000 2017,
1544634,Hey @115877 you guys lost my food. You guys have upset 5 high colleges students. Shame,@478430 Here to help. Send us a note at https://t.co/nFTc4ODH3P so our team can connect.,Sat Nov 04 05:16:15 +0000 2017,
485450,So @115873 charges a #waittime fee even though I had to wait for my driver to drive around the block twice because he drove right past me 🤔 #givememymoneyback,@230492 Here to help. Kindly send a note at https://t.co/WJq5jsdLlf so we can connect,Fri Dec 01 15:24:01 +0000 2017,
2194237,"So either the driver saw my complaints and then scored me or @115873 is penalising me for them, but my score went down 0.03 overnight (it hasn’t gone down in ages) @Uber_Support",@642089 We're here to help! Send us a DM with your email address so we can connect.,Fri Nov 10 09:20:49 +0000 2017,
2079296,"@Uber_Support My account was hacked a while back and I'm having trouble getting it reinstated. I'm about to travel, can you please help?","@614951 We're here to help, Brian. Please DM us with the email and phone number linked to your Uber account, so we can connect about this matter.",Mon Oct 09 17:10:17 +0000 2017,
545919,@Uber_Support Still no email so you’re not that sorry,@246919 We can confirm your support inquiry was received. Our team responds to them in the order they are received and will be in touch as soon as possible. In an effort to keep any communication from being lost please be sure to follow up there.,Sat Dec 02 18:08:31 +0000 2017,
718607,@Uber_Support I can’t end trip. Says network error.,"@224031 Happy to help! Send us a note here, https://t.co/u3MyknJaaN, and our team will follow up.",Sat Nov 25 08:09:46 +0000 2017,
2575438,@115873 do y’all have a contact number I️m sick and tired of communicating to fucking robots and y’all giving me refunds in uber credits! I️ want my money back on my card!!!,"@131990 Hi there! At this moment, we don't offer phone support. We're sorry for any inconvenience. Please send us a DM with your email address so we can follow up.",Thu Nov 16 20:47:29 +0000 2017,
1778283,"@115873 the fact you have 0 contact ability to help someone when they are getting emails that their account’s password has been changed is ridiculous. Fake links and phone numbers that lead you to nowhere. Awful customer service, figure I️t out and help instead of hiding. https://t.co/4CTDYnIZjF",@406729 Here to help! Send us a note here: https://t.co/kGIXas5Cxg and our team will follow up.,Sun Nov 26 06:24:08 +0000 2017,
1681002,"@115873 I paid you 11k over 1.5 yrs.. I turned car in on time, cleaner than new. u come back 1 month later and say i owe you money-come get it",@505393 We do see you were able to write into our team. We'll be sure to follow up with you there. We appreciate your patience.,Mon Nov 06 15:56:14 +0000 2017,
1416087,The spoon that never got to eat the ice cream that was never delivered @115877 @Uber_Support https://t.co/Wjablp4E4i,@449099 Please send us a DM with your email address so we can follow up.,Thu Nov 02 02:13:37 +0000 2017,
1483050,@Uber_Support This is disgusting and stupidity to block a customer for no reasons.,@464377 Please reach back out to the support thread where we've already been in contact. We'll continue working with you there. Thanks!,Fri Nov 03 04:03:32 +0000 2017,
2572155,@115877 can u add the beverage on each menu for restaurant please,@729378 Hi there! Please reach out to https://t.co/zUe0dj6yoX and fill out the 4 boxes at the bottom so we can get in touch.,Thu Nov 16 19:50:18 +0000 2017,
2732987,"@Uber_Support I was supposed to receive a direct deposit for a referral bonus for last week, I called and spoke to a BPO they stated it was processed and should be there to call the bank bank says it not there! Help!",@136339 We're here to help! Send us a DM with your email address so we can connect.,Mon Nov 20 16:13:10 +0000 2017,
668582,Hey @239216 ordered a 12 piece chicken meal with you with @115877 and received 10 pieces 😭 lol WUT? Where my 🐔 at?,@279423 Here to help! Please send us a note via https://t.co/ZFaWy0Lkdu so our team can connect.,Thu Nov 23 04:22:37 +0000 2017,
1130622,@Uber_Support my account won't let me log in please help!!,"@386451 We're here to help! Send us a note here, https://t.co/Md7v036OoC and so our team will assist.",Tue Oct 24 10:44:53 +0000 2017,
2516116,@115873 wait times have gotten ridiculous.,@716765 We're here to help! Send us a DM with your email address and more details so we can follow up.,Wed Nov 15 23:27:08 +0000 2017,
769042,Poor service and awful drivers tonight @115873 6 request and all drivers called to refuse job as sitting in a queue for jobs in Gatwick. 30 drivers sitting around doing nothing. Great model!,@303631 Hi there! Please write in your concern to https://t.co/zUe0dj6yoX and fill out the 4 boxes at the bottom so we can get in touch.,Thu Nov 30 22:21:16 +0000 2017,
1145201,@Uber_Support No you didn't. There is nothing there.,"@389534 Hi, Anthony. We're going to reach out via DM!",Sun Oct 15 13:06:05 +0000 2017,
758516,@Uber_Support Was that going to be today they responded? Response times for in app help went from reasonable to obsurd. 8 hours,"@198498 Hey Elizabeth, our team has reached out so please check your partner app under the 'Help' section or email to see our response.",Wed Oct 11 23:56:29 +0000 2017,
2597208,"Too bad @115877 failed me tonight. 1st order was cancelled and the 2nd order was an utter failure. Hopefully it's better in the future, if I ever order from them again.",@735360 We're here to help. Can you please send us a DM with your email address so we can connect?,Fri Nov 17 04:13:22 +0000 2017,
2973905,@Uber_Support hello how can I request a refund?,@820185 Happy to follow up. Send us a note at https://t.co/OhfgxSAY58 so our team can connect.,Thu Nov 30 02:17:34 +0000 2017,
2477720,My @115873 driver this morning almost made me late for work! 😠 I kindly asked him to take the street with less traffic which he did at first and then decided to take another street 🤦🏾‍♀️ #NoTipForYou,@708193 Here to help! Send us a note via https://t.co/y4EDPcEoq8 so our team can connect.,Wed Nov 15 14:31:47 +0000 2017,
745183,@Uber_Support can someone actually help me,@298139 We've received your DM and will further assist there.,Wed Oct 11 14:04:37 +0000 2017,
1239207,@Uber_Support What sort of help is this... why don’t you guys confront people like how human beings do?,"@410670 Hi there! At this moment, we don't offer phone support for these issues. Visit this link; https://t.co/EGiaYE5JMU so our team can assist.",Wed Nov 01 18:57:33 +0000 2017,
1035157,@115877 did it again. They stole my food! The driver just leaves with it! What a horrible service.,@364861 We've followed up via DM!,Mon Oct 23 00:21:28 +0000 2017,
1047304,@Uber_Support Ok just did,@367542 We responded to your DM please follow up there.,Mon Oct 23 01:40:56 +0000 2017,
2133318,@Uber_Support Already did and I haven't received a reply.,@627696 Here to help! Send us a DM with your email address so we can connect.,Wed Nov 08 20:16:08 +0000 2017,
2229795,.@115873 how the hell do I remove #androidpay as a payment method? Seems impossible #help #uber,@119453 Happy to help! For more info visit https://t.co/paDlcZi0nv,Fri Nov 10 15:36:10 +0000 2017,
2970666,@Uber_Support do you have contact number to call?,@819396 We can take a look! Send us a note via https://t.co/dInR3racif so our team can get in touch.,Thu Nov 30 00:54:05 +0000 2017,
2477754,Uber driver is the fucking worst this morning. I should get my money back. Made me late for work. Smfh. @115873 I was supposed to be 20 mins early.,@708202 Here to help. Send us a note at https://t.co/fS660rQ8NQ so our team can connect.,Wed Nov 15 14:19:31 +0000 2017,
1073441,@115873 get it together in Chicago!!! I shouldn’t wait 30 minutes in the rain for a driver that I watch drive in circles &amp; be charged a fee?!?,@373290 Here to help. Send us a note at https://t.co/593jusCquh so our team can connect.,Sun Oct 15 00:07:18 +0000 2017,
1989392,@Uber_Support just sucks that drivers are not professional and i had to wait 50 minutes for a ride. Today was a test to go carless and it seems it's not going to work.,"@588748 Thanks for reaching back out to us about this, Delaine. We understand how frustrating this may be for you. However, please give our team some time to look into this and respond accordingly. Thank you for your patience while we work on this.",Tue Nov 21 01:47:21 +0000 2017,
1408261,@Uber_Support Yeah that doesn’t help - my credit isn’t appearing so you basically stole a fiver from me! Cheers,"@447323 Sorry to hear about the troubles, Chris. Please DM us the email address linked to your Uber account so we can look into this for you.",Sun Oct 29 10:16:50 +0000 2017,
645061,"@115877 definitely just gave your WCW’s food to someone else, who is currently thanking God for a blessing he didn’t give them. It’s me. I’m your WCW and I’m hungry🙂",@273102 Here to help! Send us a note via https://t.co/kOYvdOvyd0 so our team can connect.,Wed Nov 22 18:12:23 +0000 2017,
652704,"Attempted to order food through @115877 for the first time. Wow. Dreadful experience. Delivery not scheduled properly on app, Promo Code (sent to us in post) invalid, despite expiry being end of Dec. Culminated in cancelled (rather than edited) order by agent. Won't use again.","@275189 This doesn't sound right, Adam! Please DM us the email and phone number linked to your account so we can help. https://t.co/sd7yH5jmbJ",Sun Oct 15 17:29:33 +0000 2017,
409721,@Uber_Support He never picked me up but it says he’s in route as if I’m in the car,"@212704 We have reached out through your DM, please follow up.",Mon Oct 09 21:16:28 +0000 2017,
2455415,@115873 can I please get another ride pack for 2018.,@703391 Hi Jonathan! Here to help! Please visit here; https://t.co/3h8wdQ4EJK regarding your concern.,Wed Nov 15 03:16:09 +0000 2017,
1650442,@Uber_Support I have done it. I am looking forward to hear from you guys ASAP.,@504110 Our team is currently reviewing your email and will follow up. Thanks!,Mon Nov 06 06:29:24 +0000 2017,
2373529,"Hey @115873 first driver never shows up &amp; doesn't answer, the other one cancels the ride. Time passed, the price went up X3. I'm in the rain BTW 😡 So bus it is. https://t.co/b4Y5GPeg7s",@684739 So sorry for the trouble! Send us a note via https://t.co/e8HVorX5rh so our team can assist.,Tue Nov 14 01:17:01 +0000 2017,
980312,@Uber_Support Could you send me the link to check my screening I began yesterday? Thanks.,@352435 Thanks for following up. You can check your background check status at https://t.co/GGuLPuFgG4.,Sun Oct 22 02:43:52 +0000 2017,
707504,@Uber_Support Thanks I just DMed the information,@289142 We have received your DM and have followed up!,Wed Oct 11 00:02:11 +0000 2017,
1008574,@Uber_Support just got my Uber eats. Only the drink was correct. Help?,"@225414 Here to assist, Anthony! To best assist you, please tap the 'Help' button in your app. Our team will be happy to connect!",Sun Oct 22 16:11:05 +0000 2017,
1722948,"@Uber_Support And tell me some lame robotic excuse? or say it won't happen, guys this has happened, my earlier queries were dishonoured",@521259 We've responded to your DM.,Tue Nov 07 09:16:30 +0000 2017,
586334,"@Uber_Support Do you condone this kind of cretin like behaviour? Particularly, regarding a pick up from the airport? After sunset? For a solo female passenger?",@164241 Here to help! Send us a note at https://t.co/e8HVorX5rh so our team can connect.,Sun Dec 03 15:09:04 +0000 2017,
884077,@Uber_Support Haven’t gotten a message yet,"@322380 We've recent the message, please check your spam folder as well as your inbox.",Fri Oct 20 23:22:12 +0000 2017,
2281806,"@Uber_Support @115873 @119983 plz help, with below issue https://t.co/D3wZQof7nT",@663257 Here to help! Please send us a note via https://t.co/O1dsjntprg so our team can connect.,Sun Nov 26 15:43:12 +0000 2017,
1320424,"@428309 @Uber_Support No, they stole from me. I dont think they ever get back 2 u so I want 2 progress this via the Police. Heres no good as they cant solve it.","@427464 @428309 We're always here to help, Lindsey. Message us with some additional details of the issue you're encountering, and we can follow up!",Sun Aug 13 22:26:38 +0000 2017,
1931122,@Uber_Support you certainly make it hard for anyone trying to make a complaint. No support. Hidden fees. Bad service. #deleteapp,@441182 We can always review a request for you. Let's connect. DM the email address to your Uber account so we can connect. https://t.co/sd7yH5jmbJ,Sat Oct 28 15:00:05 +0000 2017,
2429557,Hey @115873... One of your drivers in a new silver Mercedes followed my friend in Hollywood last night. Possible plate number: 7ZHJ231. Please follow up. https://t.co/NbArA3jA8F,"@697486 We appreciate you bringing this to our attention, Michelle! Please have your friend reach out to us directly here: https://t.co/sKZsBXPxp7 so we can follow up with her immediately. If you have any additional questions or concerns, feel free to let us know.",Tue Nov 14 19:42:16 +0000 2017,
2450642,"@115877 Hi, my UberEats app keeps saying that it can’t deliver food to my address but it was working just fine a few days ago?",@702315 We're here to help! Can you send us a DM with your email address so we can connect?,Sun Oct 29 16:37:27 +0000 2017,
2592275,. @Uber_Support hey i think i left my glasses in a car and i cant get a hold of the driver and i need them 2 see SOS,@734155 Here to help! Send us a note at https://t.co/oY5vj3NqP3 so our team can connect right away.,Fri Nov 17 02:08:51 +0000 2017,
1340924,@Uber_Support I did. They won't answer my question for Like 5 days now. They blow people off then say resolved,"@198498 Hello, Elizabeth. We can confirm that our team has been following up with you via email regarding this matter.",Fri Oct 27 15:42:10 +0000 2017,
2663251,@119983 I raised somany complaints on my trips every time am reporting to solve getting irritated @115873,@192928 Here to help! Send us a DM with your email address with more info so we can assist.,Tue Oct 31 07:03:01 +0000 2017,
440188,@Uber_Support my app just called a car to an address I got an uber from two nights ago... Who can I contact to resolve this?,"@219471 Thanks for reaching out, Juliana. You can send us a note at https://t.co/Lfmkvg4RDT and we can give this a closer look.",Mon Oct 16 20:58:18 +0000 2017,
1136786,@115879 @115873 Designate in a note that I have a wheelchair. Instead I have to nervously wait to see if my driver will be able to accommodate,@387796 We're here to help! Please send us a note here; https://t.co/QDn91HzZV0 so our team can assist.,Sat Oct 28 17:36:00 +0000 2017,
1462187,"@115873 I’m gonna hit 2,000 rides with a 4.8⭐️ rating soon. Do I get a shout out, T-Shirt or a pat on the back for a job well done? #PositiveReinforcment",@459364 Here to help. Send us a note at https://t.co/c3gVUojbLL so our team can connect.,Sun Nov 26 01:21:50 +0000 2017,
577378,@135855 hey why am I not eligible for flat rates?!?!?,"@255904 Hey, Gary. For more information on ride passes please visit the following page https://t.co/vMKzBXlRcL.",Sun Dec 03 04:19:01 +0000 2017,
2760418,@Uber_Support help. One of your driver is harassing me and refuse to cancel the trip even though he didn't want to pick me up. https://t.co/0NHblsaPOI,@772368 We absolutely want to follow up right away. Please send us a DM with your email address so we can connect.,Tue Nov 21 04:58:12 +0000 2017,
897206,"@2780 one of the worse rides ever, my driver was driving recklessly and almost crashed numerous times, this is horrible service",@333057 Hey there! We've just followed up with you via DM.,Sat Oct 21 01:52:59 +0000 2017,
14875,"@115877 before he finally delivered my food, cold, of course, ffs",@119221 We're so sorry for the trouble. Send us a note via https://t.co/qLzKaGQcAg so we can assist.,Wed Nov 01 02:04:30 +0000 2017,
2605306,"@Uber_Support Hi, I'm having trouble logging into my account having downloaded the app to a new phone. I'm not receiving verification texts.",@737136 We're here to help! Contact us via https://t.co/dwDjAokZht and our team will assist.,Mon Oct 30 19:58:49 +0000 2017,
3811,"@Uber_Support help! My vehicle registration expires today. I paid my license dept last week but have not received it in the mail, to upload.","@116638 We're here to help! Send us a note here, https://t.co/tv4psVy8sr and our team will be in touch.",Tue Oct 31 22:27:09 +0000 2017,
1809021,@119983 @Uber_Support @115873 sir pls teach them how to talk with there customers. Talks to customers has if he is gvng a free service https://t.co/0fUiPi0e9x,"@543472 We're ready to look into this, Sadhna. Please send us a message with details of the trip here: https://t.co/biBCTHpjMe so we can follow up.",Sat Oct 14 15:02:58 +0000 2017,
1693877,"@Uber_Support last week I completed 1000 trips so you guys have me a promo code, but the code was expired, enclosed are screenshots",@514019 We're here to help. Can you please send us a DM (direct messages) of your email address so we can connect?,Mon Nov 06 18:40:36 +0000 2017,
157847,@Uber_Support look I have an event that I’m not allowed to be late! I need this issue to be solve in next couple of minutes! Please help,"@152273 Sorry to hear about the trouble, Petra. We'll follow up with your DM.",Fri Nov 24 17:47:14 +0000 2017,
1387804,the hell with outstanding ?! ur driver is the one cancel my request !! @115873 https://t.co/EY5Ylnq60U,@442906 We're here to help! Send us a note via https://t.co/OhfgxSAY58 so our team can connect.,Sat Oct 28 09:41:24 +0000 2017,
783035,@115877 your app won't send me the verification code to set up my account! Please help kcool,"@306908 We'd be happy to help, Erika. Please share details here; https://t.co/7noMs7ap6M, so we can get this sorted out. Thanks!",Sat Oct 07 20:30:10 +0000 2017,
2359056,@Uber_Support guys I'm trying to create a new account but seems like somebody else used to have an account with my new number. Can you assist?,@499550 Here to help! Send us a note at https://t.co/mSBDsMUeID so our team can connect.,Mon Nov 13 20:14:36 +0000 2017,
1368498,"@Uber_Support had a very, scary experience in an uber and cannot seem to rate the driver on my husbands app. Please contact me",@438530 We're here to help! Send us a direct message with your email address and more details so we can follow up.,Fri Oct 27 22:19:59 +0000 2017,
2593438,"@Uber_Support what does ""waitlisted"" mean?",@734445 Here to help! Contact us here; https://t.co/FF2YGTGjuA so we can take a closer look.,Fri Nov 17 02:07:00 +0000 2017,
1072307,@115873 really disappointed with your service: I reported a problem 2 weeks ago and still no solution. Can I have an answer please?,@373038 So sorry about that! Send us a DM with your email address so we can connect right away.,Sat Oct 14 23:50:42 +0000 2017,
1261941,@Uber_Support hi pls check ur dms i wanna go home ty,"@415600 We're here to help, Ellen! Send us a DM with your email address and more details so we can follow up.",Thu Oct 26 10:03:21 +0000 2017,
2134226,@115873 @Uber_Support you're charging me £5 because this guy accepted a job while driving AWAY from me? Wtf. I wanna cancel https://t.co/J4B8faJKFW,@133017 Here to help! Send us a note via https://t.co/h840Iouehc so our team can connect.,Wed Nov 08 17:17:22 +0000 2017,
1459016,"@115873 Wow @115873, your AI automatically assumes the driver is the rude one? Well, to be fair, he was rude first. But still, your AI is an asshole!",@458650 We can definitely take a closer look! Please send us a DM with your email address so we can follow up.,Thu Nov 02 20:58:56 +0000 2017,
142532,@Uber_Support e: __email__ m: +91 9619460353,@148163 Please send us specific details of your concern so we can better assist you.,Mon Nov 20 10:26:44 +0000 2017,
2130157,@Uber_Support delete this account if you guys can't solve problem without posting a not on your app🙏🏻🙏🏻,@626984 We apologize for the trouble! Send us a DM with your email address and we'll connect.,Wed Nov 08 19:38:31 +0000 2017,
1287107,Why would I tip @115877 when they charge me 6$ delivery and make me go pick it up at the ground floor when I put my 8th floor address?,@421054 Here to help! Please send us a note at https://t.co/hVMgTsth35 and we'll get this taken care of for you.,Fri Oct 27 23:48:41 +0000 2017,
2717496,@Uber_Support i booked it through the account of a relative and i dont have access to that account.,@762737 We're here to help! Send us a DM with your email address and more details so we can connect.,Mon Nov 20 07:05:51 +0000 2017,
486896,My @115873 driver is legit driving FORTY MPH in the LEFT LANE on the drive. We’re going to be ran off the road. https://t.co/cFK1hY9wLp,@230853 Here to help! Send us a note here; https://t.co/fS660rQ8NQ and our team will be able to help.,Fri Dec 01 15:43:18 +0000 2017,
1600764,I’m trying to order from @115877 my but order isn’t going through,@491481 We're here to help. Can you please send us a DM with your email address so we can connect?,Sun Nov 05 04:36:28 +0000 2017,
2975055,"@Uber_Support I ordered from Popeye's in Jersey City. The food is ready but no one to pick it up for 45+ minutes. On hold for 13 mins to find the status of my food. So even if I get my food, it will be ice cold and at best 90 mins old.",@820494 We're so sorry for the trouble. Send us a note via https://t.co/jP6giifgNM so we can assist.,Thu Nov 30 02:29:21 +0000 2017,
2590802,I don't really get how complaining about an incorrect food order via @115877 works. They have no number &amp; my order was cold and wrong. Complained when it arrived. Still no reply 5 hours later 🙄😒 No fresh food then?,"@733811 Sorry to hear about this order, Gemma. Make note that we have support directly in the app under the ""help"" tab as well as https://t.co/9zsMJKZ2dB. Please reach out in app or via this link so we can help: https://t.co/OWBkgXcbMl",Fri Nov 17 01:26:11 +0000 2017,
1663639,Does Uber Eats deliver coffee? Asking for a bunch of parents at a Halloween party.,"@507086 We deliver the food you want, from the restaurants you love, at Uber speed. Learn more at https://t.co/6rZp3XyWol",Sat Oct 28 22:21:00 +0000 2017,
2162671,Hey @Uber_Support my ride at LAX called me trying to get me to cancel and pay $5 fee. Now he won’t pick up his phone and hasn’t moved in 10 minutes.,"@635012 Happy to help! Send us a note here, https://t.co/e8HVorX5rh and our team will follow up.",Thu Nov 09 06:41:39 +0000 2017,
976776,Money that @115873 has charged me tonight: $25 Distance that an @115873 driver has driven me tonight: 0 feet,@351667 Here to help! Send us a note here https://t.co/oEOANqFpjc so we can further assist.,Sun Oct 22 04:37:13 +0000 2017,
1174035,I’ve had 3 @115873 drivers screw up my ride. I’ve been waiting for 30 minutes and have paid $15 in compensation fees. What about my time?,@396137 We're sorry to hear this was your experience. Contact us via https://t.co/h840IoLP8K and we'll be in touch.,Tue Oct 24 20:18:51 +0000 2017,
1678625,@115873 when are you going to tell your riders and drivers you don’t care about their safety? Basically NO insurance.,@510557 Hi there! Please reach out to https://t.co/zUe0dj6yoX and fill out the 4 boxes at the bottom so we can get in touch.,Mon Nov 06 15:11:23 +0000 2017,
2397340,@115873 @Uber_Support UPDATE YOUR FUCKING MAPS. There are housing complexes that been up for over a year now and STILL can’t be found on y’all trifling ass gps system,@268768 Sorry to hear you're having trouble with the Maps/GPS in your area. Thank you for your feedback. We attempt to collect updated mapping and GPS data as soon as it becomes available.,Tue Nov 14 11:04:49 +0000 2017,
306287,"@Uber_Support your service by one of your drivers was shocking, why charge me for the driver turning up and driving away without asking??",@189126 Please visit https://t.co/e8HVorX5rh and 'Sign in to get help' to send us a note. We'll be sure to follow up.,Fri Oct 06 22:34:21 +0000 2017,
2143551,@Uber_Support You were very unhelpful and we’ll be talking straight to the news and the police,@630215 Apologies for the delay! We've been in touch via DM. Please check your inbox for updates. Thanks.,Thu Nov 09 02:59:28 +0000 2017,
1098755,@Uber_Support I wish there was some FAIR policy about drivers who wasting passenger's time and cancelling on them last min.,@300491 We're sorry to hear this was your experience. Contact us via https://t.co/e8HVorX5rh and we'll be in touch.,Mon Oct 23 22:26:40 +0000 2017,
2731363,@Uber_Support I've been waiting 15 mins for my uber. It should have been here 10 mins ago. I've tried contacting the driver but he's not replying and you're charging to me cancel? Not very good customer service for wasting my time after a long flight!,@200465 Here to help. Send us a note at https://t.co/e8HVorX5rh so our team can connect.,Mon Nov 20 16:40:53 +0000 2017,
2520890,When he was “completing another trip” and still 6 mins away? Wtf @115873. I get a 2-min grace period in LA and the drivers don’t know where they’re going? That’s insanity. He just made an extra $5 on someone else’s trip. @Uber_Support https://t.co/DHLwZkcAUs,@718029 Here to help. Send us a note at https://t.co/e8HVorX5rh so our team can connect.,Thu Nov 16 01:29:23 +0000 2017,
486918,So my @115873 driver accidentally ended my trip early. Nowhere near where I'm going. And then suggested I request another trip to get him. Ummm no. You're gonna take me to where I was going. Your bad.,@230860 Here to help. Kindly send a note at https://t.co/fS660rQ8NQ so we can connect,Fri Dec 01 15:33:46 +0000 2017,
1489754,Oh my god I'm crying my Uber driver just hit a trash can,"@466011 We want to get in touch, Paige. Can you please send us a DM with your account email address? https://t.co/sd7yH5jmbJ",Mon Oct 16 18:49:35 +0000 2017,
2368094,@Uber_Support can't log into the app as driver w/ my newly added vehicle. please assist!,"@683460 Sorry to hear about this, Jose! Please send us a note here: https://t.co/KzEt33o5OK so we can connect.",Mon Nov 13 22:55:17 +0000 2017,
847277,@Uber_Support still waiting for a response,@321383 We've sent you a DM.,Fri Oct 20 14:26:06 +0000 2017,
1208812,"@115873 the WORST and most terribe app I have used. The drivers can cancelled anytime, but when you do, they charge you, so stupid!",@403800 We're here to help! Please send us a note via https://t.co/QsI1vsvcif so we can assist.,Wed Oct 25 10:22:35 +0000 2017,
19720,@Uber_Support Can you please check the DM,@362446 We're here to help! Send us a DM with your email address so we can connect.,Mon Oct 30 17:45:01 +0000 2017,
1768344,"@Uber_Support I contacted the support team last week, I got a totally useless reply and would like someone from management to contact me","@376896 We just followed up via your in-app support, Garry. Please check your messages in the ""Help"" section of your app for further assistance.",Tue Nov 07 21:34:15 +0000 2017,
1118124,"@Uber_Support I have got a 4.8+ rating but it seems it doesnot matter, because there is no preferrential treatment to loyal and good customers","@145908 If you have any additional questions or concerns, please feel free to reach out to us via DM using the following link. https://t.co/sd7yH5jmbJ",Fri Nov 17 14:37:37 +0000 2017,
2323316,"@Uber_Support @Uber_Support why the commuters to bear a loss due to the driver's cancelling the trip. Due to the driver's cancelling the trip, I had to pay more charges. Please reply on the recourse.",@673158 Here to help! Please send us a note via https://t.co/h840Iouehc so our team can connect.,Mon Nov 13 04:02:57 +0000 2017,
2575407,@Uber_Support You sent me that i have 10 eur off in my next ride. My ride was 11.30 and you charged me the whole amount! this is very inconvenient!,@730297 Here to help! Send us a note via https://t.co/lqVgKnNopt so our team can connect.,Thu Nov 16 20:57:43 +0000 2017,
686939,@Uber_Support Hello. Need Uber Pakistan helpline. Thanks.,"@284033 Here to help! Follow up here; https://t.co/SjsQQ8ofRq, and our team will connect right away.",Thu Nov 23 13:48:21 +0000 2017,
2721849,"@Uber_Support why no response from support team, waiting from 4hrs.",@117869 Happy to take a closer look! Send us a DM with your email so we can connect.,Mon Nov 20 09:55:09 +0000 2017,
1346780,@Uber_Support We have and sadly no help is being offered. The last time we will use Uber. It’s a shame that people get ripped off. £65 is ridiculous,@434058 We apologize for the trouble! Send us a DM with your email address and we'll connect.,Fri Oct 27 17:41:23 +0000 2017,
45617,"@Uber_Support only one trip from today, two payments from today...explain @115873 @Uber_Support https://t.co/SyBtBIB69o",@125620 We can always look into this extra charge for you. Please head on over to https://t.co/DceIRNI6kV so we can follow up.,Wed Nov 01 16:20:43 +0000 2017,
2417893,@Uber_Support I’ve responded. Please respond post haste!,"@694801 Hey, Sophie. We've responded to your DM.",Sun Oct 29 11:20:46 +0000 2017,
1971432,"Hi @115877 can you tell me why you’re always “sold out” of ice cream? It’s midterm szn, ice cream is all that’s getting me through",@583955 Hey! Menu items are subject to availability. Send us a message at https://t.co/wLKQOAMWCk for additional support and we'll be happy to help.,Wed Nov 01 03:29:31 +0000 2017,
2810334,@Uber_Support why do i keep getting double charged for the rides i take??,@143074 Here to help! Send us a note here; https://t.co/DceIRNquWl and our team will be able to assist!,Wed Nov 22 06:40:26 +0000 2017,
729074,@119983 @119983 @Uber_Support @115873,"@294630 Happy to help, Sanket. Please send us a DM with your account email address + details and we'll be in touch.",Wed Oct 11 08:39:18 +0000 2017,
1863051,still working on the problem... I forgot my uber email 👀 https://t.co/fhx47T4SDw,"@556698 Hey, Ken. We have responded to your DM please follow up there.",Wed Oct 18 07:31:28 +0000 2017,
1451639,"@Uber_Support Help me find Eduardo in San Jose, CA. I left my cell phone in his car, EXCELLENT driver, nice guy. Contact @456871",@456871 We can definitely take a closer look! Please send us a DM with your email address so we can connect.,Tue Oct 31 07:15:30 +0000 2017,
2784790,@Uber_Support - how can I report an incorrect charge to my cc?,"@777545 We can definitely take a closer look! Contact us here; https://t.co/1xM0TILvAI, so we can help.",Mon Nov 27 00:40:40 +0000 2017,
502630,@116276 @115873 In India telcos recycle phone numbers.(re issue old numbers deactivated to new users). Can't use UBER in India since old number was banned by previous phone number holder.(more also facing same problem),@235086 Here to help! Simply contact us via https://t.co/mSBDsMUeID so our team can assist.,Fri Dec 01 20:04:05 +0000 2017,
2039983,@Uber_Support help!! My account is being hacked and i cant get in! Is there a number I can call for support?!?,@603183 We responded to your DM! Check your inbox for our message.,Wed Oct 18 22:33:56 +0000 2017,
2229733,@115877 unable to order from uber eats. Error in payment. Unable to add cards or paytm account.,@650722 Please connect with us at https://t.co/PwMnPVp5yK and we'll be happy to look into this.,Fri Nov 10 15:50:29 +0000 2017,
508758,@Uber_Support looking to book an Uber from Heathrow tomorrow morning is it possible to do in advance?,"@236847 Here to help! To learn more, please visit; https://t.co/avOql7o416",Fri Dec 01 22:24:48 +0000 2017,
1043294,@116288 @Uber_Support frm last 4 months I'm booking cabs in Bangalore. But I'm keep getting offers for Mumbai. You want me to go back ? https://t.co/NDZmbyrdhD,@366708 Please DM us with your email so we can take a deeper look into this.,Mon Oct 23 01:13:07 +0000 2017,
424425,@Uber_Support Why is the UK UberEats site pricing everything in $ instead of £?,"@216016 We can definitely take a look, Nikki. Please DM us your account email address and a screenshot so we can further assist.",Fri Oct 13 19:55:53 +0000 2017,
595128,@Uber_Support Done. So please help!,@261009 Happy to help! Can you send us a DM with your email address so we can connect?,Sun Dec 03 18:45:24 +0000 2017,
2676102,@115873 my driver never showed up but there's no option on the app to report it. He kept driver further and further away.,@753232 Sorry for the trouble! Send us a note via https://t.co/e8HVorX5rh so we can connect.,Tue Oct 31 12:37:03 +0000 2017,
1920126,@Uber_Support My boss lost his Galaxy S6 in Uber driver Sadie's car which is a Toyota Camry Z563885. Can you please locate the phone?,"@560682 Due to our privacy policy, we will have to speak directly to the account holder. Please have them contact us via https://t.co/balq3Eyso6",Thu Oct 26 15:20:54 +0000 2017,
631921,@Uber_Support Your driver came to my home &amp; then said he didn't want to take a long trip and cancelled it. Not only was I inconvenienced - you also charged me for it. You declined my inapp refund ticket. Unless you resolve this I ll ensure my family/friends dont use Uber again.,@269768 We apologize for the trouble! Send us a DM with your email address with additional details and we'll follow up.,Wed Nov 22 16:13:35 +0000 2017,
944393,"@115873: Pathetic Service, Rude Behavior unethical unprofessional Driver, Meaningless deduction. https://t.co/j0fKMLFta1","@343931 Here to help! Follow up here; https://t.co/TmWmJyGFaK, and our team will connect right away.",Sat Oct 21 16:41:44 +0000 2017,
572016,"@115873 your driver calls, asks where I am (despite having access to that) then cancels when asking where I’m going. You’re ridiculous. Worst part is, you charged me five pounds for your driver cancelling. https://t.co/SvZUsrar7v",@254406 We can definitely take a look! Send us a DM with your email address so we can follow up.,Sun Dec 03 04:31:09 +0000 2017,
2463955,@Uber_Support Hello. I used Uber last night in Manchester. The driver was great but in error I have him 1 star rather than 5. Can you help me with this?,@705225 Here to help! Simply follow the link to update your rating; https://t.co/LTaqoj7qdD.,Wed Nov 15 09:27:54 +0000 2017,
2134228,@Uber_Support I was supposed to get a refund that I never received,@627916 We can take a look! Send us a DM with your email address so we can follow up.,Wed Nov 08 17:15:09 +0000 2017,
1146782,Was yelled at from the 🚘 driver where it was pedestrian right of way street. And said I better get out of his way. It was an @115873 🤷🏻‍♀️,@389911 Hi there! Please reach out to https://t.co/zUe0dj6yoX and fill out the 4 boxes at the bottom so we can get in touch.,Sun Oct 15 16:50:33 +0000 2017,
2499396,@115873 @Uber_Support please contact me asap !,@713130 We have followed up via DM.,Wed Nov 15 19:01:33 +0000 2017,
1810279,"@115873 would like information on how to get my friends phone back that he left on a trip in one of your cars, no number to call","@543854 Due to our privacy policy, we will have to speak directly to the account holder. Please have them contact us via https://t.co/rOtqyWzf0B",Sat Oct 14 19:28:55 +0000 2017,
1141145,Really @115873 @2006 @Uber_Support Really?!?!,"@388613 Hey there, Hector! Please let us know if there is something we can assist you with. We're here to help.",Tue Oct 24 12:18:52 +0000 2017,
995595,"@115873 are you going to stick to your commitment to make things better for drivers? Empty Queue, Uber Rider. 2 cars in queue, Uber Driver? https://t.co/wVwaMBnANw",@355823 Hi there! You can try these following steps: https://t.co/n6ZEHTMzP2. Please let me know if you'll still encounter these issues.,Sun Oct 22 16:19:11 +0000 2017,
1156377,"@Uber_Support @115873 So exactly 12 mins after the status change, does the cab actually arrives. 12 mins of waiting charges in my bill @384020 @76823",@392017 Sorry to hear about the trouble! Please reply to us in-app or by e-mail to continue communication on this. We're happy to help.,Wed Oct 25 11:31:06 +0000 2017,
1264648,@119983 @115873 - Excess amount charged as driver didn't end the trip at destination. https://t.co/csLmorz2i2,@416132 We can take a look! Send us a note via https://t.co/WFtPA6RjWt so our team can get in touch.,Thu Oct 26 10:57:21 +0000 2017,
1823384,@Uber_Support @115873 I am not getting any help from @Uber_Support. Im getting tbe same response instead of any of them following the thread. #horrible,@372475 Happy to help! We've followed up with a DM.,Wed Oct 18 02:53:35 +0000 2017,
2665744,Thank you @115873 for your driver making me wait in the rain for 15 minutes with a sprained foot and then cancelling because he kept driving past me. Awesome.,@379100 Sorry to hear about that. Please reach out to https://t.co/QDn91HzZV0 and fill out the 4 boxes at the bottom so we can get in touch.,Sun Nov 19 08:18:53 +0000 2017,
526226,@Uber_Support please help me enabling my account with phone no 8658575086,"@241756 We can definitely take a closer look! Contact us here; https://t.co/Md7v03opga, so we can help.",Sat Dec 02 06:34:23 +0000 2017,
1562073,"@115873 Seems impossible to find an actual email address to use, so apparently tweeting is the way to go...?",@482515 We're here to help! Send us a DM with your email address and more details so we can follow up.,Sat Nov 04 09:48:47 +0000 2017,
910002,Message sent https://t.co/4HUaFH5EDx,@333877 Thank you for getting back to us. A member of our team is reviewing your account and will be following up shortly.,Sat Oct 21 05:40:39 +0000 2017,
499192,".@115877 ridiculous trying to order in the uk, your site has locked us out of two accounts and app keeps crashing. @7518 @137317 &amp; @22874 have missed out for the third time. Good job @117144 still deliver",@234214 We're here to help! Please reach out to https://t.co/zUe0dj6yoX and fill out the 4 boxes at the bottom so we can get in touch.,Fri Dec 01 19:03:37 +0000 2017,
2371521,@Uber_Support My point exactly you require me to signup to report something as a pedestrian.,@144029 Here to help! Please send us a DM with your email address so we can assist.,Tue Nov 14 00:34:37 +0000 2017,
822747,@Uber_Support uber maps Keeps taking me to the back gates of apartment complexes why,"@195074 We appreciate the feedback, Al. We'll pass this along to the appropriate team.",Thu Oct 12 18:51:47 +0000 2017,
2309940,@1582 I got charged 77us on my card for a 77 Argentinian pesos trip... Other trips were converted perfectly,"@669948 Here to help! Send us a note here, https://t.co/1xM0TILvAI, and our team will follow up.",Thu Oct 19 21:56:20 +0000 2017,
1187793,@Uber_Support Ive tried 3 diff cards and none are working. I need a card in an hour and 20 mins. Help!,@399312 Here to help! Please send us a note via https://t.co/yqIhbH9ohQ so our team can connect.,Wed Oct 25 00:11:10 +0000 2017,
2031532,@115877 Fear not @115877 you cancelled it anyway. What an absolute mare of a way to operate this is. #Shambles https://t.co/iublJOPIsK,@600713 Here to help. Send us a note at https://t.co/StKy7B0k57 so our team can connect.,Sun Oct 29 02:25:18 +0000 2017,
691429,"@Uber_Support I can't get any help with finishing my sign up. Your MKE reps must have messed my info, and Checkr's system can't identify me.",@285217 We apologize for the trouble! Please contact us via https://t.co/uaNQvdmRkF so our team can connect.,Tue Oct 31 21:48:39 +0000 2017,
2967083,"Waiting for an @115873 for over 30mins at Gatwick. First one was in a crash, 2nd couldn’t start the car and the next 2 Canceled after 5 mins! Freezing!",@818527 We're sorry to hear this was your experience. Contact us via https://t.co/e8HVorX5rh and we'll be in touch.,Wed Nov 29 23:04:26 +0000 2017,
1593447,I'm starting to think @115877 having the shittiest customer service on the planet is the universe telling me to stop being a lazy POS.,@489726 We're here to help! Send us a DM with your email address and more details so we can follow up.,Sun Nov 26 03:43:55 +0000 2017,
2629067,"Hey @Uber_Support the @101554 Newtown Road light rail station bus loop in Norfolk, Virginia is NOT a legal pick up/drop off spot. Do your business in the parking lot across the street",@742512 Here to help! Please reach out to https://t.co/QDn91HzZV0 and fill out the 4 boxes at the bottom so we can get in touch.,Fri Nov 17 17:22:13 +0000 2017,
1945634,@Uber_Support hi guys! Do you have a contact number?,"@578299 At this moment, we don't offer phone support for these issues. Visit this link https://t.co/balq3Eyso6 so our team can assist.",Mon Oct 30 09:31:00 +0000 2017,
53027,@Uber_Support Only people that are eligible for the pass receive the invite or else EVERYONE would receive one. This has never been an issue until now.,@127228 Sorry to hear about the trouble purchasing! We have limited quantities of the packages. Please stay tuned for future promotions. Thanks.,Wed Nov 01 20:34:27 +0000 2017,
2674407,@Uber_Support You charged me last night for a ride I didn’t take and cancelled because your driver never showed up. Your app doesn’t allow for customers to submit issues like this one. I’d like a refund. https://t.co/gWenWxENgP,@752871 Here to help! Send us a note via https://t.co/aJtaJUwNEK to assist you further.,Sun Nov 19 12:46:07 +0000 2017,
474408,Durban @115873 is useless this nigga got lost.... Shiii!!!! nigga drops me off 2 streets ahead.. This fucked up and don't even know this place,"@227909 Send us a note here; https://t.co/WFtPA6RjWt, and our team will be able to help!",Fri Dec 01 10:17:07 +0000 2017,
1441564,@32614 @116288 @Uber_Support can you contact me??,@454455 Here to help! Can you please send us a DM with your email address so we can follow up.,Thu Nov 02 11:15:14 +0000 2017,
2523507,"@Uber_Support The email I received had the headline ""no response needed"" and ended with ""You will receive a message advising you when your account has been reactivated."". There was no request from Uber for additional info or any questions that I needed to answer","@718640 As stated in the email, this will only be up to 48 hours while we review the information and feedback. You will receive a message advising you when your account has been reactivated. Please keep an eye out for our next email.",Thu Nov 16 20:21:17 +0000 2017,
2055706,@115873 @Uber_Support has removed this section so that no one finds this option in the trips issues and refunds section https://t.co/T1w0onHbM7,"@546250 If you were incorrectly charged a cancellation fee, Please DM us with the email address linked to your Uber account, so we can connect.",Fri Oct 06 18:38:54 +0000 2017,
2422905,@Uber_Support how do I delete my account? Looked everywhere and couldn't find the option,@695880 Hi there! Contact us via https://t.co/T9QCqACqox and our team will be in touch.,Tue Nov 14 17:51:34 +0000 2017,
1435112,@Uber_Support @115873 your support team keeps giving me answers that don't apply to my complaint and then close the convo so I can't reply. What's going on?,"@453203 Sorry for the mix-up, Send us a note via https://t.co/WFtPA6RjWt so we can assist.",Sat Oct 28 22:15:15 +0000 2017,
2271316,"@115873 ..Uber dubai your F...thieves !!! @Uber_Support , your disgraced 👎👎",@660822 Here to help! Send us a DM with your email address with more info so we can assist.,Sat Nov 11 12:14:40 +0000 2017,
968782,@Uber_Support How do I dm you. It does not show as an option under dm,@349976 Happy to help! You can send your account email and details there. https://t.co/sd7yH5jmbJ,Sun Oct 22 01:26:35 +0000 2017,
102090,"@115873 @Uber_Support please remove such kind of driver they will destroy ur name. After 20 min of wating time he canceled my ride.he was not answering my call,pls pls pls take action. Very unprofessional behaviour. https://t.co/Yd4tvTSJyW",@138381 Here to help! Send us a note via https://t.co/e8HVorX5rh and we'll be in touch.,Thu Nov 30 17:52:06 +0000 2017,
559907,@Uber_Support Why is Uber charging me for a trip I never took!?,@250931 Here to help. Send us a note at https://t.co/aJtaJUwNEK so our team can connect.,Sat Dec 02 22:15:03 +0000 2017,
2382618,"@115873 @Uber_Support Take immediate action, fire him. They r just criminal","@226089 We can definitely take a closer look! Contact us here; https://t.co/z8NNR56eyf , so we can help.",Tue Nov 14 06:10:42 +0000 2017,
1775094,"@115873 if ur gonna charge fees for wait time, maybe fix ur shitty app to actually tell ppl when the car arrives, instead of showing a spinning car 5 blocks away and a useless notification","@533448 Sorry for the trouble! Send us a note here, https://t.co/WJq5jsdLlf, and our team will be in touch.",Wed Nov 08 03:01:06 +0000 2017,
2574972,@Uber_Support having an issue with my account. Trying to buy the ride pass but it’s saying that I have an outstanding payment that I shouldn’t have.,@730195 We're happy to check on this with you. Please connect with us at https://t.co/V8YvTNr37q so we can take a look directly.,Thu Nov 30 21:22:27 +0000 2017,
328124,@Uber_Support Because it states on application the term deposit inwas not sure if you must return and if you don't return if further charges apply?,@194228 You will not be required to return any items and won't be charged anything additional. Hope this helps!,Sat Oct 07 17:11:06 +0000 2017,
1615008,@Uber_Support Please check DM.,@495359 We followed up with you via DM.,Tue Oct 17 11:25:41 +0000 2017,
2250229,@Uber_Support need urgent support via phone. I left my mobile on the uber car. I need to contact my driver. Please.,"@655607 We're happy to connect, Barbara. Please DM us the email on your account and we'll be in touch shortly.",Thu Oct 19 17:34:23 +0000 2017,
2373497,@115873 fuck fuck you mother fucker. Your driver is a God damn thief. Fuck off.,@684730 Hi Steven! Please you may write in your frustration to https://t.co/zUe0dj6yoX and fill out the 4 boxes at the bottom so we can assist.,Tue Nov 14 01:35:37 +0000 2017,
2952980,"@Uber_Support Not more than an hour ago, driver didn't pick me up, didn't answer my calls and started the trip. Wasted 45 mins. Had to cancel it later. Was charged for the trip which I didn't take. @1143 helped me get to the destination. #Outrageous",@815335 Sorry to hear that! Send us a note here: https://t.co/K05RdmK3t4 so we can follow up.,Wed Nov 29 18:09:29 +0000 2017,
457862,"@Uber_Support When you say ASAP can you give us a more exact timeframe , can you narrow it down? Tonight? Tomorrow? When?","@225194 Thank you for bringing this to our attention. Our team is currently reviewing, and we hope to get this resolved shortly.",Fri Dec 01 02:32:15 +0000 2017,
1350701,Unprofessional behaviour from @115873 driver. Demanded cash in a non cash mode of payment. @119983 refund the amount.,@434957 Sorry to hear about that! Can you please contact us via https://t.co/9iE28SnXJP so our team can connect?,Fri Oct 27 17:39:36 +0000 2017,
2667462,@Uber_Support @751440 see you in court fuck heads,@212375 We've responded to your DM.,Mon Nov 20 07:37:07 +0000 2017,
2364915,"@115873 I can neither delete a payment method, edit one, nor add a 'new' card with a new expiration date / cvv but the same digits. How are you so bad at this?","@682769 Happy to help! Send us a note here, https://t.co/yqIhbGRNqi, and our team will follow up.",Mon Nov 13 22:31:50 +0000 2017,
551229,@Uber_Support Unhelpful! And now I can't continue the conversation,@248443 Hey there! We've just followed up with you via DM.,Sat Dec 02 22:34:08 +0000 2017,
145370,"@Uber_Support Can you pls respond to the question asked. If I take Uber pool option, isn’t the drive take another passenger which is my route and not in a different route as you mention in your uberpool sharing model.. if not then tell me...I need to let others know","@148955 Sorry to hear about the troubles. A member of our team has been in touch via in-app support regarding this issue. Please check the ""Help"" section of the app and reply there directly.",Sun Nov 26 09:28:00 +0000 2017,
616426,Now this @115873 driver on the phone. They out here wylin in Indy! https://t.co/xEiq8KcrlS,@224036 We're sorry to hear this was your experience. Contact us via https://t.co/IeSxT5uwza so our team can connect.,Mon Oct 23 20:44:27 +0000 2017,
2120373,@115877 can you add Starbucks in WICHITA?!?! I really need my pumpkin spice late and stuck in a meeting,"@624795 Love those holiday flavors! Should this option become available in the future, we'll be sure to let our local users know.",Wed Nov 08 15:09:03 +0000 2017,
2609377,"@115873 is an absolute fucking joke. Can’t unsubscribe to their emails badgering me to be a driver, my 2 credit cards both don’t work for lack of “verification”, a process you can’t do, and their ‘support’ is laughable. Fucking pathetic. All I want is a varsity burger.",@738028 We're here to help! Send us a DM with your email address and more details so we can follow up.,Fri Nov 17 10:38:55 +0000 2017,
2385301,@Uber_Support hello i sent you a DM regarding a sign up issue im having if you can help me with this issue that would be most appreciated,@687481 Here to help! Contact us via https://t.co/uRjsQ64qLY so we can connect.,Sat Nov 25 15:48:36 +0000 2017,
63254,@Uber_Support They answered me the same thing for the third time but i'm unable to reply \o/ It's a joke right ?,"@130516 Hi, Xavier. Please send us a DM with your account email address and we'll be in touch.",Thu Nov 02 10:38:29 +0000 2017,
1123226,@Uber_Support This is my recent trip in Uber where I my driver cheated me by asking for cash for non cash trip n no support from ur team https://t.co/ZXV4j7DxAK,@384900 Let's take a closer look into this. DM us with your account email sow e can follow up with you.,Sat Oct 14 10:46:00 +0000 2017,
566270,@Uber_Support as I got in my Uber the driver told me he didn't see my address.. as I re-added it the price of the ride doubled. Please advise,@252743 Sorry to hear about what happened. Please send us a note at https://t.co/Wavn5xnaeo and we'll be happy to look into this for you.,Sun Dec 03 00:57:39 +0000 2017,
1505510,@Uber_Support Is Twitter the only solution to contact you????? My firstname is wrong in the app - I want to change it... but Impossible to do this alone - Can you help me please?,@469404 Here to help! For more info please visit; https://t.co/ACn231rQL4.,Fri Nov 10 11:12:09 +0000 2017,
1772348,@Uber_Support The link says your hours are 9am to 1pm. So I’m not seeing how that helps now. We’ll just find a different service. Thanks.,@249032 We're here to help! Send us a DM with your email address so we can follow up.,Wed Nov 08 01:52:31 +0000 2017,
83619,@Uber_Support I received this promotional code but it is not working. https://t.co/xPRUcTIjPK,"@134369 We just got back to you via DM, Ramit.",Thu Nov 30 09:57:16 +0000 2017,
1453053,"@Uber_Support some of your drivers need retrained. Left waiting for 20 mins, he drove halfway round Glasgow then cancelled. Absolute joke.",@457207 Here to help! Send us a note here; https://t.co/e8HVorX5rh and our team will be able to help.,Thu Nov 02 18:06:18 +0000 2017,
903735,@Uber_Support my account was hacked by a Russian again,"@334534 We're here to assist, Rob. We've responded to your DM.",Tue Oct 10 11:58:35 +0000 2017,
1119431,"@Uber_Support I need a car! I already have profile. Keeps kicking me back to ""sign up"" please help!!","@384123 Hey Robert, please reach out at https://t.co/H6WpfgDHzm and a member of our team will follow up.",Sat Oct 14 06:24:10 +0000 2017,
462616,"@Uber_Support Turns out I have a big issue. Had a driver who was uberEnglish and used him today again and he put me under UberBLACK , never received a bill either by email and his car is only a white bmw3 series (both times!) Are my complaints private? Or do they also process through him?",@224952 Here to help. Send us a note at https://t.co/fS660rQ8NQ so our team can connect.,Fri Dec 01 02:13:11 +0000 2017,
1775470,Damn @115877 and @118625 have the worst customer service. Not only half my Order missing but nothing is offered to make it right.,@533526 Let's get another pair of eyes on your support request. Please send us a DM with your UberEATS account email address and phone number.,Tue Oct 10 22:12:15 +0000 2017,
2878297,@Uber_Support hi im trying to schedule a pickup in advance but the icon never appears to the right of 'where to',@798918 Here to help. Send us a note at https://t.co/EClIRyCLPt so our team can connect.,Tue Nov 28 07:17:56 +0000 2017,
575069,"@115873 my driver just circled the area, came nowhere near the pin, I tried to call to clarify where he was, then he cancelled and charged me. Please refund.","@255300 We can definitely take a closer look! Contact us here; https://t.co/593jusCquh , so we can help.",Sun Dec 03 07:45:40 +0000 2017,
2799524,@Uber_Support Thanks I saw it. Can you tell me what info you keep after we delete,@234908 Happy to further assist you. Can you please send us a DM (direct message) with your email address and additional details?,Tue Nov 21 23:43:24 +0000 2017,
903074,@115873 @116288 @Uber_Support What the hell is this? 3223 for Pool? From HiTech City to Uppal #HyderabadRains @38949 https://t.co/8XpjW4OcOV,"@334381 Hi there, Arudra. It seems that fares are higher due to increased demand. When demand evens out prices will return to normal.",Fri Oct 13 16:34:55 +0000 2017,
2734543,@Uber_Support __email__ you'll see that at this point none of your staff are responding to any messages I've sent.,@766409 We see your outreach and a member of our team will be following up via email as soon as possible. We appreciate your patience.,Mon Nov 20 19:45:32 +0000 2017,
2072576,"Dear @Uber_Support, my foot is severely injured and the driver insisted on dropping me off at the wrong address/street, 10 minutes walk from the correct one. Maybe don't lecture an injured person by email about the # of poor Uber experiences she's had? (Maybe it's you, not me.)",@613011 Sorry to hear that. Please send us a note here; https://t.co/fS660rQ8NQ and our team will get in touch.,Sat Nov 25 14:27:54 +0000 2017,
1863171,Need to be an uber &amp; have a 2yr old.Do all urs cars have car seats? @115873 @118524 @Uber_Support #uberhelp,@556732 Thanks for reaching out. The car seat option is only available in some cities. Head to https://t.co/s1lxksm8Ti to learn more.,Fri Oct 20 12:34:38 +0000 2017,
1347871,@115873 I paid cash by mistake in a trip where the payment was already done through e wallet. Pl refund the cash I paid by mistake to driver,@434310 Our team has recently responded via email. Please reply there if you have additional questions!,Fri Oct 27 17:04:26 +0000 2017,
668623,@118524 @115873 @Uber_Support @390 @119983 I traveled from faridabad to airport on 20 Nov and missed my phone in Uber cab. Have called on your toll free numbers and emailed you several times. No response. Please help Vivek 9999318727.,@279431 We're here to help! Send us a DM with your email address so we can connect.,Thu Nov 23 04:08:05 +0000 2017,
2066204,@Uber_Support hey come the app never show me anymore if the there is a fare surge? I'm using android btw and it happened on my 2 phones,@611020 Sorry to hear that! Send us a note here: https://t.co/u3MyknJaaN so we can follow up.,Sun Nov 26 11:56:32 +0000 2017,
971104,I needed to cancel my Uber twice because the driver couldn’t find us. And I was charged twice. I want my money back @Uber_Support @115873,@350403 Hey there! We've just followed up with you via DM.,Sun Oct 22 00:30:45 +0000 2017,
1737661,@115873 and other taxi firms with 'Advanced booking only' notices on your cars. Why no basic level booking? Grrr.,@524533 We're here to help! Send us a DM with your email address and more details so we can follow up.,Tue Nov 07 10:05:56 +0000 2017,
457963,@Uber_Support Tomorrow night my fare was deducted from uber credit but driver also took cash from me because he is unable to see fare on his account please contact your driver and ask him to return my extra paid fare.,"@225660 Happy to help, Brijesh. Please reach out here so we can further assist: https://t.co/C7Na8HoYRh",Fri Dec 01 04:08:33 +0000 2017,
2773410,"HA!! well @346442 -- this @115873 driver thought she can drive in the ""busses only lane"" at DCA Washington Reagan Airport https://t.co/mg8IdCkQrY",@775153 We take this very seriously. Please send us a DM with your email address so we can connect ASAP.,Tue Nov 21 13:53:39 +0000 2017,
354092,Cc @Uber_Support https://t.co/OsvTwHWrrp,"@200188 Hey Don, happy to help. Could you please DM us the email and phone number associated with your account?",Sun Oct 08 13:12:40 +0000 2017,
2420364,"@115873 I m attaching a screen shot I was not satisfied with service I Booked cab for my sister from dwarka to Delhi station and she came today she said that driver was driving rash and when she said that to drive slow he said ""Mam mera panja itna hi chalta hai"" https://t.co/C9XTTa7aRE","@695276 That's completely unacceptable, Amit. Contact us via https://t.co/yfZfahBCoB and we'll be in touch.",Tue Nov 14 17:17:25 +0000 2017,
1773326,@532970 @115873 @115879 Yeah it doesn’t make sense to me. They send email sometimes for 50% off rides but keep sending codes that do not work,@530972 We're here to help! Send us a DM with your email address so we can connect.,Wed Nov 08 02:11:06 +0000 2017,
2398345,@Uber_Support Actually I am stood in the freezing cold in the middle of nowhere just off a motorway junction.,"@690220 This is definitely not okay, Natalie! Again, please send us the details at https://t.co/QsI1vsvcif so we can look into this for you.",Tue Nov 14 14:56:59 +0000 2017,
1644708,@Uber_Support wrong order got delivered?,@476686 Here to help. Send us a note at https://t.co/Tq0sPMsSdu so our team can connect.,Mon Nov 06 01:01:20 +0000 2017,
1037760,@Uber_Support I need your help,@365497 Happy to help! We've been in touch via DM!,Mon Oct 23 02:19:52 +0000 2017,
2253902,@115873 your help section is so convoluted that my husband could not complain when he was told an UberX had a 2 min wait time and we waited upwards of 10. We tried to cancel after 5 min of waiting in 20 degree weather but were told we’d be charged a fee!,@656547 Here to help. Send us a note at https://t.co/593jusCquh so our team can connect.,Sat Nov 11 04:49:40 +0000 2017,
710683,"Dear @115873-not only did my ride end early, I was charged a booking fee not part of the fare. And it was MORE than if I had the entire ride?!","@277065 Sorry to hear about the trouble, Gemini. Please contact us via https://t.co/080RrGLZH0 so our team can connect.",Tue Oct 10 21:13:21 +0000 2017,
474445,@Uber_Support @uber_support your answer “don’t worry for the double cancellation we did not charged you a cancellation fee” WTF... #uberban #uberfail #ubercrash #uberboycote,@227915 That doesn't sound right. Send us a DM with your email address so we can follow up.,Fri Dec 01 10:06:43 +0000 2017,
1920252,@115873 Different/Incorrect answers each time I call or email. Can't take care of my children and bills. I'm a single mom and a student!,"@361081 Hi, Nicole! Go ahead and check your app. We've reached out to you via in-app support which you can respond to directly for further details.",Thu Oct 26 15:26:18 +0000 2017,
872560,@Uber_Support It was my wife who sent the order in. I have DM'd you her contact details. Please contact her ASAP.,@327154 We've followed up via DM. Please check your messages for an update.,Fri Oct 13 15:59:10 +0000 2017,
1953656,@Uber_Support All good. Driver was a gem!!,"@579984 Thanks for the update, Kristin. We're always here to help, should you need any assistance in the future. Have a wonderful rest of your day!",Sun Oct 29 17:05:37 +0000 2017,
1723933,@Uber_Support Hey. I cannot log in and your forgot password link won't send me an email. Please help.,"@521448 Here to help! Send us a note here, https://t.co/Md7v036OoC, and our team will follow up.",Tue Nov 07 09:19:32 +0000 2017,
997949,@1582 I lost my keys today in an Uber. It’s been 5 hours and I have not heard from you. It may cost me my job and I was not able to get into my apartment tonight.,@356305 Here to help! Please send us a DM with your email address for further assist.,Mon Nov 20 04:37:16 +0000 2017,
1712119,@Uber_Support The link is not helpful. How can I have a credit card problem when I have not used it with you?,@518596 Find out more info here; https://t.co/yqIhbGRNqi,Tue Nov 07 02:09:38 +0000 2017,
376066,@Uber_Support @119983 how do you manage to outdo the last bad experience! &amp; For my simple but for me imp matter u cudnt help #failure https://t.co/xDwYc1ZEwU,@205205 We've been in touch via DM!,Mon Oct 09 02:27:52 +0000 2017,
2750556,Hey @144886 ... just had a confirmed driver call me to ask where I was headed &amp; then cancel because “he’s too busy to go there” ... he then snapped @ me &amp; hung up. Thoughts?? Sounds like a model employee. 🤔👎🏼,@770067 Sorry to hear about that! Can you please contact us via https://t.co/iOszeeHZhQ so our team can connect?,Tue Nov 21 00:10:25 +0000 2017,
956434,"@Uber_Support my account said I have 50% off 10 rides. I've used 9, and my promo is gone. Whyyyy?",@346939 Can you please send us a DM with the email on your account so we can take a look? We're happy to help.,Sat Oct 21 20:33:22 +0000 2017,
1519275,@115877 order 74D1B received incomplete order.,@145156 We see your outreach and a member of our team will be following up via email as soon as possible. We appreciate your patience.,Fri Nov 03 16:27:34 +0000 2017,
672134,"@Uber_Support Please read my message. Or direct me to a human. None of your automated problem solving solutions to this issue are working. The driver is ignoring my requests for contact, and Uber has failed to contact him on my behalf for 3 days. I didn't lose a few bucks. I lost my job.",@280359 So sorry about that! Send us a DM with your email address so we can connect right away.,Thu Nov 23 09:02:21 +0000 2017,
2809001,@Uber_Support Dropped a DM to you. Pls check.,"@646766 Hey, Pabitra. We've received your DM and will be following up shortly.",Wed Nov 22 05:51:25 +0000 2017,
2799501,"Nothing makes me soooo(!!!!) annoyed in the morning than booking for an uber, waiting for 30 freaking mins only for the driver to cancel on me. WTF. I have a quiz at 9!!!!!!!! 😡😡 @Uber_Support @115873",@781057 We're sorry to hear this was your experience. Contact us via; https://t.co/e8HVorX5rh and we'll be in touch.,Tue Nov 21 23:55:11 +0000 2017,
2644439,"@Uber_Support I have been trying to find a way to reach uber support in the past 2 hours, may you please help?","@746138 We're here to help! Send us a DM with your email address and more specific details of your concern, so we can follow up.",Tue Oct 31 03:11:10 +0000 2017,
1058118,"When an @115873 driver runs a light, rams your car, assaults the driver, and @Uber_Support says there’s nothing they can do about it 🤦🏾‍♀️",@144400 Oh no! Thanks for bringing this to our attention. DM us your account email along with details for assistance.,Sat Oct 14 21:10:53 +0000 2017,
260531,"Dear @115873 driver app developers, Can u add route types? Map types? To make it easier for drivers to choose their trips. #uberdriver",@178004 Hi there! Please reach out to https://t.co/zUe0dj6yoX and fill out the 4 boxes at the bottom so we can get in touch.,Thu Oct 05 21:10:36 +0000 2017,
2341591,@115873 VERY disappointed in ur driver who was parked a bock away tonight and ignored 20+ plus calls to clear up location discrepancy,@677321 Here to help! Please contact us via https://t.co/fS660rQ8NQ so we can connect.,Sun Oct 29 06:59:48 +0000 2017,
1434747,@Uber_Support I DM’d you but I’m kind of pissed off i can’t choose which trips I can drive. I’d like to only do deliveries.,@453126 We've followed up via DM. Please check your messages for an update.,Mon Oct 16 18:01:13 +0000 2017,
2959295,"When u have to leave for class in like an hour and @115873 says your $21 credit ""can't be validated"" 😥 @Uber_Support",@816762 Here to help! Please reach out to https://t.co/QDn91HzZV0 and fill out the 4 boxes at the bottom so we can get in touch.,Wed Nov 29 20:08:08 +0000 2017,
2458784,It's irretating when u hav a cab to book next morning and @115873 is showing this. Have delete and added the same card again by paying 1rs https://t.co/zhVTvCoUHt,@704178 Sorry to hear that! Send us a note here: https://t.co/76zx6Rm1i6 so we can follow up.,Sun Nov 26 18:32:44 +0000 2017,
854828,"Disgusting customer service from @Uber_Support - despite the fact I missed my train because of their mistake, no compensation to be offered - and THREE canned responses to my emails that had no relevance to complaint. Awful.","@323022 We want to follow up, Grace. Can you please send us a DM with your account email address? https://t.co/sd7yH5jmbJ",Fri Oct 20 15:19:46 +0000 2017,
2770895,"@Uber_Support why is it I can't schedule a taxi 7 hours in advance today, in London?",@774594 Here to help. Send us a note at https://t.co/zUe0dj6yoX so our team can connect.,Tue Nov 21 12:51:26 +0000 2017,
2738064,@115873 using Uber for my first time and it’s not letting me use the first ride promo “hittheroad” as it says I’ve used Uber before. What’s up??,@767201 Happy to follow up! Contact us via https://t.co/EFYZbgbaCP so we can connect.,Mon Nov 20 20:35:48 +0000 2017,
1391589,"Current in the scariest @115873 drive ever. I will post this video in a few. This man is speeding, constantly recalculating I’m back in pissed",@443655 Hi there! Please send us a note at https://t.co/yfZfahBCoB and we'll be happy to look into this for you.,Sat Oct 28 12:24:55 +0000 2017,
2913662,"@115877 I suggest everyone reconsider their food delivery services. Not happy with their service as they told me the money was not taken out, yet I don’t have access to MY money.",@332079 Happy to take a closer look! Send us a DM with your email address so we can follow up.,Tue Nov 28 22:48:22 +0000 2017,
1490903,@Uber_Support Hi. I'm unable to attach screen shot.,@466242 Thanks for reaching back out to us about this. You can send us a message and then attach a second message with a screenshot.,Tue Oct 31 06:45:46 +0000 2017,
1262681,Is it ok to give an @115873 driver a bad rating because of the terrible morning show that he’s listening to?,@326620 Happy to help! Find out more about rating a driver here; https://t.co/bRvxQGEanQ.,Thu Oct 26 10:28:03 +0000 2017,
381458,"@Uber_Support @Uber_Support i need your urgent help uber, please help me? @115873","@206461 Hey, Mohit. We've responded to your DM.",Mon Oct 09 09:18:23 +0000 2017,
463523,@Uber_Support already made a pending payment.but again and again asking for the previous trip payment due. Not able to book uber. Resolve this issue on urgent basis,@225193 We're here to help! Please send us a note via https://t.co/hr88X1ZGuG so we can connect.,Fri Dec 01 02:48:31 +0000 2017,
2200858,Someone open an #ubber account without me knowing in Colombia with my mail but @115873 canceled my Number. From today i'm using @87067,"@643651 Happy to help! Send us a note here, https://t.co/kGIXas5Cxg, and our team will follow up.",Sun Nov 26 14:15:34 +0000 2017,
502588,@Uber_Support my ride pass expires today. Can you please assist with me purchasing a new one?,@235072 Hi there! Please visit; https://t.co/3h8wdQ4EJK for more info. Let us know if you have any other questions or concerns.,Fri Dec 01 20:21:54 +0000 2017,
2637050,@115877 so maccies forgot my meal and jakes drink🙃🙃,"@744305 Sorry for the trouble! Send us a note here, https://t.co/ZFaWy0Lkdu, and our team will be in touch.",Fri Nov 17 20:30:48 +0000 2017,
2381957,@Uber_Support not able to book a cab as I am being asked to pay outstanding due for a ride which driver cancelled. Care to resolve it? I have tried contacting you several times but you people seem too busy,@686700 Here to help! Send us a note here; https://t.co/76zx6Rm1i6 and our team will be able to assist!,Tue Nov 14 05:55:18 +0000 2017,
372543,@Uber_Support Can you please explain why the Uber mobile app on iPhone would use 93% battery in a 24 hour period?,"@204274 Hey, Drenon. Any feedback you'd like to share, we want to hear. Get in touch with https://t.co/xfSSaIKPY8 so we can connect.",Sun Oct 08 21:53:49 +0000 2017,
219940,i think my @115873 driver is drunk ...,@168445 We take this very seriously. Please send us your email address so we can connect ASAP.,Thu Oct 05 03:24:17 +0000 2017,
2107623,"Apparently the @115873 system is so advanced, that it can turn off features for people without uber being able to do anything about it. And @Uber_Support would send a message saying issues are resolved when there's still nothing they've done. Wow. https://t.co/ZuUIOn5T5W",@621906 It seems a member of our team has reached out to you. Please check your email and follow up with them there.,Sun Nov 26 12:47:57 +0000 2017,
151658,@Uber_Support Still no action from ur side....,@150642 We're here to help! Send us a DM (Direct message) with your email address so we can assist.,Sat Nov 25 14:33:15 +0000 2017,
1191770,"This is vwry bad @115877 Though I have raised the issue to the @Uber_Support team, no resolution has been made https://t.co/M49CoKpX0B",@130679 We're here to help. Can you please send us a DM with your email address so we can connect?,Wed Oct 25 07:46:30 +0000 2017,
1676350,I’m am not using @115873 this time for good ! My ride appeared 59$ and the charged me 92$I would take the ride if it’s 92$ I’m reporting fraud https://t.co/gtW1UZlVgA,"@509955 Hey there, Moudi. We're going to follow up with your DM.",Mon Nov 06 14:26:16 +0000 2017,
709127,Love @115873 but £12 worth of charges for trips I didn't take because the driver cancelled it didn't turn up is rather annoying,@289553 We're so sorry this was your experience Please send us a note here; https://t.co/1xM0TILvAI so our team can connect.,Tue Oct 10 14:02:53 +0000 2017,
1025712,@Uber_Support Sent a DM over an hour ago and haven't gotten a response.,@362701 We see your DM and will follow up there shortly!,Sun Oct 22 20:49:09 +0000 2017,
1786495,"@115877 If you can’t fill orders correctly, hire polite drivers and provide good customer service then cancel your business. #fail","@536728 Let's look further into this, Richard! Please DM us the email address linked to your Uber account and more details so we can connect.",Wed Oct 11 14:43:21 +0000 2017,
2913658,@Uber_Support My friends boss was struck by an Uber driver this morning and ended up in surgery. My friend completed the “report incident” form. Is there anything else they should/can do?,@806568 We absolutely want to follow up right away. Please send us a DM with your email address so we can connect.,Tue Nov 28 22:56:08 +0000 2017,
1034290,@Uber_Support That's my bro account only.. Can you justify on Social platform. The ride which normally cost 70-80. For that y u guys charging 344 Rs. It's your driver your gps so for your fault and error y should I will pay more.,@344826 Thanks for reaching out. We will be in contact with the account holder directly via email.,Mon Nov 27 16:10:32 +0000 2017,
340224,@Uber_Support I’m a single mom! I cant afford $150 for something that didn’t even happen!!! I Uber often and I’m disappointed in @115873,@197252 Can you please DM us the email on your account so we can check on the status of your message? Thanks!,Sun Oct 08 00:35:40 +0000 2017,
601815,@115877 my order was cancelled and y'all still took my money out of my account.,@262814 Sorry for the trouble! Kindly send us a note here; https://t.co/nFTc4ODH3P so our team can assist.,Sun Dec 03 21:28:03 +0000 2017,
1948728,@Uber_Support I get this when I hit add a tip https://t.co/nOfHqD7OmW,"@578962 If you can't do this through the app, you may tip on a past trip on the https://t.co/K9QeDZ409D website, and from your emailed trip receipt.",Mon Oct 30 15:24:50 +0000 2017,
1098144,Had 2 @115873 drivers cancel on me tonight. Still waiting for the $5 cancellation fee to apply to riders that get cancelled on.,@134135 We can definitely take a closer look! Contact us here; https://t.co/e8HVorX5rh so we can help.,Sun Oct 15 05:59:02 +0000 2017,
2627864,@115877 really disappointed with your service. Ordered ribs and got this? Never again #ubereats #thebaronwoodmead waited one hour for a wrong order! https://t.co/OpXexwrSsc,@742205 Here to help. Send us a note at https://t.co/rpgpQWLRtD so our team can connect.,Fri Nov 17 16:54:11 +0000 2017,
985866,@Uber_Support how do we contact you besides Twitter? This seems incredibly dumb,"@210114 We're sorry to hear about this result, Ryan. We've reached out via DM.",Sun Oct 22 06:40:30 +0000 2017,
317122,"@131077 ordered through UberEATS last night, guy never showed up to deliver&amp;was charged. Sent enquiries thru app, no response still!",@191685 That doesn't sound right. We'll follow up shortly via DM.,Sat Oct 07 06:30:46 +0000 2017,
1984237,@Uber_Support Just sent the dm,"@320683 Thanks for letting us know, Austin. A member of our team has followed up with you via DM!",Wed Oct 18 18:36:43 +0000 2017,
568883,@Uber_Support This didn’t help,@253470 We can definitely take a look! Send us a DM with your email address and details so we can follow up.,Sun Dec 03 02:35:07 +0000 2017,
1944686,@Uber_Support I was charged for booking cancellation. Not sure why i am being given such drivers who are not professional in pickingup,@578100 Here to help! Please send us a note via https://t.co/h840Iouehc so our team can connect.,Mon Oct 30 03:37:02 +0000 2017,
2511225,"Never using @115877 again, how can my order be picked up @ 12:29 then @ 12:35 it’s canceled in customer service don’t kno why",@695914 Sorry to hear about that! Send us a note at https://t.co/P4hKbfQBbP so our team can connect.,Mon Oct 30 04:55:17 +0000 2017,
2725070,@Uber_Support I’ve done it,@764273 We've followed up via DM. Please check your messages for an update.,Mon Nov 20 12:59:04 +0000 2017,
445698,@Uber_Support It says this. https://t.co/7LjB9E5598,@220545 We're here to help! Send us a DM (direct message) with your email address so we can connect.,Wed Nov 22 10:17:03 +0000 2017,
2830164,"@Uber_Support I went to the form and what exactly do you mean by ""trip id""? I do not see any trip id on my trip history nor any other unique identifier.",@788111 Happy to help! Please confirm your email address or phone number through direct message so we can further assist.,Mon Nov 27 12:52:25 +0000 2017,
804180,@Uber_Support how long does it take to validate insurance,"@311642 Great question, William. We've reached out via DM. Please follow up with us there for best further assistance.",Thu Oct 12 15:29:21 +0000 2017,
1739119,"@Uber_Support i ordered ubereats and the food never showed up, said delivered but never came and the app help has responded in 30 minutes",@524875 We've responded via DM!,Tue Oct 17 17:47:19 +0000 2017,
2544054,@Uber_Support That link hasn’t helped at all. Is there a number to call?,"@723208 Hi there! At this moment, we don't offer phone support. We're sorry for any inconvenience. Please send us a DM with your email address so we can follow up.",Thu Nov 16 13:34:06 +0000 2017,
15337,"@115873 VERY unhappy with @115873 customer service. I've been incorrectly charged on personal trips after attempting to use credits/points that I have on file. I've opened customer complaints but responses are unhelpful and issue not resolved, totaling over $150 of incorrect charges",@119369 Happy to further assist you. Can you please send us a DM (direct message) with your email address and additional details?,Wed Nov 01 02:09:49 +0000 2017,
2186132,@Uber_Support I messed up and put wrong amount of stars and feel bad cause I wanted to rate him higher. How do I fix my rating?,"@640228 Sorry to hear this, Natalie. However, we are unable to change driver ratings once they have been entered into the app. Be sure to check out https://t.co/M1RhRwgiRE for more information.",Thu Nov 09 16:08:38 +0000 2017,
48484,"@Uber_Support Thanks, but will not use #uber again.","@126794 Hi, Deepak. Please DM us for further follow up related to this cancellation.",Wed Nov 01 17:19:09 +0000 2017,
2549550,"@Uber_Support You mean your stock response to be in touch ASAP?? Had that, but nothing further? Perhaps if he had crashed you’d have replied quicker","@724393 We take matter like this very seriously, Gareth. Someone from our team will be reaching out shortly.",Mon Oct 30 14:31:23 +0000 2017,
2254007,@Uber_Support They actually not reading the details properly. I paid 100/- cash to the driver where as I had to pay only 7.79 after deduction of uber credit. But driver 100/- rupees cash nd went he was saying I have pay him 93.78 nd I gave him 100 rupees nd he went with 100 rupee cash from me.,"@193358 In an effort to enhance your support experience, and to avoid further confusion we'll be following up any further questions or concerns you may have through in-app support. Thank you so much for your patience and understanding with us.",Sat Nov 11 03:32:47 +0000 2017,
618428,@115873 Awful company. Check your fares.,"@768087 We're always here to help if you need a second look at something, Tony. You can send us a note by heading to this page https://t.co/xISM58CMow where we can take a look at a fare.",Mon Nov 20 18:17:18 +0000 2017,
1368510,@4018 @115873 I have a complaint about one of your drivers https://t.co/LV8q335ZED,@438535 We're so sorry for the trouble. Send us a note via https://t.co/fS660rQ8NQ so we can assist.,Fri Oct 27 22:17:32 +0000 2017,
2487321,@Uber_Support Why was the extra fare added? The driver purposedly took a longer route despite my warning. He promised that there would be no extra charges for a detour yet this happened. https://t.co/e3j5VDVUEs,@710415 It seems a member of our team has reached out to you. Please check your email and follow up with them there.,Thu Nov 16 17:19:48 +0000 2017,
2344147,@Uber_Support First tell me what action are you going to take now? N how do you plan to avoid it in future?,@677928 We can take a closer look. Please DM us your email and phone number associated with your account. https://t.co/sd7yH5jmbJ,Mon Nov 13 16:03:25 +0000 2017,
2182464,@115873 hi so I’ve been charged for a trip I didn’t take can you please fix this thank you,@412975 Here to help! Send us a note via https://t.co/dInR3racif to assist you further.,Thu Oct 19 12:45:40 +0000 2017,
908037,Odd that neither of the @115873 X cars to or fro the airport today had trunk space for luggage. What if we had 3 riders and needed front seat?,@332272 Here to help. Send us a note at https://t.co/cV94v5303R so our team can connect.,Sat Oct 21 02:27:24 +0000 2017,
2824336,@Uber_Support Yeh cheers for that. Fucking useless as expected. TRANSPARENCY MY ARSE.,@786893 We're here to help! Send us a DM with your email address so we can assist.,Tue Nov 28 20:26:27 +0000 2017,
599402,"@Uber_Support please answer your DMs, I have lost my phone I believe in one of your drivers cars, and I have not got his number as I can’t sign is because I have no phone and I need a verification code...which is stupid, PLEASE HELP !!!!!",@262188 Please confirm your email address or phone number so we can further assist.,Sun Dec 03 20:52:24 +0000 2017,
414048,This is d only thing i hate abt @115873 here in PH. Why will u accept a request if u’re still on a trip which makes me wait for 25 fckn mins. https://t.co/eOGNrwxa9i,@213804 We can take a look! Send us a note via https://t.co/e8HVorX5rh so our team can get in touch.,Tue Oct 10 01:36:03 +0000 2017,
1504434,has anyone on my TL used @115877? what should i know about it?,@469171 Happy to help clarify! Please reach out here: https://t.co/HlbTgAt26C for more info on EATS.,Mon Oct 16 22:16:53 +0000 2017,
931449,.@115873 how long ya'll been charging when drivers cancel? How much $ u make ripping off people that don't check? https://t.co/51DkiZVOoi,@340968 Here to help! Please send us a note at https://t.co/h840Iouehc and we'll be happy to look into this for you.,Tue Oct 10 23:28:03 +0000 2017,
2905865,"@115873 I made a complaint at 0715hrs, no action till now. My phone 7780555677.","@804685 Due to our privacy policy, we will have to speak directly to the account holder. Please have them contact us via https://t.co/balq3Eyso6",Tue Nov 28 19:31:43 +0000 2017,
2390615,@148768 @115877 Sad cant order in N1 when it says central london but shepherds bush is on the list,"@693159 We're sorry, Shunai. We're working hard to sort a technical issue caused by high demand. Please doughnut worry, there will still be plenty of time to order. If you're not immediately connected, do try again.",Tue Nov 14 14:18:29 +0000 2017,
2133333,"@Uber_Support Okay uber i'm getting annoyed now. my 2nd driver cancelled on me. Again. Like seriously? I can't leave a note in there. Wanna know why? Because i am aware that if I cancelled the trip, i must pay the cancellation fees. BUT WHAT ABOUT DRIVERS WASTING MY TIME?! https://t.co/WbHeQ40QnA",@524430 Sorry to har that! Can you send us a DM with your email address for further assist.,Sun Nov 26 13:27:00 +0000 2017,
1583176,Why has my @115873 driver just changed his sat nav from the bar I selected to the nearest Wasabi?!!🤦‍♂️,"@487254 Here to help! Follow up here; https://t.co/SjsQQ8ofRq, and our team will connect right away.",Sat Nov 04 20:14:05 +0000 2017,
1366473,If my @115873 driver fucking slams on the brakes again because he’d rather stare at women walking I swear to god,"@397595 Here to help! Send us a note here, https://t.co/IeSxT5cVHC, and our team will follow up.",Fri Oct 27 21:43:55 +0000 2017,
2132144,@Uber_Support I bought a Uber voucher off Groupon Aus. I am trying to use it but it says Promotion codes are not available for this account,@627453 Sorry to hear about the trouble! Please send us a message at https://t.co/L2aXwAc0Tb with the details and we'll follow up.,Thu Oct 19 07:24:07 +0000 2017,
2449683,"@Uber_Support Hello! Is UberWAV available in Las Vegas? If so, are rates the same as UberX? Thanks!","@702094 Happy to help! Send us a note here, https://t.co/1ERYPsHvJF, and our team will follow up.",Wed Nov 15 02:25:01 +0000 2017,
1016484,Leaving a wedding. @115873 is $32 ... back to taxis.,@358491 Sorry to hear about that! Can you please contact us via https://t.co/1xM0TILvAI so our team can connect?,Sun Oct 22 19:16:13 +0000 2017,
318289,"@Uber_Support No use, @Uber_Support. Tried and not once - they just want to keep money earned by fraudulent means. GETT is treating riders much better",@191945 Thank you for getting back to us. Please send us your account email and phone number so we can look into this.,Sat Oct 07 10:02:00 +0000 2017,
658135,@Uber_Support https://t.co/d6nEmj5HE8,@276690 Our team has recently responded via email. Please reply there if you have additional questions!,Wed Nov 22 23:23:40 +0000 2017,
922768,@Uber_Support HI I can't change my number on my dubai account which means I can't access my account on my new phone. help please,"@339042 We're here to help, Efty. DM us your current Uber email and phone #, so we can first locate your account. https://t.co/sd7yH5jmbJ",Sat Oct 21 12:14:13 +0000 2017,
996778,@Uber_Support Well are there advisers I can speak to via email instead of just getting automatic replies?,"@356037 We'd like to look into this, George. Please fill out the four boxes on the link previously provided and we'll connect.",Sun Oct 22 10:53:10 +0000 2017,
571306,"Hey @Uber_Support I just spoke to one of your reps in NYC who just said ""uber doesn't care about customers"" I'm just trying to get my receipt changed can someone please help me out ?",@254191 Sorry for the trouble! Please send us a DM with your email address and phone number so we can connect.,Sun Dec 03 04:08:26 +0000 2017,
80881,Since when do @115873 drivers ring you to check where you’re going to then cancel your ride! Not cool @115873 not cool!,"@133945 Hi there! We're here to help. Send us a note here, https://t.co/fS660rQ8NQ and so our team will assist.",Thu Nov 30 13:12:08 +0000 2017,
2266277,"@Uber_Support The driver DID NOT TAKE A POOR ROUTE. He's doing his duty. You allocated pickups so badly to him, that my journey time has nearly tripled. It's absurd how Pool is",@659649 We're here to help! Send us a DM (direct message) with your email address so we can connect.,Sat Nov 11 13:09:12 +0000 2017,
837170,Uber eats just cancelled my Mexican on a Friday night. After they told me it was en route. I’m pissed.,@319243 Sorry to hear about this! Send a DM with your account e-mail and order details. We'll be happy to look into it for you.,Fri Oct 13 08:04:22 +0000 2017,
461417,"@115877 fuck you guys, support is straight shit",@224634 We're here to help! Send us a DM with your email address and more details so we can follow up.,Fri Dec 01 01:48:58 +0000 2017,
2320008,@Uber_Support I did. Looking forward to my refund and credit,@672396 We're here to help! Send us a direct message with your email address and more details so we can follow up.,Thu Oct 19 23:42:38 +0000 2017,
1404900,@Uber_Support unable to book cab due to some issue. No correct response being provided by customer care. Evry time new reason being given,@446623 We're here to help! Send us a DM with your email address so we can connect.,Sat Oct 28 17:49:42 +0000 2017,
2462217,@Uber_Support I have done that but no solution till now. I got mail that send ur thru ur email id but on which id it's not https://t.co/nBKv3fnV0N,"@704894 Sorry to hear about the troubles, Arush. A member of our team has reached out via email. Please follow up with that support thread to help prevent any miscommunication.",Wed Nov 15 08:45:48 +0000 2017,
1240174,"@115877 Just had the most disgusting delivery. you need to check What restaurants you deal with , absolute disgrace and rip off",@410899 So sorry about that! Send us a note here https://t.co/qLzKaGQcAg so we can further assist.,Sun Oct 29 21:15:29 +0000 2017,
95740,"@Uber_Support hi i have a problem with my deposits, the value registered in the application is less than the one entered in my bank account, can you help me?",@136841 Here to help. Kindly send a note at https://t.co/F7yFN7gC20 so we can connect.,Thu Nov 30 16:06:19 +0000 2017,
667858,@Uber_Support Great and I am late for work thanks to this.,@279200 We do apologize for any inconvenience. Hang-tight for our outreach.,Thu Nov 23 04:00:49 +0000 2017,
351955,@Uber_Support Already did and no one got back to me. It’s atrocious. I couldn’t even call the driver.,@199704 Here to help. Please DM us the email address linked to your Uber account so we can further investigate this for you.,Sun Oct 08 12:24:30 +0000 2017,
21991,@118730 Dose Uber Eats need Full G license ?,"@120789 Here to help! Send us a note here, https://t.co/uRjsQ64qLY, and our team will follow up.",Wed Nov 01 07:49:59 +0000 2017,
30572,@Uber_Support Uber express picked 6:08am ride then called asking for destination. Felt unsafe to give over phone.He hung up &amp; canceled ride!,@122728 Sorry to hear about that! Please send us a note via https://t.co/593jusCquh so we can assist.,Wed Nov 01 11:16:47 +0000 2017,
1749516,@Uber_Support driver name is: Jordan Palmer,@527305 We can take a look! Send us a note via https://t.co/XJy0wStLEj so our team can get in touch.,Tue Nov 07 17:49:04 +0000 2017,
435273,@115873 Pathetic. Experience in my last ride the driver was extremely rude raised his voice. Drove fast just because he wanted to reach earl,@218393 We're sorry to hear about your experience! Can you please contact us via https://t.co/TmWmJyGFaK so our team can connect.,Tue Oct 10 16:31:05 +0000 2017,
1560235,Hi I left my car keys in an Uber last night.The driver is not responding.@133311 @115873 Sooo frustrated 🙈,@482098 So sorry about that! Send us a note via https://t.co/oY5vj3NqP3 so our team can help.,Sat Nov 04 08:29:14 +0000 2017,
1754315,Are you supposed to tip when you call Uber eats? Cause I don't have cash,@528387 Here to help! Find out more here https://t.co/r06229zbna,Tue Nov 07 18:57:10 +0000 2017,
940735,@Uber_Support 2 Uber’s didn’t show up at my address last night and you’ve charged me £5 each 😡😡😡😡😡😡,@343016 Oh no! Please send us a note at https://t.co/lyqXfbVdYK and we'll be happy to look into this for you.,Sat Oct 21 14:34:33 +0000 2017,
1453818,@Uber_Support cab search results in unknown error. I have sufficient paytm balance but still. Username - __email__ Check the screen recording for the issue - https://t.co/sXws81XSsp,@457388 Here to help! Please send us a note via https://t.co/OhfgxSAY58 so we can connect.,Sat Nov 25 12:26:30 +0000 2017,
1302402,The @115877 expected delivery time lies more than any man ever will,@424370 Here to help! Send us a note here: https://t.co/aZ6KtysCDl and our team will be in touch.,Thu Oct 26 23:54:56 +0000 2017,
2241694,@Uber_Support Thank you. I’ve sent a response.,@653587 We've been in touch via DM!,Fri Nov 10 22:52:04 +0000 2017,
1056854,@115873 Now we have to pay for cancellation as well as switching to another flight! Great service!,@369530 Here to help! Can you please contact us via https://t.co/y4EDPcVZOI so our team can assist?,Mon Oct 23 11:37:56 +0000 2017,
2862691,@115877 I sent 3 contact me to get our restaurant set up with UberEATS in Charleston SC. Can someone please contact me? @109717,@138387 Here to help! Please send us a DM with your email address with details so we can follow up.,Mon Nov 27 22:53:55 +0000 2017,
684870,me and my bank account want to know why you guys are transacting 8.50 everyday from my account when I'm not even in Johannesburg or using your app anymore @Uber_Support @115873,@283462 Here to help! Please send us a note at https://t.co/dInR3racif and we'll be happy to look into this for you.,Thu Nov 23 12:46:41 +0000 2017,
2241635,@Uber_Support How does my promotion disappear with 5 rides left and it expires on the 13 of November,@565528 Let's take a closer look into this. DM us the email address connected with your account profile so we can look into this further.,Fri Nov 10 20:04:03 +0000 2017,
17269,"After entering a destination&amp;getting a calculated fare,imagine my surprise when I was charged 100% MORE than that.Will never use @115873 again",@119800 Here to help! Please send us a DM with your email address and more details about this fare so our team can connect.,Wed Nov 01 04:22:21 +0000 2017,
1294563,@Uber_Support I’m receiving knee surgery tomorrow and will be immobile for at least 1 month in NYC. Can you give me a ride pass or anything?,"@422678 Sorry to hear about that, Hamed. We unfortunately do not have ride passes available outside of our normal availability.",Thu Oct 26 23:08:45 +0000 2017,
274156,@Uber_Support This was an @115877 payment issue. The link is directed to uber rides,"@181504 Hi Claudia, that link will still direct your matter to the appropriate channel once you send the note in. Thanks!",Fri Oct 06 01:22:01 +0000 2017,
2512897,"@Uber_Support I ordered a ride on oct 28 that never arrived, called the driver he said he was in the plaza called him and not right place","@716161 Here to help, Daniel! Send us a note here, https://t.co/e8HVorX5rh, and our team will follow up.",Mon Oct 30 06:38:41 +0000 2017,
902840,"@Uber_Support I hv read every details, but ur driver was lost &amp; I had a train to catch. Ur driver asked me to cancel, I didn't hv 2 pay for cancelation",@334326 So sorry about the trouble! Please send us a DM with your email address and phone number so we can connect.,Sat Oct 14 02:29:24 +0000 2017,
760541,"@Uber_Support Hello, yesterday I paid for a trip that I never took to an address I didn’t choose. So had to book another one.","@301723 Happy to help, Petter. Please send us a DM with your account email address + details and we'll be in touch.",Sat Oct 07 10:51:46 +0000 2017,
645190,@Uber_Support is there anyone available that can respond to messages?,@273146 We've been in touch via DM!,Thu Oct 05 02:44:55 +0000 2017,
2457254,@Uber_Support @115873 refused. I requested him to call uber n get a clarity. He said he doesn't have uber no. Again requested him to call 1/2,@703831 Here to help! Please send us a note via https://t.co/fS660rQ8NQ so our team can connect.,Wed Nov 15 04:47:24 +0000 2017,
379866,"@119983 @115873 had booked a pool for Rs. 99, was charged 293 on completion. Highly absurd, unprofessional &amp; consumer harassment.",@206118 We're here to help! Our team is reviewing your email now and will be in touch. We appreciate your patience.,Mon Oct 09 07:25:40 +0000 2017,
1426217,3 ride requests and 16 minutes later I'm on my way. @115873 worse than ever in Hanoi. Underpaying drivers?,@451328 Here to help! Please send us a note at https://t.co/e8HVorX5rh and we'll be happy to look into this for you.,Thu Nov 02 04:48:06 +0000 2017,
979732,"@Uber_Support always I'm getting notification as ""fare may be higher than expected"" does it look good? Hah? While on my ride!",@325180 We'll be happy to review this fare! Please reach out at https://t.co/Won48KGA87 and we'll take a look.,Sat Oct 14 04:21:35 +0000 2017,
2237917,@Uber_Support I am waiting for the result of my complaint I lodged this is the reason I never use Uber your driver had no right to use cursive language with the customer,@652596 We have received your support request and have notified the appropriate team. They will be reaching out as soon as possible regarding this. We appreciate your patience!,Fri Nov 10 20:41:58 +0000 2017,
2740845,@116276 @3564 @119983 @Uber_Support : why is nobody replying to my requests. My account has been blocked for reasons unknown. Somebody please reach out to me. #UberSupport #UberSupportNotResponding .,"@219998 Hi, Raj. We've escalated your support inquiry to a specialist, and someone will be reaching out to you momentarily. We appreciate your patience and understanding thus far.",Mon Nov 20 17:21:19 +0000 2017,
811849,@115873 My account was charged multiple times for one ride. 🤔😤😒,@116263 Here to help! Send us a note at https://t.co/DceIRNI6kV so our team can connect.,Sun Oct 08 16:14:55 +0000 2017,
1820720,"@Uber_Support you are pathetic with your customer support approach, contact me on +919899546478 as i lost my mobile in the cab and",@546605 Thanks for reaching out. We'll get this sorted out! Please send us a note through https://t.co/Sy2fWIhhC2 so we can help.,Wed Oct 18 03:33:23 +0000 2017,
872557,@115877 we ordered food and it hasn't arrived yet even though the app says it arrived 10 minutes ago 🤔 care to help us out here?,@327153 Sorry to hear about the trouble! Please DM us your Uber account email address so we can sort this out.,Fri Oct 13 15:43:05 +0000 2017,
2162680,@Uber_Support I already spoke with your Team on the phone. Their recommended course of action was to cancel the order because there were no “delivery partners” available 90 minutes after the order was placed.,@281348 It seems a member of our team has reached out to you. Please check your email and follow up with them there.,Thu Nov 09 05:06:10 +0000 2017,
1746987,@Uber_Support No one has contacted me yet regarding your @115877 cyclist damaging my car. It's going on 2 weeks.,@467808 It seems a member of our team has reached out to you. Please check your email and follow up with them there.,Tue Nov 07 15:33:06 +0000 2017,
458018,@Uber_Support Past two trips have been processing for over an hour now and my fares are still saying $0,@223737 Here to help! Send us a note here; https://t.co/1xM0TILvAI and our team will be able to assist!,Fri Dec 01 00:31:09 +0000 2017,
2038888,@115877 @115873 @Uber_Support can I get any help finding a driver? Ordered more than an hour ago. https://t.co/q2aA0ouvch,@602858 We're always working on getting more delivery partners out onto the road. Thank you for your patience with us as we grow. Have a great day!,Thu Oct 05 06:27:24 +0000 2017,
62326,@Uber_Support I was able to finally speak with your customer service department #aweeklater,@130278 Glad we could help. Please let us know if you need additional help.,Wed Nov 01 21:48:19 +0000 2017,
2933990,"@115873 how can you charge me £4 to cancel a trip when the driver is dropping someone off near me, before he comes to pick me up!? 😂 https://t.co/etzTvOqP5J",@811280 Here to help! Send us a note via https://t.co/h840Iouehc so we can help.,Wed Nov 29 09:27:52 +0000 2017,
2841028,@Uber_Support I haven't received an approval yet via email or text to drive and it's been over a week. Is there any way to check the status? The app tells me I'll be notified via text or email but nothing else is available beyond that screen to get help .,"@790547 Here to help! Send us a note here, https://t.co/LDXEzScUGp and our team will follow up.",Mon Nov 27 16:42:41 +0000 2017,
2944901,@Uber_Support I had to pay the amount of Rs 405 in cash as the UPI payment didn't get thru and the driver insisted for cash. Cancel the outstanding amount on my account as already amount is paid in https://t.co/HxCT9Wa2xD can confirm this with the Driver(Nilesh Kumar) as well.,@813501 We just got back to you via DM.,Wed Nov 29 14:59:26 +0000 2017,
1735313,@Uber_Support I don’t think it’s acceptable that your driver accepted my ride despite knowing they were not going to move for a long time?,@523988 We can take a look! Send us a DM with your email address so we can follow up.,Tue Nov 07 14:02:18 +0000 2017,
1466986,"@115873 @Uber_Support got a charge on my company card but no account so no one can tell me why, what, who! Brilliant - not! HELP!!!!",@460502 We can definitely follow up! Send us a note here; https://t.co/mCbloZWiGj so our team can connect.,Thu Nov 02 19:19:16 +0000 2017,
1801641,@115873 my friends left wallet and phone in car. Can’t find any contact details online to call you. Help,"@541328 Due to our privacy policy, we will have to speak directly to the account holder. Please have them contact us via https://t.co/rOtqyWzf0B",Fri Oct 13 08:03:26 +0000 2017,
2886935,@Uber_Support My account isn’t letting me add a new card,@800604 Here to help! For more info please visit; https://t.co/YWcrRDAXHl.,Tue Nov 28 12:40:25 +0000 2017,
2747441,@Uber_Support I no longer have access to a phone number associated with my Uber account. also is it possible to delete your account?,@120792 Happy to help! We can help update the number on your account. Head over to https://t.co/qHlZSjDE9L and we can get started. You can also request an account deletion at https://t.co/LECWe2nuKg.,Mon Nov 20 22:29:56 +0000 2017,
552595,"An @115877 driver gave me someone else's order. I ordered a ham &amp; cheese omelette, they gave me a veggie omelette with some extra stuff. Whoever the vegan is who received my order is most likely on suicide watch.",@248858 We're sorry to hear this was your experience. Contact us via https://t.co/DpLEahcQAT and we'll be in touch.,Sat Dec 02 19:48:01 +0000 2017,
1757188,"On 11/23 I took uber pool, the charge should have been $6.44 but I was charged $9.76...it has a different pick up point other than my home. Support will not change it. @116276",@529064 We're here to help! Send us a DM with your email address so we can follow up.,Thu Nov 30 23:13:49 +0000 2017,
2065021,"@Uber_Support my driver just said ""fuck your mum you fucking idiot to me""??? not impressed at all","@142249 Sorry to hear about this experience, Emma - DM us the trip details for this ride, along with your account email so we can connect.",Sat Oct 07 21:06:28 +0000 2017,
2877375,@Uber_Support Hi I have a problem I received 10 SMS with codes which I didn't order. I'm with UBER for years and never had this problem. Whats going on? Is someone trying to take my account?,@679913 Here to help. Send us a note at https://t.co/kGIXas5Cxg so our team can connect.,Tue Nov 28 06:51:38 +0000 2017,
2910864,@Uber_Support Thank you. I’ll monitor my account for the funds. I suggest investing in your management team. Someone needs to clean up this shit-show you call customer support.,"@128445 Hello, Sean! Thanks for your patience. Please check your DM for our reply.",Tue Nov 28 21:46:06 +0000 2017,
2830152,@Uber_Support Please see to it that this money is scraped cos i will not be paying it@uber my battery died while waiting for that idiot. Such bad service😏 nx https://t.co/xigs0YcO04,@788109 Sorry to hear about the trouble. We do see you were able to write into our support platform and a member of our team has been able to follow up with you. Please head to the Help tab pf your Uber app for this update. Thank you.,Mon Nov 27 14:26:36 +0000 2017,
2388087,"@Uber_Support .Its sad that a driver can decide to cancel my request after being so rude, n then am told that I am to pay kshs150 for that. Am agrieved.",@688110 Here to help. Send us a note at https://t.co/1xM0TILvAI so our team can connect.,Tue Nov 14 08:05:29 +0000 2017,
2497953,When u call out the guys who claim to be @115873 drivers and the looks on their face are like what we didn’t say that like fuck off I heard u,@194343 We're here to help! Send us a DM with your email address and more specific details so we can follow up.,Mon Oct 30 02:26:28 +0000 2017,
2435783,"@115873 this guy refused to take us to Salem after he accepted to take us there, and he was so rude about his mistake 🙄🙄 so thnx for nothing 😐 https://t.co/QXpu0KTAPW",@698854 We're sorry to hear about your experience! Can you please contact us via https://t.co/iOszeeHZhQ so our team can connect.,Sun Oct 29 14:22:43 +0000 2017,
2037411,@116288 @115873 @Uber_Support KA11B2405 asking for cash and refusing pick up. Not even cancelling the trip. I am being charged to cancel the trip,"@602417 Thanks for reaching out, we'd like to take a look. Send us a note with the trip details at https://t.co/593jusCquh and we can follow up.",Tue Nov 07 01:48:24 +0000 2017,
2051601,@115877 your app isn't working right now and I'm hungry 😡😑,"@606724 So sorry for the trouble, Tim! Our team is aware of the issue, and we're working to get back up and running as quickly as possible.",Thu Oct 05 19:22:57 +0000 2017,
2961903,"@115873 and @Uber_Support has no heart for people who are being scammed so yeah basically moral of the story is u cant trust anyone anymore and dont EVER use uber bc they have no way of being sure about their riders ""mess""",@816031 Here to help. Send us a note at https://t.co/k0r0Fj18wo so our team can connect.,Wed Nov 29 21:05:05 +0000 2017,
135676,@Uber_Support Not interested. I shall refrain from using your pathetic service for a while.,@146579 Here to help! Please confirm your email address or phone number so we can further assist.,Fri Nov 24 09:17:55 +0000 2017,
2185938,@Uber_Support How would I go about doing this? I find the app super confusing so only use the website.,"@640169 Simply navigate to the ""help tab"" and choose the appropriate contact type. You're more than welcome to select the appropriate contact type at https://t.co/9zsMJKZ2dB as well if you prefer the website.",Thu Nov 09 18:28:34 +0000 2017,
2596564,@Uber_Support I have a reference,@468518 Happy to help. DM us with a few more details regarding your inquiry so we can assist you further.,Fri Nov 17 16:05:47 +0000 2017,
1608435,@Uber_Support Will file official complaint from in app as soon as trip ends.,@325710 Here to help. Send us a note at https://t.co/zUe0dj6yoX so our team can connect.,Sun Nov 05 09:48:40 +0000 2017,
265440,"@Uber_Support. I have paid 376 to the driver however the receipt shows the cash received as 0.. Need correct receipt, 24 Oct 2017,Delhi","@179239 We're here to help! Send us a note here, https://t.co/OhfgxSAY58 and so our team will assist.",Fri Nov 03 06:19:01 +0000 2017,
1086129,@Uber_Support I just messaged it to you,@375721 It seems a member of our team has reached out to you. Please check your email and follow up with them there.,Mon Oct 23 18:29:39 +0000 2017,
2256018,"@657075 @115877 shooot, my whole order was wrong missing 2 bags of chips, complete wrong menu item. no drink",@657074 We'll be happy to take a closer look. Send us a note via https://t.co/ZFaWy0Lkdu so our team can connect.,Fri Nov 10 23:04:42 +0000 2017,
312467,@115873 do you have customer care number ? Please share soon on urgent basis,"@190618 At this moment, we don't offer phone support for these issues. Visit this link https://t.co/QDn91HzZV0 so our team can assist.",Sat Oct 07 03:43:40 +0000 2017,
699915,"@Uber_Support @286990 Ridiculous service, cold food and an hour late. Unacceptable and disappointing.","@286989 Sorry for the trouble! Send us a note here, https://t.co/jP6giifgNM and our team will be in touch.",Thu Nov 23 16:10:44 +0000 2017,
704667,@115873 I’ve been your long term client th,@143073 We're here to help! Send us a DM with your email address and more details about your concern so we can assist.,Thu Nov 23 18:33:31 +0000 2017,
2143478,"@115873 I don't seem able to verify my phone number, tried texting 827222 but it won't send? Didn't receive any text on sign up.",@630195 Happy to help! Send us a note at https://t.co/dwDjAokZht so our team can connect.,Thu Oct 19 09:40:30 +0000 2017,
921227,@Uber_Support I need to talk to some one asap. Either you guys have been hacked or someone spoofed my card and is using it for Uber rides,@338689 We want to look into this asap. Send us a note here https://t.co/J1AzB6DDDr and a member of our team will be in touch.,Sat Oct 21 04:05:51 +0000 2017,
2064014,"@115877 pathetic, used you many times. Driver is lost on my road stops outside my complex and cancels order!!! Last time I use you","@610439 Sorry to hear about this experience, Lindsay. Please get in touch with our team here; https://t.co/TjunzotwGZ, so we can further review.",Fri Oct 06 17:01:28 +0000 2017,
2639794,@115873 Can't login with my Cayman Islands phone number on your Android app. Country code shows +965 (which is wrong) instead of +1 (or +1 345) so can't receive SMS message. Please can you fix!,@744985 Here to help! Contact us via https://t.co/dwDjAokZht so we can connect.,Fri Nov 17 21:19:20 +0000 2017,
603556,@Uber_Support my uber didn’t turn up and I got charged for it pleas can you help,@263407 We're so sorry for the trouble. Send us a note via https://t.co/e8HVorX5rh so we can assist.,Sun Dec 03 22:56:04 +0000 2017,
2478463,"@Uber_Support Hi there, lost item in a car last night, I have DM you full details and submitted enquiry online. Please help me! :)",@410913 We have followed up via DM.,Sun Oct 29 19:49:38 +0000 2017,
2957793,@Uber_Support useless,@816393 We were able to follow up with you via DM. Please get back to us there if you have any questions.,Wed Nov 29 19:40:50 +0000 2017,
855200,@115873 How u can Disable my UBER Account suddenly without any information. Disgusting.@Uber_Support,"@323113 We can take a look! Contact us here; https://t.co/BDlHSjUF9c, so we can help.",Sun Nov 05 20:52:50 +0000 2017,
28498,@Uber_Support @115877 #UberEATS kinds sucks!,@122235 Let's take a closer look! Send us a note via https://t.co/h3vAjBLlBH so our team can follow up.,Wed Nov 01 10:45:51 +0000 2017,
2866528,@Uber_Support Now can't submit my reply,@796152 Hi there! Please DM us your email address so we can further assist.,Tue Nov 28 00:54:46 +0000 2017,
1742762,@Uber_Support do you still offer promotions for new user referrals?,@525689 Hi there! Please visit; https://t.co/FQNTfKa7k0 for more info. Please let us know if you have any other questions or concerns.,Tue Nov 07 14:16:23 +0000 2017,
2533304,@Uber_Support I had a 25 minute drive back to my hotel and the charge went up 50 bucks. My driver made an unexpected stop leaving us in the car.,@276094 We're here to help! Send us a note at https://t.co/fBBjumhuHB so we can assist.,Mon Oct 30 12:31:05 +0000 2017,
2764524,"@Uber_Support Ordered an uber yesterday night and the driver cancelled on me. Not only did uber take €5 from me because of this cancelation, but still have not refunded me for my journey: I was forced to order another uber so have essentially payed double.","@773266 Sorry to hear that. Send us a note here, https://t.co/h840Iouehc and our team will be able to assist.",Tue Nov 21 08:34:16 +0000 2017,
1887865,"@Uber_Support It’s almost been 24 hours, but I haven’t heard anything from your team.","@563042 Hi, Sanjeev. A member of our team will be following up, please keep an eye out on your notifications for us. Thanks!",Thu Nov 09 04:29:44 +0000 2017,
36154,"@Uber_Support Above all, I had to pay the cancellation fee. 3rd instance in one week.",@123869 Sorry to hear about that! Can you please contact us via https://t.co/593jusCquh so our team can connect.,Wed Nov 01 13:43:50 +0000 2017,
1374664,@115873 Why bother employing drivers who have no idea where they're going. Terrible service and company,@439973 Here to help. Send us a note at https://t.co/e8HVorX5rh so our team can connect.,Sat Oct 28 00:41:32 +0000 2017,
1157047,@115877 is really trying my patience today. 1st the driver didn't deliver my order cuz he didn't want to come up the stairs. Now I've been on hold for 20 mins. I think it's a sign that I should stop ordering with them so much. I'm sure my wallet &amp; waistline will thank me. #uber https://t.co/vnABPOgkFt,@392184 Sorry to hear about that! Can you please contact us via https://t.co/NwH1Sgj79J so our team can connect?,Sat Nov 25 18:50:03 +0000 2017,
2355357,@Uber_Support i suddenly can't order mcdonalds to my address and it was only last week i did this - why suddenly has this changed?,@154961 Happy to help! Send us a DM with your email address and our team will follow up.,Mon Nov 13 19:17:19 +0000 2017,
25036,"@115873 @Uber_Support can you please justify this, 11 km of distance 129Rs was the fare in Uber pool &amp; here come the final bill of 1046 Rs. https://t.co/4SKqbHq7M1",@121411 We're here to help! Please send us a note here; https://t.co/1xM0TILvAI so our team can connect.,Mon Oct 30 13:01:03 +0000 2017,
468321,@Uber_Support Why should I send an email when you have Uber support on Twitter.,"@226510 Hi, Sailesh. Please send us the trip details via DM and we'll be glad to take a look. https://t.co/sd7yH5jmbJ",Fri Dec 01 06:09:12 +0000 2017,
1889570,"@115877 ordered my food, driver calls saying he’s at the wrong place which is two minutes away, then he cancels my order and eats me food","@563500 We're here to help, Savannah. Please DM us with the email address linked to your Uber account, so we can connect. https://t.co/sd7yH5jmbJ",Sun Oct 22 09:01:13 +0000 2017,
727924,@115873 I was scammed by a uber driver. He dropped me off then drove back to pick up spot before ending ride. #uberdriverscam https://t.co/xanbvkOEYa,@294382 Here to help! Send us a note at https://t.co/fS660rQ8NQ so our team can connect right away.,Wed Oct 11 04:30:42 +0000 2017,
2071289,"@Uber_Support Hello, I cannot sign in to my account. I forgot my password. My phone number is +919494884987",@612561 We are happy to help. Just click on forgot password and then it should let you reset it. You can also try to log in on a desk top to reset.,Mon Oct 09 02:23:32 +0000 2017,
2356945,"@115873 And then, @115873 sends an email AFTER I reached out to them that I may have possibly left an item with the driver. 13 hours after my ride. I have no time, or patience for this joke of a company and it’s lack of customer service.",@680870 Our team is currently reviewing your email and will connect shortly. Thanks!,Mon Nov 13 21:16:23 +0000 2017,
1648534,@115879 Thanks for the ride when our @115873 never showed and won't cancel because he wants to steal my money,@503619 We're sorry to hear this was your experience. Contact us via https://t.co/fS660rQ8NQ and we'll be in touch.,Sun Nov 05 22:34:44 +0000 2017,
1331320,@115877 What kind of restaurants u are adding. Ordered burger today bt they were one of the worst i have evr had. #UberEATS @Uber_Support https://t.co/X2QyZWIOpO,@430584 We're here to help! Send us a note via https://t.co/OWBkgXcbMl so our team can connect.,Fri Oct 27 12:02:16 +0000 2017,
56023,"@Uber_Support Got a ""Get ready for Ride Pass"" email a few days ago but not the ""Ride Pass on sale now"" like before. scheduled for today 10am",@127625 We see your DM and will connect with you there shortly. Thanks for your patience.,Wed Nov 01 18:14:26 +0000 2017,
2873716,@Uber_Support I have done it but it's been over half an hour rider has still not ended the trip and he is not picking up the phone,@797824 Sorry for the trouble. Please send us a DM with your email address with details so we can follow up.,Tue Nov 28 04:38:11 +0000 2017,
19582,"@Uber_Support Are you guys active in resolving passenger issue ? Or just in promoting urself as "" apni gadi samjho "" campaign?",@218054 Please send us a DM with your Uber account email address and phone number so we can follow up. https://t.co/sd7yH5jmbJ,Tue Oct 10 15:25:17 +0000 2017,
1537645,"@Uber_Support how come my account is disabled and when i went to make new account, it automatically disabled that one?","@476685 Here to help, Ryan. Send us a note at https://t.co/BDlHSjUF9c so our team can connect.",Sat Nov 04 01:14:02 +0000 2017,
485480,@115873 YOUR driver changed my destination after dropping me off at my ORIGINAL destination charging me double. And now you support people arent DOING THEIR job and fixing this issue and getting half my money back. I WANT A CS NUMBER and not that stupid 1800UBER,@230500 We're here to help! Send us a DM with your email address so we can assist.,Fri Dec 01 15:08:56 +0000 2017,
2872850,Been off work for a half an hour and still haven't fucking made it home. I'm so irritated right now. @115873 fix your app so I don't get charged when your Uber drivers don't know where they're going.,@797621 We're sorry to hear this was your experience. Contact us via https://t.co/e8HVorX5rh and we'll be in touch.,Tue Nov 28 03:32:35 +0000 2017,
1806890,@115873 your drivers are thieves! My girl lost her phone and the driver sped off and shut his account down within two minutes!! Figure it out!,"@542851 Due to our privacy policy, we will have to speak directly to the account holder. Please have them contact us via https://t.co/rOtqyWzf0B.",Sat Oct 14 08:26:40 +0000 2017,
321248,"@Uber_Support Morning! I have a 1.50 charge that says Uber help, can you explain please?",@166635 Happy to help. What you're more than likely seeing is an authorization hold. Check out this page here; https://t.co/0FF442OiW4,Sat Oct 07 12:41:16 +0000 2017,
1396814,I hate it when @115873 drivers take the long route on purpose just to make more money. 😒😒😒,"@444818 We're sorry to hear this was your experience. Send us a note here, https://t.co/y4EDPcVZOI, and our team will be in touch.",Sat Oct 28 14:59:05 +0000 2017,
2704298,@Uber_Support @115873 every time I ask a ride from LHR the driver call me asking me where I am going. Is this the new normal now?,@759532 Here to help! Send us a note here https://t.co/fS660rQ8NQ so we can assist.,Sun Nov 19 22:02:28 +0000 2017,
2451738,"*sigh* And @115877 forgot one of our entrees. No working option to replace or refund, only able to contact via email.",@702538 That doesn't sound right. Can you please send us a DM with your email address so we can look into this?,Sun Oct 29 17:16:08 +0000 2017,
2815011,".@122828 I’ve never seen something more pathetic in my life. After walking 7 minutes to the new rideshare pickup sort, I’ve been waiting for my @Uber_Support for 40+ min. This is #unacceptable",@784805 Here to help! Send us a note via https://t.co/e8HVorX5rh so we can connect.,Mon Nov 27 02:30:02 +0000 2017,
143617,@115873 @Uber_Support uber so irresponsible. I left my bottle in cab on 10nov morng. Reported on app.. Even informed to driver.. But not getting any response. It has been 2 weeks. Pathetic. https://t.co/LLFIkrYMvD,"@148159 Hi, Anuj. Support inquiries are responded to in the order they're received in. We appreciate your patience and understanding while our team works hard on your issue. Please keep an eye out for updates via in-app support and respond there as necessary. Thanks!",Fri Nov 24 12:56:25 +0000 2017,
958920,@115873 I'll take a refund on the cancellation my driver stayed parked and wouldn't pick up his phone.,@163379 Please send us a note at https://t.co/h840Iouehc and we'll be happy to look into this for you.,Sun Oct 22 01:29:54 +0000 2017,
1072791,What the hell is @115877 and how is someone using it to spend £50 at McDonalds on my account??,@373140 Hi there! We're here to help. Can you please provide us your email address? From there we'll be able to assist further.,Mon Oct 23 16:23:44 +0000 2017,
445713,"I know i am a bit late about 3 minutes (based on the time of miscalled). I am on my way down from my office while calling back the driver, however he didn’t pick up the call and canceled my trip. And now i need to pay for the cancellation. Thank you @115873",@220548 We're here to help! Please send us a note via https://t.co/QsI1vsdATF so we can assist.,Wed Nov 22 10:09:11 +0000 2017,
28501,@115873 and their Support is... uugghhh @uber_support maybe I am having incorrect expectations from their support team.,@122236 Here to help! Send us a note at https://t.co/e8HVorX5rh so our team can connect.,Wed Nov 01 10:12:13 +0000 2017,
2432943,also this is the first time i order from uber eats here and im crying it took literally 15 min since i ordered till i got my food hgjkfdh,@698228 Here to help! Please send us a note at https://t.co/jP6giifgNM and we'll be happy to look into this for you.,Tue Nov 14 21:12:00 +0000 2017,
2885988,"@Uber_Support yes they send a link to login , but to login i need mobile number because when i am login it is asking me to enter verification code but that mobile i lost in uber cab",@457383 We've escalated this inquiry to the appropriate team and they will be responding shortly via in-app/email support. We appreciate your patience.,Tue Nov 28 14:57:39 +0000 2017,
125051,You know when you order a PLAIN pizza and chips and an hour and a half later @115877 sends you this.... https://t.co/Zd8qsuZ7Nt,@143670 We see your message and will be following up via DM.,Fri Nov 24 02:08:19 +0000 2017,
1399451,@Uber_Support This is shalini..I lost my phone..akash just tweeted about this..tell me what to do.,@445408 Happy to help! Find out more about contacting your driver here; https://t.co/2lBRkEYOyB.,Sat Oct 28 16:18:33 +0000 2017,
2686090,@115873 should reimburse whenever a driver takes longer than they're supposed to. 15 minutes ago it said 6 minutes away.,"@755371 We're here to help! Send us a note here, https://t.co/e8HVorX5rh and our team will be in touch.",Tue Oct 31 17:17:22 +0000 2017,
872801,@115873 I found an issue with web page report of trips. How shall I claim it?I would like also to claim bad (forced by apps) pickup selection.,@327212 Here to help! Send us a note via https://t.co/u3MyknJaaN so our team can connect.,Fri Oct 20 20:28:55 +0000 2017,
2416840,@115873 why would you give me a static price pass but charge me differently bc 1 day of uber pass overlaps w/a holiday?!!! #falseadvertising,"@694565 Sorry to hear about the troubles, Crystal. Please send us a note at https://t.co/ArZXskiMp0 so we can look into this for you.",Sun Oct 29 08:23:06 +0000 2017,
954952,@Uber_Support Ok I just added a debit card and it's still doing what it was doing before. It won't accept gift card or credits as payment:(,@225871 Thanks for reaching back out to us about this. Can you please DM us the error message you're seeing so we can further assist. We look forward to your reply.,Fri Nov 10 22:29:39 +0000 2017,
1559402,@Uber_Support I requested a trip but the driver was rude he refused to take a trip after i was in his car and he charged me for no reason https://t.co/1mrAsTHyxE,@481898 That doesn't sound right. DM us the email address connected with your account so our team can follow up with you!,Sat Aug 19 19:25:09 +0000 2017,
513014,@Uber_Support It doesn’t take 900 years to respond to someone’s request I believe I’ve been patient enough.,@238028 We can confirm your support inquiry was received. Our team responds to them in the order they are received and will be in touch ASAP. In an effort to keep any communication from being lost please be sure to follow up there.,Fri Dec 01 22:54:45 +0000 2017,
1592100,@115873 driver cancelled my ride now there's a surge. I'm fuming. That's made me mad,@489402 Oh no! Thanks for bringing this to our attention. DM us your account email along with details for assistance.,Sun Nov 05 00:42:34 +0000 2017,
1138490,@Uber_Support something is broken in your email campaigns. I haven’t taken a trip in months. https://t.co/V8sw1HWtS7,"@388165 Here to help! Follow up here; https://t.co/SjsQQ8ofRq, and our team will connect right away.",Wed Nov 08 18:56:20 +0000 2017,
1736124,@Uber_Support guys you charged my in the wrong currency. rate was in ARS (argentina) pesos and you charged in USD. please help.,@257016 Please connect with us at https://t.co/wW2bTlNcsR so we can look into this.,Tue Oct 17 19:40:58 +0000 2017,
2390597,@148768 @115877 In the area that this is avaliable but ubereats do not have the option to order 0 results found when typing Krispy Kreme. @148768 selling dreams 😔,"@692729 Hi, Chyna! Please try reinstalling the app, making sure your phone is updated, and that the location services in your phone's settings are turned on. Demand is very high today, but keep trying.",Tue Nov 14 14:10:20 +0000 2017,
583006,@Uber_Support Your GPS system could not find the address and so we ended up going the wrong direction and through two unnecessary tolls. Not the fault of my kind driver at all. But it should have been a straight shot downtown with one toll.,@257486 Here to help! Send us a note via https://t.co/y4EDPcVZOI so our team can get in touch.,Sun Dec 03 13:56:32 +0000 2017,
412209,@119983 @116288 @115873 driver lied &amp; collected cash for a card-payment trip at Chennai airport. Plus behaved insensitively with my aged invalid mother. Your in-app support team callously dismissed the issue,@213345 Happy to take a closer look! Send us a DM with your email address with details so we can follow up.,Sat Nov 25 05:51:35 +0000 2017,
1259342,@115873 @Uber_Support @119983 @116288 can anyone revert on my queries raised in app help?,"@415062 Sorry for the delay, Arvind. We're currently reviewing your email and will be in touch. We appreciate your patience!",Thu Oct 26 08:53:48 +0000 2017,
2816706,Can I @115877 a bottle of @108042 white blend?,@785198 Here to help! kindly visit this link; https://t.co/UN59aWhdgb to assist you further.,Mon Nov 27 03:25:15 +0000 2017,
2881615,"@115873 I am completely annoyed by Uber behaviour today.At the Heathrow airport que ,I got a local job which Uber repeatedly promised would not do.Such a deceitful organisation!",@501506 We're here to help! Send us a DM with your email address and more details so we can follow up.,Tue Nov 28 09:04:43 +0000 2017,
931866,@Uber_Support what are the approx response time estimates? Website says 24/7. I need an uber later but I cannot add payment method. Also in app assistance is not working. Thanks!,@341047 We're here to help! Send us a DM with your email address so we can connect.,Wed Nov 08 09:04:40 +0000 2017,
2229942,"@Uber_Support why can't I use the promocode BLRNOV75. If I can not ise it, then why the hell do you guys send me sms about promo https://t.co/BvMVjUtaor","@650774 Sorry for the trouble! Send us a note here, https://t.co/L2aXwzUpuB and our team will be in touch.",Fri Nov 10 14:11:18 +0000 2017,
1366475,"@115873 I'm having trouble with your app requesting a cab, driver confirms, app seems to freeze and then it re-requests a new driver.. advice?",@438097 Here to help! Send us a note via https://t.co/u3MyknJaaN so our team can connect.,Fri Oct 27 21:44:10 +0000 2017,
2562454,@115873 will I be able to uber in a different city if I'm in the same state? Visiting family in Houston and I'm driving from El Paso,@727190 Hello there! Nothing to worry about. You should be able to drive with Uber in all Texas cities if you are listed in El Paso.,Thu Nov 16 17:33:46 +0000 2017,
1971856,So what do u do if u think ur uber driver is drunk driving u home.........@115873,@584078 Here to help! Send us a note via https://t.co/IeSxT5cVHC so our team can connect.,Sun Nov 26 10:19:34 +0000 2017,
318909,Hi response is not satisfactory. Do you think you have capacity to answer query @Uber_Support @116288 @192081 @3924 https://t.co/o7kZeoCl5T,@192080 Hello! Thanks for your patience. Please check your DM for our reply.,Sat Oct 07 10:38:15 +0000 2017,
40584,@115873 how is it I can get charged because a driver’s lost on his way 2 me but said driver can cancel on me w/ no penalty for taking my time,@124908 We're so sorry for the trouble. Send us a note via https://t.co/h840Iouehc so we can assist.,Wed Nov 01 15:13:41 +0000 2017,
2758277,@115877 I’m trying to give my code to someone but it keeps giving them an error and this the first time using it. What do I do?,"@138379 Here to help! Send us note via https://t.co/h3vAjBLlBH, so our team can connect.",Tue Nov 21 03:51:41 +0000 2017,
2170149,@115873 shocking. Driver started the trip and was parked up on the map. Furious,@374643 We're so sorry about that! Please send us a DM with your email address with details so we can connect.,Thu Nov 09 03:41:41 +0000 2017,
2872836,"@Uber_Support I have no idea how Uber manages to operate, their autoloading app for your documents didn't work for pdfs so i had to take pictures of my screen, now i got my docs uploaded no response, chased them up via email - no response they just dont care",@797618 Happy to take a closer look! Send us a DM with your email address so we can follow up.,Tue Nov 28 03:51:15 +0000 2017,
1464408,@Uber_Support My Uber account not working even after mails to Uber no response yet! Can't book any rides. Please take some action asap!!!,@459911 Hi Vividha! It seems a member of our team has reached out to you. Please check your email and follow up with them there.,Thu Nov 02 18:59:25 +0000 2017,
2213512,@115877 WHY HAS THIS BEEN HAPPING FOR 10 MINS WAH https://t.co/KtIMI6FMG8,"@646890 Thank you for writing in, Cassie. We definitely understand the frustration here. At this time, it appears that there is unusually high traffic within the app. We are unfortunately not able to provide any immediate resolution, and we appreciate your patience. Have an awesome day!",Fri Nov 10 03:31:18 +0000 2017,
349460,@Uber_Support Its already updated 5 times in through ur __email__,@199169 Sorry for the delay. Our team is currently reviewing your email and will follow up shortly.,Sun Oct 08 08:42:52 +0000 2017,
2409590,My @115877 @148768 order was cancelled! I was so close! Why give me such false hope 😞 what a let down... It's like the Star Wars Prequels all over again! https://t.co/5Fd4KqCn1x,"@161525 We’re sorry to hear that, Vic. Please try and re-order again. If you would like us to look into it, send a note through the ""Help"" section in the UberEATS app.",Tue Nov 14 14:37:39 +0000 2017,
2511227,@115873 whats the point in paying INR 30 as cancellation fee when driver is yet to drop his previous pick up &amp; it takes 30 mins to drop them,"@715780 Sorry for the trouble! Send us a note here, https://t.co/e8HVorX5rh, and our team will be in touch.",Mon Oct 30 05:02:46 +0000 2017,
1249083,THIS UBER DRIVER IS PISSING ME OFF HE IS STILL AROUND MY HOUSE AREA AND I HAVE TO BE AT SCHOOL IN TENS MINUTES WTF,"@413062 Here to help! Send us a note here, https://t.co/e8HVorX5rh, and our team will follow up.",Thu Oct 26 01:50:30 +0000 2017,
156058,@Uber_Support I was wondering if it was possible to make an order in ubereats and then pick it up myself at the restaurant?,"@151830 Hi there, we're here to help! Send us a note here; https://t.co/NcKEnQDmxQ so we can help.",Fri Nov 24 17:22:35 +0000 2017,
1107415,@115873 @Uber_Support 🗣🗣UNBLOCK MY ACCOUNT🗣🗣 (please),@218872 Here to help. Send us a note at https://t.co/Md7v036OoC so our team can connect.,Tue Oct 24 00:34:02 +0000 2017,
2768362,"1/ After getting pushed into the travel lane for the 1000th time by 2 @115873 cars parked in the bike lane, @101905",@761397 Our team is reviewing your email and will be in touch. We appreciate your patience!,Tue Nov 21 11:37:18 +0000 2017,
349288,Hello @115873 @119983 @Uber_Support https://t.co/WbQYOUrShL,@199136 So sorry to hear that! Please send us a message here; https://t.co/QsI1vsvcif and we'd be happy to take a look.,Sun Oct 08 07:28:47 +0000 2017,
663990,"@115873 one of your drivers rear-ended my car tonight, I am hurt and disappointed!!",@278243 We hope everyone is ok. Please DM us your email address so we can follow up immediately.,Thu Nov 23 02:02:00 +0000 2017,
1494840,"@Uber_Support ... this is pretty useless to me, my driver seems to have rated me strategically since he prob thought I would rate him down ☝🏽 #pathetic",@467088 Sorry to hear about that! Send us a DM with your email address so we can follow up.,Fri Nov 03 12:21:50 +0000 2017,
2833737,"I was going to shop for my husband for xmas on our one non-joint account today, but then I realized there were over $700 in unauthorized @115873 charges and I had to report my account for fraud 🙃😐 #GreatThanks",@124653 Here to help! Please send us a DM with your email address so our team can assist.,Mon Nov 27 14:07:56 +0000 2017,
2851353,"Got robbed by @115873 driver on thanksgiving day, dude rated himself and tipped himself. What kind of shit is that.",@792808 We're sorry to hear this was your experience. Please send us a note here; https://t.co/fS660rQ8NQ so we can assist.,Mon Nov 27 19:42:12 +0000 2017,
2686912,"@Uber_Support cab reached me after 20 minutes and I have been charges wait time charges. Good job. Ur cab gets late, I pay. Great uber mind at work, loot the passenger. Attention: all uber riders, pls check ur invoices. Uber mints money by any mean any time.","@755565 Happy to help! Send us a note here, https://t.co/WJq5jsdLlf, and our team will follow up.",Sun Nov 19 13:26:34 +0000 2017,
1383921,I love it when ur Uber driver calls u and abuses you cos he can’t find you &amp; then cancels. #quality #service @115873 @33998 #gps,@442068 We take this very seriously. Please send us a DM with your email address so we can connect ASAP.,Sat Oct 28 08:08:12 +0000 2017,
95718,@Uber_Support I can't place my order because when I put in the verification code it says something went wrong on your end,@136834 We're here to help! Send us a DM with your email address so we can connect.,Thu Nov 30 16:26:16 +0000 2017,
2762782,@Uber_Support a driver has confirmed he has my Mum's ipad but now won't answer calls. We've tried for over 24 hours... Help?,@772890 Due to our privacy policy we're not able to address these concerns over social. Please have the account holder (or the person you're writing in for) contact us at https://t.co/oY5vj3NqP3 so we can assist them further. Please let us know if you have any other questions.,Sun Nov 19 03:06:15 +0000 2017,
1375750,@115877 It's been an hour and I am hangry and I just want shit food delivered to me,@195281 sorry to hear this was your experience. Contact us via https://t.co/jP6giifgNM and we'll be in touch.,Sat Oct 28 01:10:07 +0000 2017,
463436,@Uber_Support @119983 wth this is? even after applying promo Im getting #uberGO in almost Rs.200? which used to be around Rs.35-50 daily. @115873 https://t.co/QAFkpNdXdu,@225161 Here to help! Follow up here; https://t.co/lqVgKo4ZO3 and our team will connect right away.,Fri Dec 01 03:19:28 +0000 2017,
980286,@Uber_Support Thank you very much! I will send you a DM as soon as i can. Please help me to get back my password.,@352430 We're here to help! Please use the link in this message to send us a DM. https://t.co/sd7yH5jmbJ,Mon Oct 23 09:58:48 +0000 2017,
1821807,"@Uber_Support Your info is incorrect. As the image shows, the app rejects the ‘while using’ option. So to use Uber I have to let it spy on me 24/7? 😕","@546906 Thanks for reaching out. We suggest uninstalling your app, then reinstalling to ensure you have the most updated version of the app.",Wed Oct 18 04:10:15 +0000 2017,
1496775,@Uber_Support Sent. WhT on earth is going on ?,"@168370 Hi, we have followed up with your DM.",Fri Nov 03 16:13:36 +0000 2017,
2711922,"@115873 why are the drivers &amp; cars getting worse &amp; worse, you guys are slipping, been riding with #uber since 2011 very disappointing",@761399 Here to help! Send us a note via https://t.co/fS660s7JFo and we'll be in touch.,Mon Nov 20 02:27:35 +0000 2017,
76231,@Uber_Support team I was showed 44 rupees for trip and charger 101 I will like to know y and the route was as per driver and map this is disgusting,"@133051 Hi, Geet. Our team works to respond to each individual inquiry in the order which they are received. We see your outreach and a member of our team will be following up to assist as soon as possible.",Tue Nov 28 13:50:38 +0000 2017,
496103,"@Uber_Support hi guys my account has been hacked, and some large uber eats charge have been applied to my account. I lost about $1500","@233333 Here to help! Send us a note here, https://t.co/kGIXas5Cxg and our team will follow up.",Fri Dec 01 17:58:55 +0000 2017,
2294464,@115873 Waited 20+ mins for this driver and made me late to work! I couldn’t cancel it cause it was past 2 minutes of confirming it #notcool https://t.co/uHpcLZJXEb,@666261 We're here to help! Send us a note via https://t.co/fS660rQ8NQ so our team can assist.,Thu Oct 19 20:05:54 +0000 2017,
1706273,@Uber_Support hey guys! My account is disabled for some reason. Could someone help me with this?? :)),@517124 We have followed up via DM.,Mon Nov 06 22:54:10 +0000 2017,
962690,@115873 I am not getting charged CZK 60.00 for a guy who cancelled on me. Fix it. https://t.co/Esa9OMcam9,@348442 Here to help. Send us a note at https://t.co/wW2bTlNcsR so our team can connect.,Sat Oct 21 22:24:22 +0000 2017,
719426,@Uber_Support That link was about cancellation fees. I wasn't charged but am mad. Driver should be reported,"@292173 Hi Cheryl, you can do this via the 'Help' tap in-app or by going to https://t.co/593jusCquh and a member of our team will be in touch.",Wed Oct 11 01:27:46 +0000 2017,
2759175,"@Uber_Support off late dere is new dirty trend adopted by uber drivers. U book a ride fr airport and when driver arrives he asks for seperate toll fee &amp; if you say no..he cancels, leaving you stranded, pure situational blackmail, and uber support has no clue.",@772059 We're here to help! Send us a note at https://t.co/fS660rQ8NQ so we can assist.,Tue Nov 21 04:11:45 +0000 2017,
2390595,@148768 @115877 I'm in Enfield &amp; it doesn't work,@692679 We're so sorry you didn’t your FREE Original Glazed Dozen box. Demand was through the roof and stocks ran out! Stay tuned for more fun promotions soon!,Tue Nov 14 14:12:39 +0000 2017,
458001,@Uber_Support So is your answer nothing?,@223734 Please give our team some time to look into this and respond accordingly. Thank you for your patience while we work on this.,Fri Dec 01 00:47:43 +0000 2017,
686950,"@Uber_Support Done so, but this keeps happening. Surely there must be checks in place to prevent this from happening..",@284036 We're here to help! Send us a DM with your email address so we can connect.,Thu Nov 23 13:45:26 +0000 2017,
177909,@Uber_Support Didn’t get an email. It’s the next day. Really dude,@157913 It seems a member of our team has reached out to you. Please check your email and follow up with them there.,Sat Nov 25 16:11:28 +0000 2017,
1249757,@Uber_Support Have the courtesy to reply. Don’t behave as if nothing happened. Wake up. These kind of services won’t take you far,"@413225 We definitely understand the concern here, Vaibhav. Please reply to our team via in-app support so we can continue to follow up.",Fri Oct 27 11:18:14 +0000 2017,
1054851,This #Uber #driver #cancelled on me for no reason! Drivers like him give Uber a #bad #name. #beware @115873 @131434 https://t.co/IvR4Svxd0G,"@369240 Hello Marc, we're here to help! Send us a note via https://t.co/593jusCquh so our team can connect.",Mon Oct 23 11:15:59 +0000 2017,
2715212,@Uber_Support An email i got from you is the same generic cookie-cutter message I got from the app msg originally almost a day ago! We R back to square one. This #badcustomerservice is getting worse w @115873 &amp; @Uber_Support I just hit 1000 FIVE STAR ratings w Uber today. Am I worth helping? https://t.co/bdWhaRp2Ty,@762206 We're currently reviewing your email and will connect shortly. Thanks!,Mon Nov 20 05:57:53 +0000 2017,
2247820,"Pregnant HULK RAGE: @115877 forgot the @121182 SANDWICH in this breakfast sandwich order. 8 months pregnant, here. I’m HANGRY (w actual tears). #neveragain #thanksdwight #thanksubereats #hormonaltears #YouHadOneJob https://t.co/SQSOqHDpZK",@655023 We're here to help! Send us a note via https://t.co/rpgpQWLRtD so our team can assist.,Sat Nov 25 15:18:33 +0000 2017,
875047,@Uber_Support why are te bonuses getting smaller and the trips to reach them getting bigger. if this continues I'm just switching 2 Lyft,"@327748 Thanks for reaching out, Fernando. Please provide details here; https://t.co/CER3c4xUbG, so we can better assist.",Fri Oct 20 20:55:52 +0000 2017,
2407053,What's going on? @115877 @148768 🙄 https://t.co/DclUMNAxcY,"@692229 Sorry for the trouble, Seraphine! We're working hard to get Krispy Kreme to as many people as possible! Keep trying.",Tue Nov 14 14:07:04 +0000 2017,
526677,"@Uber_Support Hi, my friend thinks she left her phone in an Uber. She can’t login to her Uber account because it requires two step verification. How can she get in contact with her driver to see if she left her phone in her Uber?","@241889 Due to our privacy policy, we will have to speak directly to the account holder. Please have them contact us via https://t.co/rOtqyWhDC1.",Sat Dec 02 07:00:59 +0000 2017,
76195,@Uber_Support Ok,"@133049 We have replied via DM with some information, please follow up with us here.",Thu Nov 30 06:31:00 +0000 2017,
2729260,@Uber_Support You have blocked me from choosing help on that trip. In App &amp; here on Twitter you keep giving vague statements instead of telling me why I was charged for a trip I did not take &amp; when are you refunding me,"@765210 Hi, Nhlanhla. We have followed up via email. If you have any additional questions or concerns, feel free to let us know.",Tue Nov 21 18:41:46 +0000 2017,
104017,@Uber_Support I was receiving the emails for a few months but I didn't get the email this time around. I found out on Reddit that it was sent out yesterday morning.,@138924 Sorry to hear that you weren't able to participate this time. Keep an eye out in your email for upcoming opportunities in future months.,Thu Nov 30 18:08:11 +0000 2017,
559929,@Uber_Support DM sent. Please respond quickly. Charges are racking up.,"@250937 Thank you so much, Geoff! We're very sorry to hear about the trouble with your account; we understand how worrying it can be when there are unrecognized charges on your account, and we empathize with how disconcerted you must feel. We want to escalate this ASAP. We'll DM you.",Sat Dec 02 22:15:10 +0000 2017,
1044560,@115873 Need assistance. My number is 9789594808.. Left the phone behind in the last cab ride I took..Available on alternate number 7708015285,@366972 Here to help! Please send us a note here; https://t.co/rOtqyWzf0B so our team can assist.,Sat Oct 14 19:27:39 +0000 2017,
2237892,@Uber_Support I order food with @115877 The driver arrived to the address but never delivered. He cancelled the order. I called the restaurant and UBER. Neither of them can find the driver. UBER hung up the phone.,@652590 We're sorry to hear this. Can you please send us a DM with your email address so we can look into this?,Fri Nov 10 17:41:44 +0000 2017,
390863,"Ok so I ordered from uber eats, got my food delivered to me and for some odd reason the delivery was cancelled as soon as it got here..... https://t.co/Am7kDlj9Ui",@208538 Perhaps we can assist! Please DM us your email associated with your account so we can look into this.,Sun Oct 08 23:23:28 +0000 2017,
349284,#uber driver no show after 10 min wait. They charge me a $5 to cancel and rebook. #losers I’m finally switching to #lyft,@199134 Here to help. Send us a note at https://t.co/h840IoLP8K so our team can connect.,Sun Oct 08 08:18:01 +0000 2017,
145320,@Uber_Support @115873 I just had thee WORST experience with one of your drivers CALL ME NOW,"@148943 At this moment, we don't offer phone support for these issues. Visit this link https://t.co/QDn91HzZV0 so our team can assist.",Thu Nov 23 07:39:05 +0000 2017,
952653,"@115873 I've used @115873 as a rider, N got charged $5 for cancelling 2"" aftr reqstng ,U said 4 drivers⌚, yet as a driver u won't pay me til aftr 5"".👮",@188240 We can take a look! Send us a note via https://t.co/6PbY19yIs0 so our team can get in touch.,Thu Oct 19 15:21:35 +0000 2017,
164252,@Uber_Support i been following for 3 days to tell you email and number i been using existed for 3 yrs. I gave ph details snapshot and my number in android is coming as unknown.i gave my postpaid bill and other proofs too. Still not able to login no use following up,@154046 Our team has located your support inquiry and we will be in touch via email. Please be sure to keep an eye on your inbox for our reply.,Wed Nov 22 18:02:18 +0000 2017,
586331,@115873 Thanks but i know how to use the app and all of that. Asked if there’s a uber lux that takes 4 passenger because Mercedes S class can only fit 3 and every time I tried thats the only car option available,"@258456 Thank you for reaching back out. At this time, vehicles on the Uber platform must seat at least 4 riders in addition to the Uber partner. Please let us know if you have any additional questions or concerns.",Sun Dec 03 15:27:06 +0000 2017,
2106331,".@Uber_Support I have raised an issue on your App, and in response I have only received automated responses that are no help! what does a regular customer have to do to either escalate an issue or atleast get a response from a person instead of a computer! #badcustomerservice","@621666 Sorry about the trouble with this uberPOOL request, Angad. Be sure to follow up with your in-app support so we can further investigate.",Wed Nov 08 13:26:03 +0000 2017,
1893229,"@115873 @Uber_Support: When asked why he is waiting at the wrong building, #Uber driver says 'Naam nahi maaloom'. #Uber drivers can't read???😒",@384348 We can definitely take a closer look! Please send us a DM of your email address connected to the account so we can further assist you.,Tue Oct 24 06:23:41 +0000 2017,
2968448,"@115873 in Massachusetts its illegal to record someone without their expressed consent, so why is my uber driver recording me? I should know in advance before accepting a ride.",@271767 Here to help! Can you please contact us via https://t.co/fS660rQ8NQ so our team can connect?,Wed Nov 29 23:31:17 +0000 2017,
654500,@115873 how do I remove my card details b4 I delete ur service? It keeps saying I can't do it why?? I who r u to hold onto my card details and I want to cancel I will complain to the financial ombudsman.,@275692 Here to help! Please send us a note at https://t.co/zpq2qquK1A and we'll be happy to look into this for you.,Wed Nov 22 22:11:26 +0000 2017,
1083076,@Uber_Support left my phone in a car pls contact them asap,@375490 Here to help! You can find out more about contacting your driver here; https://t.co/rOtqyWzf0B.,Mon Oct 23 17:31:38 +0000 2017,
2905855,"@115877 hey - my promo code didn’t apply and the online help form isn’t working. Can someone over there take a look at this for me please, thank you",@804682 We can definitely take a look. Send us a DM with your email address so we can assist.,Tue Nov 28 19:34:40 +0000 2017,
1464916,In a rush and @115873 shows ETA of 2 min with lots of cars around. I order and get car 12 mins away. Happens often and is bloody frustrating.,@460023 We're sorry to hear this was your experience. Contact us via https://t.co/e8HVorX5rh and we'll be in touch.,Mon Oct 16 19:58:28 +0000 2017,
231259,@Uber_Support Wow. The page isn't working too. What will actually work at Uber? https://t.co/rUUZ1FArNY,@171072 Thank you for getting back to us. Please reach out to us at https://t.co/lyqXfbVdYK so we can follow up.,Thu Oct 05 09:15:58 +0000 2017,
2652889,.@Uber_Support i was harassed by one of your drivers today. This behaviour is unacceptable!!!,@748144 We take this very seriously. Please send us a DM with your email address so we can connect ASAP.,Sun Nov 19 06:25:56 +0000 2017,
739858,"Yo @Uber_Support, pls teach your drivers the difference b/w airport arrivals and departures before charging the passenger for cancellation.","@296936 Happy to help. Please go here https://t.co/h840Iouehc, so we can take a look.",Wed Oct 11 11:53:44 +0000 2017,
2857379,"@Uber_Support Thank you, I'm trying the form but I am not receiving an SMS code to log into my account. I'll DM details, is that okay?","@794143 We just got back to you via DM, Naz.",Mon Nov 27 21:58:46 +0000 2017,
1771892,Can I order @115877 to my lecture room??? Is that legal?,@532585 We're here to help. Can you please send us a DM with your email address so we can connect?,Wed Nov 08 01:29:29 +0000 2017,
1901703,@Uber_Support just went to reorder from one of our favorite restaurants and it now says we’re too far away! We only ordered from them last week! What’s happening?!?!,@566746 Here to help! Can you please contact us via https://t.co/NcKEnQDmxQ so our team can assist?,Sun Nov 26 08:51:17 +0000 2017,
2794436,"@115873 having these pool drivers look a mess. They have been getting two stars from me this week and I DO NOT care. Too many extra ass stops out of the damn way, going the wrong way when it's your turn to get dropped off.",@743891 Sorry to hear about that. Can you please send us a DM with your email address? From there we'll be able to assist further.,Tue Nov 21 21:52:46 +0000 2017,
1828511,@Uber_Support ESCALATION https://t.co/ZgZPpKJP11,"@548755 We're sorry to hear about this, Ankush. We've located your inquiry &amp; have recently responded. Please check in-app for updates.",Tue Oct 17 09:29:43 +0000 2017,
1427185,@115873 woke up to find error message 'uber is unserviceable in area' #CustomerExperience not able to help #painful #slow,@451521 Here to help. Send us a note at https://t.co/41EELX1UeL so our team can connect.,Thu Nov 02 05:14:24 +0000 2017,
2701125,Think our UberEATS driver got hungry on the way here? @McDonalds @115877 https://t.co/bJavSYtrlR,@758760 We're so sorry for the trouble. Send us a note via https://t.co/EGiaYE5JMU so we can assist.,Sun Nov 19 20:38:56 +0000 2017,
2518397,@Uber_Support Just DM'd you. Please help me figure this shi* out.,@406958 Here to help! Please send us a note via https://t.co/kGIXas5Cxg so our team can connect.,Thu Nov 16 00:17:58 +0000 2017,
2821972,@Uber_Support That doesnt help. I just need a driver,@452610 Sorry for the trouble! Please send us a DM with your email address and phone number so we can connect.,Mon Nov 27 07:30:32 +0000 2017,
647046,@Uber_Support please help me log into my account i just received a new phone and number and it’s making me verify using old number 🤦🏾‍♂️🤦🏾‍♂️,"@273684 Sorry for the trouble! Send us a note here, https://t.co/dwDjAokZht and our team will be in touch.",Wed Nov 22 18:48:40 +0000 2017,
675289,@Uber_Support Do u have any India specific Customer Care Center and India Specific Number for filing complaint.,"@281053 At this time we don't offer phone support, as communication is streamlined via email. Visit this link https://t.co/balq3Eyso6 so our team can assist.",Thu Nov 23 10:43:38 +0000 2017,
2266506,@119983 @115873 I paid the driver in cash yesterday at the end of my ride and now I'm getting notifications on the app demanding payment by my card. Could you help because your customer support certainly doesn't want to!!!,@659718 We can definitely take a look! Send us a DM with your email address and details so we can follow up.,Sat Nov 11 07:34:41 +0000 2017,
459129,Ordered on @115877. Said it would be 35-40 minutes. That was over an hour ago. Says it won’t be delivered till 8. Call number to help. On hold 20 minutes. Still has no driver. Won’t respond to email. Won’t answer the phone.,@224045 Sorry to hear your experience! Send us a DM with your email address so we can follow up.,Fri Dec 01 00:44:49 +0000 2017,
1736325,Hi @115877 u dont sell Cervezas?,@524210 Here to help! Send us a DM with your email address and phone number so we can connect right away.,Sun Nov 26 05:40:38 +0000 2017,
2213464,"@Uber_Support I drove 9 minutes out of my way, away from potential rides, to be cancelled and receive no fee. You stole from me and your policies are a pack of lies. 9 minutes after is greater than 2 minutes after in most countries, including this one, you ripped me off and lied about it.","@195839 As stated prior, we will be continuing any further communication via in-app support. If you have any further questions or concerns, make sure you follow up there so we can better assist you. We appreciate your patience.",Fri Nov 10 03:50:51 +0000 2017,
1543658,@Uber_Support You guys aren’t helping me,@478188 We're here to help! Send us a DM with your email address so we can follow up.,Sat Nov 04 08:26:24 +0000 2017,
1558958,@115873 your app sucks,@481783 We're here to help. Can you please send us a DM with your email address so we can look into this?,Fri Dec 01 02:09:24 +0000 2017,
795903,"I love when @115877 charges you twice, denies it, now is saying your account is blocked until you pay for a third time - same order. 🖕🏼🖕🏼","@281670 We've located your support request and have followed up there. Thanks for your continued patience, Lola!",Thu Oct 12 09:19:29 +0000 2017,
2005593,Another great landing with @115873 drivers cancelling for 7 consecutive times from airport. Applause,@593087 Here to help. Send us a note at https://t.co/fS660rQ8NQ so our team can connect.,Wed Oct 18 20:06:03 +0000 2017,
2635001,@Uber_Support This is the message I’m getting https://t.co/8KEzRQ91D3,@738873 Here to help! Send us a note via https://t.co/xMxswVLBKT so our team can connect.,Fri Nov 17 19:32:49 +0000 2017,
2407044,@148768 @115877 @131077 I also called Uber eats support 3 times and they told me to call in the next hour as the systems are down. This is frustrating,"@692227 Sorry to hear about this. Please note, demand is high. Keep trying to place your order.",Tue Nov 14 15:07:15 +0000 2017,
1769405,@Uber_Support I have an issue with my recent trip &amp; the charges. Who can I contact? Thx,"@531979 We're here to help, Tanya. Please DM us the trip details, along with your account email so our team can assist you further.",Tue Oct 17 20:41:40 +0000 2017,
2720588,"@Uber_Support please, I need my account !!",@710797 We've been in touch via DM!,Sun Nov 26 23:10:54 +0000 2017,
2459231,"@115873 hey your driver made me cancel my trip after waiting over 20 minutes for a pool. I'm late and had to get an uberX now. Customer service? This is unfair, I want my five dollars back at least https://t.co/duqgdFzqW2",@704281 Here to help! Please send us a note via https://t.co/h840Iouehc so our team can connect.,Wed Nov 15 06:40:05 +0000 2017,
737316,This company is robbing people @115873 if your drivers phone died that's not my problem. Do not charge me for a ride that I wasn't involved in after a certain time.,@296348 We're here to help! Send us a note at https://t.co/1xM0TILvAI so we can assist.,Wed Oct 11 12:12:27 +0000 2017,
2898198,Casually waiting for my @115873 for 20 mins. Won’t call me or text me back and can’t cancel without £10 charge... 🖕🏻,@802964 Here to help! Send us a note via https://t.co/e8HVorX5rh so our team can connect.,Tue Nov 28 17:19:37 +0000 2017,
1425808,@115877 this is the second time your UberEATS drivers refuse to Bring my food to my door in my building! He insisted on he can’t! #philly #Ubereats and I don’t want your $5 coupon,@451242 Here to help! Please send us a note at https://t.co/hVMgTsth35 and we'll be happy to look into this for you.,Sun Nov 26 01:14:42 +0000 2017,
1606881,@Uber_Support https://t.co/OhjdEuV2K9,@493599 We apologize for the trouble! Send us a DM with your email address and we'll connect.,Sun Nov 05 16:09:12 +0000 2017,
1484405,"@Uber_Support hi uber, i would like to ask. Why do i have outstanding payment? I was not the one to cancel the trip. https://t.co/QXZYm15w8i",@464722 We can take a look! Send us a note via https://t.co/76zx6Rm1i6 so our team can get in touch.,Fri Nov 03 03:20:00 +0000 2017,
763145,@Uber_Support I want to talk to someone immediately. I am so upset and the customer service from your company is the worst I've ever had!,@198061 We'd be happy to help. Please DM us additional details so we can better assist.,Wed Oct 11 18:32:32 +0000 2017,
2848252,"@Uber_Support sucks been telling them for a week,my account got hacked with no help. Now just got two charges that are not mine for a account I can’t even get into.","@273697 We want to get in touch, Jason. Can you please send us a DM with more details? https://t.co/sd7yH5jmbJ",Mon Nov 27 18:19:53 +0000 2017,
859033,"@115873 its wrong my pick up place is Garuda Ind,jlGunungsari. What is that mentioned jl Kartini. IT IS NOT ME.delete the cost",@323964 Oh no! Please send us a note at https://t.co/lyqXfbVdYK and we'll be happy to look into this for you.,Fri Oct 13 10:14:27 +0000 2017,
1255732,Still continuing to receive the worst customer service from @115873,"@372533 Hi, Olivia. Sorry to hear that you're having an issue. Please DM us with details on the issue you're having.",Thu Oct 26 06:43:13 +0000 2017,
416445,@Uber_Support I've been doing Uber eats but now got a new car that can be used for passengers. How do I add it. App/website isn't clear.,@214337 For more information on how to add a vehicle please click on the following link https://t.co/XKMZI2vILA,Tue Oct 10 00:00:02 +0000 2017,
2498513,"Hi @Uber_Support I want my fucking money back, you god damn frauds. Thank you. https://t.co/cBqMt5FDmz",@712163 Here to help. A member of our team has followed up via DM.,Sun Oct 29 14:29:42 +0000 2017,
1599778,"Ok. Officially @115873 is the worst. This time my husband helped me drop the pin. Again, confusion #imout #downloadinglyft",@488306 We're so sorry about that! Please send us a DM with your email address with details so we can connect.,Sun Nov 05 04:10:49 +0000 2017,
2841012,@Uber_Support Hope you get my DM this time,@788525 It looks like a member of our team has followed up with you about this via in-app support. Please follow up with us there for further assistance.,Tue Nov 28 05:51:36 +0000 2017,
567133,When your @115877 driver cancels 9 minutes away for no reason...@Uber_Support,@253005 Sorry to hear about that! Can you please contact us via https://t.co/nFTc4ODH3P so our team can connect?,Sun Dec 03 01:48:21 +0000 2017,
1224655,@115877 I didn’t get half of the food I ordered..... I’m angry.,@407303 Sorry for the delay. Our team is currently reviewing your email and will follow up shortly.,Wed Oct 25 15:58:13 +0000 2017,
2972915,"@Uber_Support It's been nearly an hour since I first contacted you in the app, and over 45m since I DM'ed you. I've re-ordered the missing items, and given you the new order number in DMs. Sorry, I couldn't wait any longer, I'm starving!","@819419 Sorry for the delay, Paul. We'll be following up via DM shortly!",Thu Nov 30 01:19:45 +0000 2017,
245600,"@Uber_Support I submitted the form. As a result of this incident, I missed the train I wanted to take at 15:57 to London. Plus I ordered a taxi!!!",@174337 Thanks for letting us know! We'll be taking a closer look and following up soon. Let us know if you have any questions!,Thu Oct 05 15:12:37 +0000 2017,
1228827,Just got scammed by @115877.. Since when is Sparkling water and Sprite the same thing.. smh,@408275 We're here to help! Send us a DM (Direct message) with your email address so we can assist.,Wed Oct 25 20:00:59 +0000 2017,
876473,@Uber_Support apparently the __email__ email doesn't accept incoming messages... what email do I send a support message to???,"@328083 Hi, Robert! Please send us a note at https://t.co/LHP08Qw04q and a member of our team will follow up.",Thu Oct 19 11:53:11 +0000 2017,
1668940,"@115873 fam, I need contact details for your SA office.",@508196 Here to help. Send us a note at https://t.co/zUe0dj6yoX so our team can connect.,Mon Nov 06 12:04:17 +0000 2017,
2689570,umm @115877 can i get a golden gaytime krusher?,"@756161 We deliver the food you want, from the restaurants you love, at Uber speed. Learn more at https://t.co/6rZp3XyWol.",Sun Nov 19 15:50:39 +0000 2017,
2891175,@Uber_Support I have an unauthorized charge on my credit card with reference number: AG12XJD5. This didn't come from my Uber account.,"@801500 Happy to help! Send us a note here, https://t.co/dInR3racif and our team will follow up.",Tue Nov 28 14:36:32 +0000 2017,
378377,You should be able to cancel @115873 free of charge when the driver is 3x longer than ETA,"@205792 Here to help! Send us a note here, https://t.co/e8HVorX5rh, and our team will follow up.",Mon Oct 09 04:58:22 +0000 2017,
1112738,@Uber_Support half my order didn't arrive. Who can I call?,"@382616 Thank you for reaching out! In order to further assist you, we'll need you to send us a note at https://t.co/ZFaWy0Lkdu.",Tue Oct 24 02:30:06 +0000 2017,
504238,Love it when @115877 takes well over an hour when it says 20-25 mins 🙃,@235554 We're sorry to hear this was your experience. Please send us a note via https://t.co/pqZPVbpZRI so we can assist you right away.,Fri Dec 01 20:31:48 +0000 2017,
2689589,"@Uber_Support For some reason, I was charged twice for the same trip last night? Should I take this up with my bank or can uber fix this?",@672672 Our team is currently reviewing your email and will be in touch. We appreciate your patience!,Sun Nov 19 15:49:42 +0000 2017,
583028,"@115877 ordered a McDonald’s an hour ago and it’s not been sent out for delivery yet, order number #cac6d, estimated delivery time just keeps increasing",@257492 Here to help! Contact us via https://t.co/jP6giifgNM so we can connect.,Sun Dec 03 13:45:33 +0000 2017,
904754,. @115873 has steadily lost its allure and the decline in service is horrendous. Drivers are exceedingly worse than the last. @Uber_Support,@334802 Will you please DM us with your email address associated with your account and the details of what happened? We'll look into it.,Sat Oct 21 00:19:09 +0000 2017,
1330877,"@Uber_Support Since it says the number I want to use is associated with an account, and my e-mail is associated with an old number I no longer have","@309323 Happy to help, Jake! Please send us a DM with your phone number + email address so we can better assist in getting this sorted out for you.",Fri Oct 20 22:41:58 +0000 2017,
1380749,@Uber_Support my promotion is expired after updating my Uber app,@441398 Oh no! Send us a note via https://t.co/lqVgKo4ZO3 so we can help.,Mon Nov 06 23:26:25 +0000 2017,
349157,Is it just me or does @115877 make everyone meet the delivery guy outside their car..,@199104 Check out https://t.co/j4wTIdipAW for more info. Hope this helps!,Sun Oct 08 04:48:56 +0000 2017,
2645705,@Uber_Support How long do they take to reply?! I haven't got anything to eat?!,@746450 We apologize for the trouble! Send us a DM (Direct message) with your email address so we can assist.,Fri Nov 17 19:47:32 +0000 2017,
2734540,@Uber_Support @115873 1 of ur drivers needs licence revoking dangerous driving nearly drove in2 me twice heading 2wards Altrincham Reg MT62 AJY! An @3300 van stopped 2 also had an issue with the same guy in front needs reporting 2 @105280 @5192,@220054 Sorry to hear about that! Send us a DM with your email address so we can follow up.,Mon Nov 20 19:44:16 +0000 2017,
2092726,Our uber driver hit a pedestrian... how's your day?,@618418 We absolutely want to follow up right away. Please send us a DM with your email address so we can connect.,Sun Oct 29 02:40:42 +0000 2017,
2082759,"Msg. @AskLyft they respond in 3 minutes, Msg. @Uber_Support 30mins and still waiting.. why are ppl accepting bad customer support at @115873","@291362 Thanks for reaching out, we'll be happy to help! Go ahead and DM us more info and your Uber account email address, and we can go from there.",Tue Oct 10 18:35:55 +0000 2017,
1108101,@Uber_Support Help! I accidentally started trip but rider never got in the car &amp; I don't know how to get the charge refunded,@381532 Thanks for letting us know! We've adjusted the fare. Please get back to us if you have any further issues. We're happy to help.,Wed Jul 19 11:27:49 +0000 2017,
2964591,@Uber_Support Because he keeps timing out i cant report him. Ive rung him 16 times he refuses to answer the phone,@817946 Here to help. Kindly send us a contact information with email address so we can connect.,Wed Nov 29 22:10:55 +0000 2017,
171816,@115873 @156128 Can you tell my why Iv received 9 codes by txt this morn my uber app was deleted a few months ago?,@220552 Here to help. Send us a note at https://t.co/fyn3pR81ht so our team can connect.,Wed Nov 22 09:57:15 +0000 2017,
176063,I find it vaguely depressing that McDonalds is the highest rated vendor on @115877 in my neighbourhood. Why on earth would anyone...,@157407 Here to help! Can you DM us your email address and more details about your concern? Once we have this we'll be able to better assist.,Sat Nov 25 00:12:10 +0000 2017,
516708,"Two days in a row, two disappointing @115877 meals. Both times haven't been what I ordered. Maybe it's time to switch services again.",@158663 Sorry for the trouble. Our team is currently reviewing your email and will connect shortly.,Sat Dec 02 01:12:59 +0000 2017,
1011556,@Uber_Support I'm following up for more than 3 weeks on issue of not being able to use any promo code. Didn't got a resolution yet. My email address - __email__. Will look forward to hear from you guys to fix this issue.,"@359343 Hey, Saurabh. We have reached out via in app support. Please follow up there.",Mon Oct 23 00:27:39 +0000 2017,
2676917,And @115873 does it again... Send you a promo code which doesn't work https://t.co/7Gidten7TH,"@279200 Sorry for the trouble! Send us a note here, https://t.co/h3vAjBLlBH and our team will be in touch.",Tue Oct 31 13:12:50 +0000 2017,
2261888,@115873 @225771 @136084 @142600 don’t trust Uber messengers. Stole my things and no response/support from the company.,@658541 We take this very seriously. Please send us a DM with your email address so we can connect ASAP.,Sat Nov 11 02:40:38 +0000 2017,
928458,@Uber_Support can someone PLEASE figure out how to get me back on the road? 😔😔😔,@291528 Thanks for reaching out. We've followed up with you via DM regarding this matter.,Sat Oct 21 13:53:18 +0000 2017,
1338211,"Uber driver shows up in wrong car, which is dirty and stinks, and insists on making another stop. #Uber is ok with this, apparently.",@432141 We're sorry to hear this was your experience. Contact us via https://t.co/q9nTle9M0B and we'll be in touch.,Fri Oct 27 14:37:28 +0000 2017,
173036,@115873 I am bored. Educated your london drivers where to pick up if you have stopped london street pick up. It’s ridiculous. Everyone stands here at pre-booked pick up getting frustrated. Not the first time!!!!!,@156487 We're sorry to hear this was your experience. Contact us via https://t.co/e8HVorX5rh and we'll be in touch.,Fri Nov 24 22:32:48 +0000 2017,
663950,It’s gotten to the point where I’m nervous to get in an @115873 because of all the creepy interactions I’ve had with inappropriate drivers.,@278233 Hi there! Please reach out to https://t.co/zUe0dj6yoX and fill out the 4 boxes at the bottom so we can get in touch.,Thu Nov 23 02:21:06 +0000 2017,
1885725,Do you even have a helpline number? Or will a person die looking for buttons and typing the issue. Ridiculous! @115873,"@562468 At this moment, we don't offer phone support for these issues. Visit this link https://t.co/balq3Eyso6 so our team can assist.",Mon Oct 23 10:19:20 +0000 2017,
954580,@Uber_Support any way riders can talk to a live help person? been trying to resolve issue for a week but can’t get resolution.,@346504 We've been in touch via DM - Please see our most-recent message for more information and next steps.,Wed Oct 11 10:27:27 +0000 2017,
2671160,@Uber_Support hey how do I change my country in uber? I still have a referral code but I can't use it because I moved out from US.,@752198 Oh No! Please visit https://t.co/YpFkTq8z2c for further assistance.,Tue Oct 31 09:43:00 +0000 2017,
963449,@Uber_Support my friend just left he phone and purse in the car how can we get in touch with the driver please DM me,"@348653 Here to help, Brian! Get in contact with your driver here; https://t.co/Sy2fWIhhC2.",Fri Oct 13 23:50:43 +0000 2017,
1086903,@Uber_Support was wrongfully charged a waiting fee when I watched this man pull up as I walked out the door . Please assist,"@376388 If you believe there was an error with the wait-time fee, please reach out here: https://t.co/rIoHfE1UZX.",Mon Oct 23 14:38:33 +0000 2017,
130595,@Uber_Support There is no option for all the trips I just had cancelled by your drivers!!!,@145472 Hi there! Please send us a DM with your email address so our team can connect.,Sun Dec 03 17:11:30 +0000 2017,
1284639,@115873 @Uber_Support I couldn't find any promocode launched by you do you have and coupon code for me,@420503 Oh no! Thanks for bringing this to our attention. DM us your account email along with details for assistance.,Thu Oct 26 18:19:40 +0000 2017,
1613594,@115873 started cheating for outstation booking. They send receipt for one way but charged for round trip. Aweful experience for outstation.,@495003 Here to help! Send us a note via https://t.co/0qkrx8eiTk to assist you further.,Sun Nov 05 12:51:49 +0000 2017,
617387,@115873 just waited 20 minutes and walked to meet 2 drivers who then cancelled the trip on me. You also tried to cover up a breach of my information. I think an account credit is in order.,"@266481 Send us a note here;https://t.co/e8HVorX5rh, and our team will be able to help!",Wed Nov 22 14:09:17 +0000 2017,
348431,@115877 just cancelled my order AFTER it was picked up. Screw you. I needed that McFlurry.,@198945 Let's take a further look into this. Please send us your email and phone number linked to your account.,Sun Oct 08 04:36:42 +0000 2017,
1376493,Halfway through the new #StrangerThings Can I order cheezies via @115877 ? #DontDrinkAndDrive,"@440438 We deliver the food you want, from the restaurants you love, at Uber speed. Learn more at https://t.co/6rZp3XyWol",Sat Oct 28 01:23:48 +0000 2017,
2379269,@Uber_Support unless you are on the path to become another Ola?,@686118 Here to help. Send us a note at https://t.co/e8HVorX5rh so our team can connect.,Mon Nov 13 07:08:46 +0000 2017,
86333,@Uber_Support I am continuously reporting bad service from uber and uber support is so lazy to take action on he driver. it is extremely unsafe for female passengers and i strongly eel uber must be banned.,@134849 Here to help! Please confirm your email address or phone number so we can further assist.,Thu Nov 30 14:07:56 +0000 2017,
2226993,@Uber_Support I got a new phone and installed Uber and there is no login screen. Also I am not receiving the Text verification. Please Help.,@650064 Happy to help! Please reach out to https://t.co/zUe0dj6yoX and fill out the 4 boxes at the bottom so we can get in touch.,Fri Nov 10 08:22:33 +0000 2017,
2984672,"@Uber_Support Please help. Took an Uber from West Edmonton Mall 30 mins ago. Booked two stops. Got out to walk my gf to her door at first stop, within seconds driver took off with my bag. I have his name. I need help asap. Please respond","@823028 Send us a note here; https://t.co/rOtqyWzf0B, and our team will be able to help!",Thu Nov 30 06:16:57 +0000 2017,
1297547,"@Uber_Support What's this $2.75 hidden charge, under ""Tolls, Surcharges, and Fees""... ?","@423218 Hey, Birdie. Go ahead and DM us your account email along with a few details of your issue, and we'll take a look. Thanks!",Thu Oct 26 22:14:43 +0000 2017,
1840947,@Uber_Support how long should I wait for a response to the message I sent you through https://t.co/2uv30MlIgt email me __email__,"@551707 We confirm your support inquiry was received. We have escalated it, a member of our team will be in touch shortly via in-app support/email.",Tue Oct 17 22:42:40 +0000 2017,
1571070,Cause apparently being gay in the backseat justifies a $40 “cleaning fee” @115873 https://t.co/NIVWDvY92W,@484436 We're here to help! Please send us a note here; https://t.co/a6RfeBkKmr so our team can assist.,Sat Nov 04 17:12:00 +0000 2017,
317523,@Uber_Support can one get scheduled rides in Turkey?,"@191780 Happy to help, Theo! The Scheduled Ride feature is currently active in Istanbul, Turkey.",Sat Oct 07 08:51:34 +0000 2017,
835576,been called by + then cancelled when we confirmed address by 3 different @115873 @119720 tonight. Seems shady. Anyone else have that happen?,"@318924 That's definitely not what we like to hear, Tommy! Please DM us the email address linked to your account so we can connect further.",Fri Oct 13 05:18:04 +0000 2017,
2241545,@Uber_Support !!!! https://t.co/M2iWXRyjZu,"@653553 We're here to help! Send us a note here, https://t.co/dInR3racif and our team will be in touch.",Fri Nov 10 21:23:30 +0000 2017,
470219,@115873 when ur app show a direction to your driver why the hell your drivers take another route..what if a person is running short with money...unprofessional business you people are doing with unethical uber#uber cheats,@226952 Sorry to hear about that! Can you please contact us via https://t.co/y4EDPcVZOI so our team can connect.,Fri Dec 01 07:54:40 +0000 2017,
1353731,"@Uber_Support Yes I know there was traffic, and driver took a longer route. Then what ?? Is that the solution you write in that ?",@225661 We're sorry to hear you're displeased with our solution. We've forwarded this info over to the appropriate team to follow up on this in-app.,Sun Oct 29 05:12:13 +0000 2017,
2412819,@115873 - do I get charged a fee if I schedule an uberx ride ahead of time? For instance tomorrow morning 4am,@435743 Hi there! Please reach out to https://t.co/zUe0dj6yoX and fill out the boxes at the bottom so we can get in touch.,Tue Nov 14 16:07:07 +0000 2017,
1774064,@Uber_Support Got the emails. THANK YOU SO MUCH!!!,"@533170 No problem, Carissa. We're happy to help!",Tue Oct 17 21:31:42 +0000 2017,
2448500,This male @115873 driver verbally harassed me after I kindly asked him to move his PARKED car out of the NO PARK Zipcar zone. #harassment #douche https://t.co/40IHRZ2V0E,"@701835 Hi, Carissa. This is definitely very concerning. Please send us a DM (direct message) with your account email and phone number so we can look into this.",Tue Nov 14 22:57:30 +0000 2017,
290209,@144886..Y do u not teach ur drivers how 2 properly pull over 2 pick someone up?! U guys r just as bad as cabbies w/ none of the courtesy!,"@185134 Sorry to hear about the trouble, Sergio. Please reach out via in-app Help with more details, and a member of our team will follow up.",Mon Oct 16 20:28:33 +0000 2017,
2428274,"@Uber_Support this is getting outta hand, the trip history &amp; charges do not reflect whats coming out my account. Id like my money back, thx",@697202 Hi there! Please reach out to https://t.co/zUe0dj6yoX and fill out the boxes at the bottom so we can get in touch.,Sun Nov 26 18:17:03 +0000 2017,
1528047,Does Coldstone uber eats? Serious question.,"@474431 We deliver the food you want, from the restaurants you love, at Uber speed. Learn more at https://t.co/6rZp3XyWol.",Fri Nov 03 19:34:02 +0000 2017,
1162934,@Uber_Support hi i drive for you guys need to to change my last name there's a typo,@393574 Simply follow the steps here to update your info; https://t.co/PBdAigCaxt,Sat Oct 28 09:09:28 +0000 2017,
76208,"This is why I hate @115873 driver stops on other side of the road, keeps going and the stupid app acts like I was picked up. He drives for 5 minutes to god knows where, so I cancel the trip and get charged. Give me my $$ back. @Uber_Support","@133050 Hi there! We're here to help. Send us a note here, https://t.co/e8HVorX5rh and so our team will assist.",Thu Nov 30 06:21:53 +0000 2017,
481053,@Uber_Support We have done it but no reply- we’ve been waiting 2 hours for our food now. Not impressed by the people you employ! Poor standard,@229340 We're sorry to hear this. Can you send us a DM with your email address so we can connect?,Fri Dec 01 13:40:08 +0000 2017,
350805,"This is how @115873 @Uber_Support plays you. They show up, don’t call or answer a calls but claim you’re in the car, and take ya money. https://t.co/2RNQdsoHOk","@139348 Hey, Megan. Send us a message via https://t.co/QsI1vsvcif and a member of our team will follow up as soon as possible.",Sun Oct 08 09:32:15 +0000 2017,
1844508,@115873 Promo code not apply Contact :8829928886 __email__ Save Rs 300 on Uber! Use code 30NOVJP to unlock 50% off (max Rs 50) on 6 uberGO or X rides. Offer exclusively for you &amp; valid only in Jaipur till 20 Nov'17.,@552591 Let's take a closer look! Send us a note via https://t.co/lqVgKo4ZO3 so our team can follow up.,Wed Nov 08 03:49:06 +0000 2017,
1308867,"@Uber_Support I had started there. I gave my profile picture and everything, and the website says I'm ready to go",@425875 We're here to help! Send us a DM with your email address so we can assist.,Sat Nov 25 21:01:18 +0000 2017,
1486288,@Uber_Support Is it possible to get a link that opens in the app?,"@250666 Please reach out through in app support for assistance within the app, Brenner. Apologies for the extra step.",Fri Nov 03 04:19:37 +0000 2017,
1204214,@Uber_Support Yeah all I got was 2.98 back which doesn’t make up for my missing order,@402888 Sorry to hear about the trouble! Please DM us your Uber account email address so we can look into this for you.,Wed Oct 25 14:10:19 +0000 2017,
715564,@115873 I was charged a ride &amp; a cancellation fee for a driver that cancelled and a ride I didn't take. Credit my account back please.,@291217 Here to help! Send us a note here https://t.co/1xM0TILvAI so we can further assist.,Tue Oct 10 23:01:44 +0000 2017,
704675,@Uber_Support I've already seen it that. Tipping is available in Wilmington nc where I drive. But I dont know if I've been shown a thing to opt in for it or not,"@271768 We're happy to follow up further, Billy. Can you please send a note our way via https://t.co/6154AErk4W? From there a member of our team will be in touch.",Thu Nov 23 18:23:34 +0000 2017,
1801086,"@Uber_Support I've been trying to get an uber for over 45 minutes. Every time one is on its way, it gets cancelled 5 minutes later.",@541180 We're sorry to hear this was your experience. Contact us via https://t.co/e8HVorX5rh and we'll be in touch.,Sun Oct 29 00:17:10 +0000 2017,
2652814,@115877 stoked that because I have a broken leg and needed to use your service I overpaid for a dinner that showed up late and cold. 👍🏼🙄,@748128 We're here to help. Can you please send us a DM so we can look into this?,Sun Nov 19 07:12:24 +0000 2017,
2221456,@Uber_Support check dms please i need help!,@648815 We've received your DM and a member of our team has reached out. Please review your messages for our response.,Fri Nov 10 11:22:34 +0000 2017,
2720644,"@Uber_Support i have applied again,.",@763392 Please send us a DM with your account email address + details and we'll connect.,Mon Nov 20 10:55:34 +0000 2017,
2496123,"@115873 husband left phone in a cab today, but there’s no way to get in touch with company in US. No direct customer service support to call.",@712371 Here to help! Get in contact with your driver here: https://t.co/rOtqyWzf0B,Mon Oct 30 00:45:32 +0000 2017,
478924,28 minutes for driver to arrive? Is this a joke??? @116288 @115873 @119983 https://t.co/unEGE0yCOn,@228797 Here to help. Send us a note at https://t.co/e8HVorX5rh so our team can connect.,Fri Dec 01 12:44:07 +0000 2017,
830830,Had an uber pool and she sat in the front. Honey don't nobody want you I can do way better.,@192607 We see your message and will be following up via DM.,Thu Oct 12 23:55:54 +0000 2017,
1473873,Is Ubereats still a thing?,@462148 Here to help! Send us a DM with your email address + more details so we can connect.,Fri Nov 03 01:41:57 +0000 2017,
1747515,@115873 i am gong to have to change to LYFT Your drivers turn wrong way (twice today) and no way to challenge cancellation fees RIP OFF,@526800 Here to help! Send us a note via https://t.co/QDn91HzZV0 and we'll be in touch.,Tue Nov 07 15:39:33 +0000 2017,
2813922,"@Uber_Support You did that, and after every message, like I showed above, neither did you offer any explanation nor any reasoning. Instead, kept showing that issue is resolved when it clearly isn't.","@621906 To clarify, we'll be following up any further questions or concerns you may have through in-app support. Thank you so much for your patience.",Mon Nov 27 02:14:11 +0000 2017,
917204,"@Uber_Support Having an issue with my Uber account, Can you help? Ive DMEd you already","@337753 We're here to help - DM us with additional details, along with your account email so our team can follow up with you.",Fri Oct 13 18:02:17 +0000 2017,
1196876,@401214 @115877 Piss off,@151678 So sorry to hear this. Please send us a DM so we can help.,Wed Oct 25 02:15:50 +0000 2017,
102140,@Uber_Support I just got an ATL ride pass offer but have been living in NYC for a while now. Can I get this changed to an NYC pass offer?,@138392 Thanks for reaching out. Ride passes are non-transferable. Please be sure to visit the following link to receive updates on future NYC offers - https://t.co/tnnc3d4vzj,Thu Nov 30 17:23:13 +0000 2017,
2818788,"@115873 it is a disaster trying to get an Uber at the Mumbai intl airport. No proper signages, no network at the pick-up location. You need to work with the authorities to set it right. @1637",@474648 We're so sorry for the trouble. Send us a note via https://t.co/QDn91HzZV0 so we can assist.,Mon Nov 27 05:12:53 +0000 2017,
889633,"@Uber_Support I need help immediately. I have been on hold with customer support for an hour. I am a Wells Fargo customer and needed to replace my card. I entered my new card and it was put on hold for 72 hours bc of ""phishing concerns"" please.",@331203 We're here to help! Send us a DM with your email address so we can assist.,Sat Nov 25 15:57:42 +0000 2017,
1375010,@Uber_Support Please reply to my message in app,@406073 We've received your DM and a member of our team has reached out. Please review your messages for our response.,Sat Oct 28 15:32:08 +0000 2017,
555436,"@115877 can I please have a contact number for Ubereats as I can't find one anywhere on the app or web page. I need reimbursing for monies taken without getting a complete food order, I need this dealing with ASAP!!!!!!!!",@249687 We're sorry to hear this was your experience. Kindly contact us via https://t.co/rpgpQWLRtD and we'll be in touch.,Sat Dec 02 20:42:40 +0000 2017,
2829031,"@Uber_Support hi. A friend o mine is having some troube with you app. Im from Brazil, and this is the warning in the screen that she gets when she tries to confirm a ride. Can u help us? I cant find the Brazilian support Twitter. https://t.co/Ovt3D3vNoB",@787845 Due to our privacy policy we're not able to address these concerns over social. Please have the account holder (or the person you're writing in for) contact us at https://t.co/balq3Eyso6 so we can assist them further. Please let us know if you have any other questions.,Mon Nov 27 12:02:12 +0000 2017,
2652763,@Uber_Support I am going to catch a cab within 1 hour time.. So i don't think so your bullshit team is capable of doing anything as since last 24 hrs i am following on this issue atleast 10 times,@283220 We appreciate your patience as our team works to sort this out. Keep an eye on your email for updates.,Sun Nov 19 17:25:03 +0000 2017,
959803,@115873 @Uber_Support BIG FRAUD. uber refuse to pay me my cleaning fees even though i provided all proofs and cleaing receipt and pictures,@347726 We take this very seriously. Please send us a DM with your email address so we can connect ASAP.,Sat Oct 14 02:28:28 +0000 2017,
2890026,@115873 yesterday I was sitting in my car and one of your drivers was headed straight towards me... in fact he would have gone up a one way... plz let me know how i can report this properly... using my horn saved me but the next time might not be that lucky...,@801256 Here to help! Send us a DM with your email address so we can assist.,Tue Nov 28 13:58:52 +0000 2017,
842644,"@115873 call me, seems Uber a dump service from today...",@320413 Here to help! Can you please provide more details regarding your concern and email address associated with your account.,Fri Oct 20 13:23:55 +0000 2017,
526659,@115873 @Uber_Support you still haven’t changed this crap drivers should be able to access the less than 5* rating rider feedback immediately https://t.co/fMCdLW8Chb,@119225 We'll get you sorted out! Please send us a note through https://t.co/FF2YGTXUm8 so we can help.,Sat Dec 02 07:08:47 +0000 2017,
185292,"@Uber_Support Hello, This us Rob Poltermann because I have 2 accounts. Please help! __email__ 858-349-0436 Inspection",@159573 Here to help. Kindly provide more details and information to further assist.,Tue Oct 24 17:07:23 +0000 2017,
2427634,@148768 @115877 Erm...Paddington Krispy Kreme is definitely open. I just walked past it. https://t.co/th3JhKINZk,@697041 We're so sorry you didn’t get your free Original Glazed Dozen box. We experienced a technical issue. Stay tuned for more fun promotions soon!,Tue Nov 14 16:32:45 +0000 2017,
2359100,"Scheduled an Uber. He started ride without me. I called, texted... Nothing... I'd like my money back, @uber_support. https://t.co/ALCeD2LfPc",@681325 Here to help. Send us a note at https://t.co/1xM0TILvAI so our team can connect.,Mon Nov 13 19:58:36 +0000 2017,
2194089,@Uber_Support What is the DM?,"@642051 We appreciate you reaching out, Enrique. We've reached out to you directly at your Uber account email address with additional information on your application.",Fri Nov 10 01:29:36 +0000 2017,
2921942,"There’s no Damn @115873 drivers in Marlin, Tx ???","@808654 We're expanding quickly, so stay tuned for any changes. You can check out our coverage areas at https://t.co/u3rIywe9ei.",Wed Nov 29 01:23:28 +0000 2017,
2466487,"@115873 I lost my phone, wallet in the uber last night and am sure its in the uber. Driver was irritated with us already and now won't return",@705772 We're here to help! Send us a DM with your email address so we can connect.,Sun Oct 29 20:10:29 +0000 2017,
2472558,You did it again @Uber_Support shut down ur bloody app which cant even create the correct route. My drop should be the first one it is showing the last one. I will unnecessarily travel fr 5-6 km loop just bcoz of ur stupidness,"@648758 Sorry for the trouble! Send us a note here, https://t.co/K05RdmK3t4, and our team will be in touch.",Wed Nov 15 12:11:33 +0000 2017,
1444640,worst customer care service. No one has a solution to the problem and doesn't even care to reply.. #disappointment @115873,@455234 Sorry for the trouble! Send us a DM with your email address so we can follow up.,Thu Nov 02 15:28:30 +0000 2017,
690381,"@Uber_Support Hello, I need to make 2 dif invoices, I use my account for personal &amp; business but with the update you made I can't @137362","@284974 Hi, Adolfo! Have you tried requesting an invoice by logging in at https://t.co/K9QeDZ409D? You can always view your receipts there as well.",Tue Oct 17 21:28:45 +0000 2017,
1112178,@115873 I'm setting up a ride for my kid. How do I do round trip for them? They just need to drop something off and go back home??,@382478 Find out more info about request a ride with multiple stops here; https://t.co/bo8dqbLieK.,Tue Oct 24 02:13:41 +0000 2017,
684845,@Uber_Support it is a regular feature that drivers cancels after making us wait for 10 minutes. Highly unreliable https://t.co/S90YekW71o,"@171068 Hi there! We're here to help. Send us a note here, https://t.co/e8HVorX5rh and so our team will assist.",Thu Nov 23 12:52:54 +0000 2017,
874053,@Uber_Support this is absolutely shocking service. 1st time of using @115877 and never again. 2 hours 15 minutes still havent got my food.,"@327506 Hey, Lee. We've reached out via DM. Please follow up with us there for more information. Thanks for your patience.",Fri Oct 20 20:46:51 +0000 2017,
1356452,@Uber_Support so frustrating!! The site is requesting to verify the billing country and it doesn't give a field for it!! such poor UX!,@436272 Hi there! Please reach out to https://t.co/zUe0dj6yoX and fill out the boxes at the bottom so we can get in touch.,Fri Oct 27 19:08:33 +0000 2017,
335299,@115873 please please improve your maps. I requested my first Uber at 405. It always takes someone to the next apt or a neighborhood behindbme https://t.co/zDosjFVuyb,@195928 So sorry for the trouble. Please send us a note at https://t.co/e8HVorX5rh so our team can connect.,Sat Oct 07 20:37:29 +0000 2017,
444451,@Uber_Support I have several transactions on my online banking that are from Uber but have not taken a ride / these rides do not show up on my Uber app,@220280 Here to help! Send us a note via https://t.co/CxCnkcEzHH so we can help.,Wed Nov 22 09:50:01 +0000 2017,
1160572,@115877 using your app is a never-ending struggle. Orders never come on time in Toronto. How can an estimate be 25 mins off?,"@393046 We're sorry to hear you're experiencing some trouble, Michael! Please send us more information at https://t.co/uqkboJBiJd.",Sun Oct 15 16:10:39 +0000 2017,
12627,"@Uber_Support Ordered chicken nuggets and got this. Seems right! But hey, at least you’ll look in to it in 24 hours. https://t.co/KxtHua7F7u",@118528 We're here to help! Send us a DM with your email address so we can connect.,Wed Nov 01 01:23:38 +0000 2017,
2957817,".@Uber_Support - If I'm going Christmas tree shopping, can I request an Uber to take me back to my destination (with the tree on the roof)? Is that to the driver's discretion?","@816401 Sure, Lizz! Just be sure to call your driver once connected to explain the situation.",Wed Nov 29 19:19:53 +0000 2017,
366589,"@Uber_Support I have no""+""option to select 2 more destinations beside""where to""box,after selecting 1 destination.my mobile: +8801736954893",@202822 Please ensure that your device is running the most updated version of the Uber app. Please send us a DM if this issue persists.,Sun Oct 08 19:17:49 +0000 2017,
1746994,@Uber_Support Do any of your people know how to reply without using a standard template?,@526669 Here to help! Our team has responded via email. Please reply there if you have additional questions!,Tue Nov 07 15:30:53 +0000 2017,
2543072,"Dear Uber, do you think R467 is a fair charge for 14.8 km @Uber_Support #UberExpensive https://t.co/yDFKGzakZr",@722995 Here to help! Send us a note via https://t.co/0qkrx8eiTk to assist you further.,Thu Nov 16 12:44:46 +0000 2017,
845962,"@Uber_Support hi, i have a question that is not answered on your site - can you please DM me?",@321070 Please DM us the details of your question and we'll follow up with you. https://t.co/sd7yH5jmbJ,Fri Oct 20 14:13:12 +0000 2017,
1307304,@115877 sooo... we were charged for two salads but only received one @54741 says you should resolve this but I’m still w/o dinner,@425489 Happy to help! Please reach out here so we can do so: https://t.co/ZFaWy0Lkdu,Fri Oct 27 02:06:06 +0000 2017,
1268723,"Guys, @119983 @115873! Left my phone in the cab. Driver is not picking up my calls now. What should I do?","@181439 Here to help! Send us a note here, https://t.co/IYZIHnGCtx, and our team will follow up.",Sat Nov 25 12:15:23 +0000 2017,
518877,4x @115873 cancelled in a row. What are you playing at??,"@239713 We're here to help! Send us a note here, https://t.co/e8HVoseGiP and our team will be in touch.",Sat Dec 02 02:17:28 +0000 2017,
1763604,"@115873 @Uber_Support i do not appreciate being chased out of the taxi and into my block of flats by your crazy driver, who in his own words ‘wanted to kill us’. it led to me being stuck in a bush https://t.co/Uc3uf5DWVT",@530573 We take this very seriously. Please send us a DM with your email address so we can connect ASAP.,Sat Nov 25 13:28:29 +0000 2017,
2344193,@115873 I spend way too much money on the app for these thoughtless automated messages trying to convince me I made a mistake. 🚮,@340895 We're here to help! Please DM us additional details regarding your concern and the email address associated with your account so we can assist further.,Mon Nov 13 15:10:33 +0000 2017,
2312575,@Uber_Support I get receipts and ride confirmations to my email but I have never used your service. I cannot unsubscribe to these types of messages and I don't actually have an account so how can I stop them?,"@670650 Hi there, we're here to help! Please send us a note here; https://t.co/J1AzB6DDDr so our team can connect.",Sun Nov 26 16:13:33 +0000 2017,
1617289,@115877 is shit food was all wrong and took an hour to come,@495916 We apologize for the trouble! Send us a DM with your email address and we'll connect.,Sun Nov 05 14:20:35 +0000 2017,
2324792,@115873 How come my Uber app on Android switches over to Spanish speaker requirement for no reason?!,@673443 That doesn't sound right! Please DM us the email address linked to your account along with additional details.,Tue Oct 31 00:37:01 +0000 2017,
1321211,"@1742 @Uber_Support my ""family"" trips are charged twice and reversed hours later. Can we fix this?",@428477 Happy to take a look! Send us a note via https://t.co/1xM0TILvAI so our team can connect.,Fri Oct 27 08:50:59 +0000 2017,
1005305,@Uber_Support I dont have time to mess about with inaccurate links. Details are i entered 50% promo and it charged full fare,@357949 Sorry for the trouble! Kindly send us your email address so our team can assist.,Sat Nov 25 17:09:30 +0000 2017,
2423023,@Uber_Support actually a joke have a word with farhad!!! Mint that is £200 may aswell of got a black cab,@695922 We apologize for the trouble! Can you please contact us via https://t.co/1xM0TILvAI so our team can connect?,Tue Nov 14 17:32:03 +0000 2017,
2463978,@Uber_Support No I’m fed up with every time I have something to say you send me a ridiculous automated response. What are you going to do to fix this?,"@527841 Hi Phyler! Here to help! Send us a DM with your email address, contact no. associated with your uber account and more specific details of your concern so we can further.",Wed Nov 15 09:17:37 +0000 2017,
1312582,@Uber_Support I am a uber rider.But whenever i try 2 edit my profile it always direct 2uber partners account.for that i cant edit my profile https://t.co/nUzZ41YXKp,"@426703 Here to help! For more info how to update your profile, please visit this link....https://t.co/ACn231rQL4",Fri Oct 27 06:12:52 +0000 2017,
1268444,My first time using @115877 and my order was incorrect 😒,"@417002 That doesn't sound right, Leigh. Please send us a DM with your email address with details so we can assist you.",Thu Oct 26 12:26:51 +0000 2017,
485490,"I am so disappointed with @115877 Support. I had an issue with an order, I called, and I couldn’t understand a word he was saying. I have no clue at this moment if my order is arriving or if I’m getting a refund or what!","@117889 Here to help! Follow up here; https://t.co/nFTc4ODH3P, and our team will connect right away.",Fri Dec 01 14:57:11 +0000 2017,
1740944,@525261 @115877 Of course,@525260 Here to help! Send us a note at https://t.co/jP6giifgNM so our team can connect.,Sat Oct 28 23:32:20 +0000 2017,
459096,"@Uber_Support Yeah, too little too late. And yet another auto response doesn't get dinner to my door.",@224034 Happy to further assist you. Can you please send us a DM (direct message) with your email address and additional details?,Fri Dec 01 01:53:44 +0000 2017,
19605,@Uber_Support How can I pause or disable the delivery option?,@440845 Here to help! Please send us a DM of the email address connected to your account so we can take a closer look.,Sat Oct 28 03:30:28 +0000 2017,
1589792,"@Uber_Support Why am I unable to select UberX when booking a ride? The last lot of rides, I can’t select it and XL is more expensive!",@488823 So sorry about the trouble! Please send us a DM with your email address and phone number so we can connect.,Tue Oct 17 04:14:58 +0000 2017,
939426,@115877 This bot-reply is not really satisfying,@342686 We apologize for the trouble! Send us a DM with your email address and we'll connect.,Sat Nov 25 16:49:23 +0000 2017,
2253878,"@Uber_Support you have already updated my fare and I thank you, but my driver started the ride before he picked me up and then kept it going for miles after he dropped me off. This is 100% unacceptable. I can’t find in the app where to leave a comment.",@189462 Hi Matt! We'll be happy to take a closer look. Send us a note via https://t.co/WFtPA6RjWt so our team can connect.,Sat Nov 11 05:07:39 +0000 2017,
2447,"@116276 ANSWER ME, WHY IF I REPORT ANOTHER DRIVER WITH A GUN IN HI VEHICLE MY ACCOUNT GETS PUT ON HOLD????????","@116281 Sorry to hear about the trouble, Jasmany. We've escalated your concern - a member of our team will be in touch shortly via in-app. These type of issues are handled off social media. We apologize for any inconvenience this may have caused.",Sat Nov 25 23:56:44 +0000 2017,
701835,"@115873 Please book uber through app, estimate cost would always be low however the end trip fare would be shockingly high!! #uber cheating","@287571 Here to help! Send us a note here, https://t.co/oEOANqFpjc and our team will follow up.",Thu Nov 23 16:26:46 +0000 2017,
2045092,"@115873 took uber but I have two charges on my card $7 and $15, the uber I took was $15.","@604785 Happy to help! Send us a note here, https://t.co/zJ6aIZinzb, and our team will follow up.",Wed Oct 18 22:56:16 +0000 2017,
2408997,@115877 my doughnut order was cancelled 😢😖,"@135555 We’re sorry to hear that. Please try and re-order again. If you would like us to look into it, send a note through the ""Help"" section in the UberEATS app.",Tue Nov 14 14:57:59 +0000 2017,
2879052,@115873 what a trip https://t.co/RxeSM2TwvF,@799054 Here to help! Send us a note at https://t.co/6IqAxVj2X4 so our team can connect.,Tue Nov 28 07:37:41 +0000 2017,
2167314,???? Where's my ubereats order wtf,"@635991 We're happy to help! For more information on this, click here; https://t.co/M9lipSU04s. Feel free to reach out with any further questions.",Thu Nov 09 08:59:20 +0000 2017,
1292183,@Uber_Support both do not work,@181843 We can help here too. Please DM the email address to your Uber account and details of the issue so we can connect. https://t.co/sd7yH5jmbJ,Thu Oct 26 21:36:33 +0000 2017,
1242883,@115877 i was upset to realize that you didn't supply me with the order i requested,@411569 We're sorry to hear this was your experience. Please send us a DM with your email address with details so we can follow up.,Wed Oct 25 23:02:48 +0000 2017,
1091402,@Uber_Support Thanks.. my e-mail: __email__,"@377509 Hey, Charleston. We have not received any recent support messages from your account. Please send us a note at the link provided.",Mon Oct 23 23:47:06 +0000 2017,
445707,@Uber_Support I've checked your coverage since UberEATS was available in Perth. I am one street outside the coverage area. I don't see how this would be out of the drivers way. Is there any possible way I can still order?,@220547 Happy to further assist you. Can you please send us a DM with your email address and additional details so we can follow up?,Wed Nov 22 10:17:09 +0000 2017,
2816661,"@Uber_Support Hi, my friend might of left her phone, wallet, and glasses on uber last night. How do I go as to finding out if the driver found them? Thanks.","@785187 Due to our privacy policy, we will have to speak directly to the account holder. Please have them contact us via https://t.co/rOtqyWzf0B",Mon Nov 27 03:28:08 +0000 2017,
2932295,@Uber_Support nah l need consistency ... y’all said that last time .... nope,@810755 Please send us a note at the link previously provided or your email address via DM for further assistance.,Wed Nov 29 08:43:44 +0000 2017,
2122646,@Uber_Support __email__ Registered mobile- +91 9911266774,"@624796 Hey, Shahid. Please follow up with us via DM using the following link. https://t.co/sd7yH5jmbJ",Wed Nov 08 15:29:51 +0000 2017,
1307703,"@Uber_Support had a problem with my ride, my driver took an absurd route. I'd like a refund and a couple rides off. I missed a meeting https://t.co/hKjgJkeAEW",@425584 Here to help. Send us a note at https://t.co/y4EDPcVZOI so our team can connect.,Fri Oct 27 02:27:47 +0000 2017,
1416924,@Uber_Support Soo.. doest that mean they are available in LA?,"@449317 Thanks for reaching out. Currently, 'Uber Car Seat' is a program only available in New York City",Thu Nov 02 09:26:01 +0000 2017,
1075640,Yo @115873 my uber car smells like the child of smegma and cat piss with a couple old cigs,@373790 So sorry about that! Can you please contact us via https://t.co/aBEgvdNWQN so our team can connect.,Sun Oct 15 00:27:16 +0000 2017,
2596508,"@McDonalds Also this is the third time I have asked my @115877 driver to please set my food outside my door and NOT knock, and I have been ignored every time which is pretty frustrating.",@735181 That's not what we like to hear. Can you please send us a DM with your email address so we can learn more?,Fri Nov 17 04:03:35 +0000 2017,
2390624,@148768 @115877 Why is it not delivering https://t.co/ybCuYYdICC,"@693644 Really sorry to hear about the trouble. Demand is very high today, but we'll try our best to get Krispy Kreme your way soon.",Tue Nov 14 14:30:04 +0000 2017,
1165769,@Uber_Support why ask me to direct message you to resolve my issueand provide no means of resolution. Shame on you penalising the driver👎,@379278 We've received your DM and a member of our team has reached out. Please review your messages for our response.,Tue Oct 24 17:03:32 +0000 2017,
526652,@Uber_Support I am not able book a cab....it's says verify your Mobile number and after putting OTP it won't....help!!,@241880 We’re here to help! Send us a note via https://t.co/xMxswVu0mj and we'll be in touch.,Sat Dec 02 07:20:16 +0000 2017,
1086132,@Uber_Support I was told that i was given a credit but i still haven't gotten it.,@375721 Thank you for providing the info. We are looking into your account right now.,Mon Oct 23 21:55:21 +0000 2017,
1382443,@Uber_Support i have been overcharged fare for my trip as my driver forgot to complete trip on his device. I would like refund of excess amt,"@441740 Hi there! We're here to help. Send us a note here, https://t.co/Wavn5xnaeo and so our team will assist.",Sat Oct 28 06:38:20 +0000 2017,
567906,Me and @26279 as our @115873 's GPS attempts to get us lost in OKC. https://t.co/xbg8ygFT70,@253213 Here to help! Send us a note here https://t.co/u3MyknJaaN so we can assist.,Sun Dec 03 02:23:37 +0000 2017,
1084039,@Uber_Support I've sent you a message. Let me see how serious you are about your support and resolution.,"@375712 Happy to help, BJ. We've followed up with more info via DM.",Mon Oct 23 15:31:38 +0000 2017,
306289,"@Uber_Support Really? That was such an unhelpful, canned response. I'm a human, you're a human; talk to me like one. That link didn't even list Vancouver.",@189127 We do not have a set date at this time. You can go here https://t.co/7nLCPSOc8m for updates.,Wed Oct 11 20:40:13 +0000 2017,
2229934,@Uber_Support Hello. I forgot to rate mydriver and give tip. How can i go to that part of the application?,"@650772 Hi Evelyn, here to help! Please visit; https://t.co/M1RhRwgiRE for more info.",Fri Nov 10 14:15:50 +0000 2017,
2130150,@Uber_Support I would but anytime I do I typically get one of your awful generic responses 🤷🏼‍♀️,"@626983 Let's have a look, Cami. Please DM us the email linked to your account and we'll follow up. https://t.co/sd7yH5jmbJ",Thu Oct 19 16:21:54 +0000 2017,
2589232,@115877 @Uber_Support can i get a price adjustment for my order? i wanted chicken tenders but they ran out so i got a cheeseburger instead https://t.co/dkSPZSooNY,@226815 Sorry to hear about what happened. Please send us a note here; https://t.co/ZFaWy0Lkdu and our team will get in touch.,Mon Oct 30 18:42:22 +0000 2017,
900458,@115873 I’m really upset with my ride this evening. The driver was completely rude.,@333759 We're sorry to hear this was your experience. Contact us via https://t.co/K05RdmK3t4 and we'll be in touch.,Sat Oct 21 04:27:57 +0000 2017,
13986,UBER EATS IS THE WORST. DO NOT USE. @Uber_Support #UBER,@118946 We're here to help! Send us a DM with your email address and more details so we can follow up.,Wed Nov 01 01:08:57 +0000 2017,
2784779,Is your app broken? @115873 @Uber_Support #uberTanzania https://t.co/ycAus0oPly,@777541 We're happy to connect! Feel free to reach out at https://t.co/PWVkQvrcL1 and you'll be connected with our team for further assistance.,Mon Nov 27 00:54:48 +0000 2017,
313736,"Hey @115873 @Uber_Support I use your cab facility everyday, yet I don't receive any promo codes ever. Why?",@190911 We have reached out via DM. Please follow up.,Sat Oct 07 05:23:43 +0000 2017,
457937,@Uber_Support Got hacked again?,@224949 We're currently reviewing this and working to get it resolved ASAP. Thanks for your patience!,Fri Dec 01 02:19:49 +0000 2017,
2390673,@148768 @115877 I’ve tried ordering multiple times and my order keeps getting cancelled! Help! #SlowlyBecomingTheOfficeLoser,@695886 We're working hard to get Krispy Kreme to as many people as possible! Keep trying.,Tue Nov 14 15:04:21 +0000 2017,
1843750,@115873 Worst Uber driver EVER. Fix this. Called us screaming that we weren’t outside and we went outside immediately and it took her five minutes to get there and wouldn’t answer our calls caus she was annoyed. https://t.co/3xpn6uTAZl,"@552424 We can definitely take a closer look! Contact us here; https://t.co/z8NNR56eyf , so we can help.",Sun Nov 26 07:36:40 +0000 2017,
2899792,.@115877 thought you went live in #roc today? https://t.co/NtTjiS4PUr,@493599 You can see our hours and delivery area at https://t.co/P4mEOOIdr4,Tue Nov 28 17:23:50 +0000 2017,
867641,@115873 hey... This is a pretty dangerous spot to do a pick up. I told the driver where to go but didn't see it...almost an accident https://t.co/Z99mNKQqjT,@139186 Sorry to hear about that! Can you please contact us via https://t.co/e8HVorX5rh so our team can connect?,Fri Oct 20 17:53:25 +0000 2017,
1510947,@115873 @Uber_Support I was suppose to reach my destination at 1:05 and now I won’t till 1:30 @115873 @Uber_Support. Literally saw him sitting at an apartment complex for 10 minutes on the GPS,"@470709 We want to follow up, Ange. Can you please send a note our way via https://t.co/XijNMfvSmO?",Fri Nov 03 17:10:23 +0000 2017,
1650287,"@Uber_Support hi I was emailed a promo code but when I tried it on the app, the promotion code is invalid???",@504073 Let's take a closer look! Send us a note via https://t.co/lqVgKo4ZO3 so our team can follow up.,Sun Nov 05 23:16:49 +0000 2017,
2846357,Good evening @Uber_Support @115873 I was billed twice for one trip. Please explain.,"@791671 We can definitely take a closer look! Contact us here; https://t.co/DceIRNI6kV, so we can help.",Mon Nov 27 18:19:02 +0000 2017,
569580,@Uber_Support @253671 So she responded and blackmailed me for my purse. Is THAT something you can help with?,@253672 We're so sorry about that! Please send us a DM with your email address with details so we can connect.,Sun Dec 03 03:34:14 +0000 2017,
1749501,@Uber_Support I have nobody replies to me! This isn’t right. This isn’t safe. @116276 @Uber_Support @115873,"@527299 Here to help, John. We see your DM and will be following up shortly.",Tue Nov 07 17:52:58 +0000 2017,
433749,@McDonalds @115877 Almost threw up,@263415 We're so sorry about that! Please send us a DM with your email address with details so we can connect.,Sun Dec 03 22:35:56 +0000 2017,
2363436,"@115873 - I'm getting a lot of cancelled trips from drivers calling me, asking and where I'm heading, then scrapping the trip. It seems like it's become the standard way of operating. Rather fustrating. Is there anything I can do?",@682402 Hi there! Please send us a note at https://t.co/iOszeeHZhQ and we'll be happy to look into this for you.,Mon Nov 13 21:29:51 +0000 2017,
1538130,"@Uber_Support Just DM’d about “error verifying profile error”,hoping to get a reply within the hour so I can order dinner...","@338163 Hello, Ciara! Thanks for your patience. Please check your DM for our reply.",Sat Nov 04 00:11:29 +0000 2017,
2266493,@Uber_Support waited 15 minutes for the driver to cancel the ride because he couldn’t figure out how to navigate to the front of a movie theater https://t.co/ghEO1zKwuv,@659713 Here to help. Send us a note at https://t.co/e8HVorX5rh so our team can connect.,Sat Nov 11 08:19:45 +0000 2017,
1541180,@115873 why are all your drivers too lazy to meet at the actual location that I put into my app?,@477628 We're so sorry for the trouble. Send us a note via https://t.co/e8HVorX5rh so we can assist.,Fri Nov 03 22:36:23 +0000 2017,
1948675,@Uber_Support I've connected enough. Don't want to go through the pain again.,"@578954 We would like to look into this further for you, Namit. Please DM use your Uber account email so we can take a look. https://t.co/sd7yH5jmbJ",Mon Oct 30 15:18:29 +0000 2017,
1325033,@Uber_Support It tells us to call the call centre who don't care. 4 times now we've spoken with no action or food. Please DM me for details.,"@429188 Hi, Nathan. Please send us a DM with your account email address + order details and we'll be in touch ASAP!",Fri Oct 27 11:10:54 +0000 2017,
1715683,I'm currently in the worst @115873 I've ever been in on the way to @116147 the worst airport ever. Holy shit.,@519586 Here to help! Please contact us via https://t.co/K05RdmK3t4 so our team can further assist.,Tue Nov 07 03:24:33 +0000 2017,
54507,@Uber_Support Who can we contact about setting up an uber suggested pickup zone in STL?,@128348 Hi there! Please reach out to https://t.co/zUe0dj6yoX and fill out the 4 boxes at the bottom so we can get in touch.,Wed Nov 01 19:00:03 +0000 2017,
2768370,@115877 Why is my McDonalds order always getting cancelled?,@774069 Find out more why your order got cancelled here; https://t.co/BjBRiTu5jM,Tue Nov 21 11:34:17 +0000 2017,
1462132,@115873 hi! Your help section says your UberX had a car seat option but I'm not seeing it on the app. Hinsdale IL &gt; Midway.,"@459353 Car seats are currently only available in select locations. However, you're always welcome to bring your own car seat along for the ride.",Sun Nov 26 01:28:06 +0000 2017,
821279,Your new policy is a $5 charge if rider cancels after 2mins. But I don't get a $5 credit if driver cancels on me after I wait 10mins @115873,"@315621 We're here to help! Send us a note here, https://t.co/e8HVorX5rh, and our team will be in touch.",Thu Oct 12 22:30:10 +0000 2017,
1510584,@115877 hi I had a £5 voucher code with ITSOKUK but it says it’s expired when I’ve tried to use it however there is no date in the email? https://t.co/ucfPjZYNxQ,@470611 Here to help. Kindly send a note here: https://t.co/iMxFJdr4fj so we can connect.,Fri Nov 03 14:49:45 +0000 2017,
30082,@Uber_Support Book Cab for my family actual bill INR712.19 charged by driver INR900 in cash booking. Pls check https://t.co/u3WvMvQkHQ,@122618 Hi there! Please send us a note at https://t.co/PBWcEpkWF7 and we'll be happy to look into this for you.,Wed Nov 01 10:53:55 +0000 2017,
2899743,@115877 is probably done with my Shit but this is the THIRD time this week my order has been wrong.,"@803316 Sorry for the trouble! Send us a note here, https://t.co/DpLEahcQAT and our team will be in touch.",Tue Nov 28 17:52:55 +0000 2017,
2857356,This just blows my mind. @115873 you’re a disgusting company you have lost so many customers because of this. Go to #lyft friends! https://t.co/Gn0r7pGyVK,@305336 Here to help! Please send us a note here; https://t.co/1xM0TILvAI so our team can connect.,Mon Nov 27 21:41:47 +0000 2017,
1769501,@115873 running in the pouring rain. He won’t answer his phone. I️ run up and he shook his head and canceled the ride. I️ waited 13 minutes https://t.co/jos12PYVgv,@531998 Here to help! Send us a note at https://t.co/e8HVorX5rh so our team can connect right away.,Tue Nov 07 22:59:55 +0000 2017,
2786578,"Having an anxiety attack in my @115873 because this man is driving 45 in a 65, on a highway! #TravelTuesday",@777974 This doesn't sound right! Please send us a note here: https://t.co/mUI74jyaJw to better assist you.,Tue Nov 21 18:29:55 +0000 2017,
2145781,@Uber_Support I made an order and I am missing items. I submitted a claim over 10 mins ago on the app and no respond,@630812 That doesn't sound right. Can you please send us a DM with your email address so we can look into this?,Thu Nov 09 00:09:03 +0000 2017,
1073940,@Uber_Support Any chance anyone is going to respond to my DM?,"@373392 Hi, Charlie! We're looking into this now and we'll be following back up via DM shortly - stay tuned!",Mon Oct 23 18:55:14 +0000 2017,
109143,@Uber_Support The 43 dollar charge which is the wrong charge has posted and been debited if u released other one which is the wrong one I still want the $7 difference back https://t.co/XAd4FYW4Ns,"@140226 Hey, Audri! We've followed up with you via DM.",Thu Nov 23 20:06:00 +0000 2017,
2730524,@Uber_Support I love these responses from the automated system,@765516 Please confirm your email address or phone number through direct message so we can further assist.,Mon Nov 20 15:05:37 +0000 2017,
1396800,@Uber_Support No Trouble! The service was great once driver got there! Just fyi to make some adjustments to your driver's route app. Needs some fixing!,@444813 We always appreciate feedback! Please reach out directly so we can further connect; https://t.co/LlerXNH4PG.,Sun Oct 29 12:28:08 +0000 2017,
747852,"@Uber_Support hello, i've requested a refund for being wrongly changed and was served this message. when will the chg be reversed? https://t.co/Yy8quPeb3d","@298772 Hi, Marie. Please DM us the email address linked to your account so we can connect further.",Thu Oct 12 00:42:09 +0000 2017,
1139878,@uber_support how do I contact you abouts possible account hack?,"@388321 We're here to help, Elena. Please send us a message here: https://t.co/J1AzB6DDDr and we will be sure to follow up with you.",Sun Oct 15 11:30:06 +0000 2017,
378704,@Uber_Support So we can update the rating only through email ? I havent registered through email though. Does that mean i cant update ?,"@205875 We've responded via DM, Gino. Please be sure to check your messages.",Tue Oct 10 17:45:48 +0000 2017,
31494,"@Uber_Support Why you guys alwyas try to pull complaints DM, inbox, in your app.. Why not replying the resolution here in public?","@122948 Hi, Bhaskar. To give this matter the attention it deserves, please send us a DM so we can address this concern.",Wed Nov 01 12:29:42 +0000 2017,
1263429,"@115877 slying up the delivery fee by a quid today, ya lil dicks also tell mcdonalds to get them motherfucking cheese bites on your app",@415891 We're here to help. Can you please send us a DM so we can connect?,Thu Oct 26 10:30:25 +0000 2017,
1545485,@115877 why is your customer service so bad? You’re a billion+++ dollar company... you can’t tell someone why they didn’t get their food?,@478534 We've received your DM and a member of our team has reached out. Please review your messages for our response.,Sat Nov 04 05:55:08 +0000 2017,
2410801,@Uber_Support I was charged ₹501.00 instead of ₹205.00 and I don't have an option for this issue on the app. I use the cab service everyday and this is how you treat your customers.,@226510 Here to help! Send us a note via https://t.co/ue84RGNpRP so we can connect.,Tue Nov 14 15:24:20 +0000 2017,
443171,"@148768 @Uber_Support Dear Uber, I placed an order with the Liverpool st branch which was rejected about 10 mins later (I didn’t receive confirmation) - my friend didn’t manage to place an order, but got an email yesterday.",@220014 Here to help! Please send us a note via https://t.co/StKy7BhUWF so we can connect.,Wed Nov 22 08:53:55 +0000 2017,
572046,@115877 - customer service number please your driver took 35 min and delivered half my order.,"@254415 At this moment, we don't offer phone support for these issues. We're sorry for any inconvenience! Visit this link: https://t.co/rpgpQWLRtD so our team can assist.",Sun Dec 03 04:31:18 +0000 2017,
584145,"@Uber_Support There r 2 issues tht I have raised,both hv same concern.","@228250 We have routed this to the appropriate team who will be in contact within the in-app help section momentarily, Gaurav.",Sun Dec 03 14:05:13 +0000 2017,
2048275,Hey @115873 One of your a** h*** drivers has dropped my family in the middle of the road because children annoyed him. Contact me urgently,"@605749 Due to our privacy policy, we will have to speak directly to the account holder. Please have them contact us via https://t.co/balq3Eyso6",Thu Oct 05 15:08:44 +0000 2017,
1577460,Can I Uber eats Penn Station?,@485900 We're here to help. Kindly send us a note here; https://t.co/NcKEnQDmxQ and our team will get in touch.,Sat Nov 04 18:25:15 +0000 2017,
965823,@Uber_Support hi have DM’d you about something,@349199 We're currently reviewing your email and will be in touch shortly. We appreciate your patience!,Sat Oct 21 23:37:24 +0000 2017,
456837,@4735 hi! How can I message you guys? I have a question but can’t find a place to write a message,@223441 Here to help! Connect with us through https://t.co/zUe0dj6yoX and we'll be in touch.,Fri Dec 01 00:09:29 +0000 2017,
576771,"@115877 is terrible, waited 50 minutes and got cold food",@255738 Here to help! Send us a note here; https://t.co/OWBkgXcbMl and our team will be able to assist!,Sun Dec 03 08:57:21 +0000 2017,
530110,"@Uber_Support hi I was charged 5 separate £1’s last night for searching for an Uber that never arrived, can I have a refund?",@242759 Here to help! Please send us a note at https://t.co/QsI1vsdATF and we'll be happy to look into this for you.,Sat Dec 02 09:43:04 +0000 2017,
1620839,"Tell your driver to cancel my ride @Uber_Support! It says I’m on a ride, I am obviously still waiting ... https://t.co/jJ8OEQssBH",@222841 We apologize for the trouble! We're currently reviewing your email and will connect right away. We appreciate your patience.,Sat Nov 04 02:59:22 +0000 2017,
850078,@Uber_Support Can't sign up - my email used by someone else to create an account. How can I fix this?,"@321982 We've followed up via DM, Benn.",Fri Oct 20 14:56:41 +0000 2017,
2752785,@115877 I was told by customer support that I can’t modify an order after the restaraunt accepts it? Is that for real?,@770611 Here to help! Contact us here; https://t.co/odM6aZhXVj so we can take a closer look.,Tue Nov 21 01:10:28 +0000 2017,
743536,@115873 should pay you for waiting more than 10 minutes if they are going to charge you for your driver waiting more than 2,@297786 Sorry to hear that! Send us a note here: https://t.co/fS660rQ8NQ so we can connect.,Wed Oct 11 15:35:26 +0000 2017,
2059132,"First experience with @115877 in Christchurch from Welles Street bar. Only the side dishes arrived, no mains! #fail","@609000 So sorry to hear this! Please DM us the order details &amp; your account email address so we can follow up, Charlotte. https://t.co/sd7yH5jmbJ",Sat Oct 07 08:25:42 +0000 2017,
123135,@115873 Thanks for nothing. I have a security breach and I need to submit even more private info. It is unconscionable you do not have a phone number to handle this kind of security breach.,"@143503 We take this very seriously, Lou. Please DM (direct message) us your email address so we can follow up immediately.",Fri Nov 24 12:54:04 +0000 2017,
719987,@Uber_Support 2 Times tonight did a driver say I was in his car and I wasn’t and I’ve been charged. No response on app,@292316 We're here to help. We just sent you a DM.,Tue Oct 10 21:44:36 +0000 2017,
1972927,@115873 @116288 @119983 @79336 octUber price greater than UberGo What's the octUber discount for if its expensive than Go? https://t.co/ZMgYqkyN4Q,"@584346 Happy to help, Roshan! Please reach out to https://t.co/zUe0dj6yoX and fill out the 4 boxes at the bottom so we can get in touch.",Wed Nov 01 10:33:31 +0000 2017,
2580659,i had the worst experience riding with @115873 this evening,@731445 Here to help! Can you DM us your email address and more details about your concern? Once we have this we'll be able to better assist.,Thu Nov 16 22:17:44 +0000 2017,
2787945,@Uber_Support There was no error can u look into it please? I want to use it to order,@193656 A member of our team sent you a message through in-app support. Please follow up with us there so we can assist you as quickly as possible. You can view your in-app support messages through your Uber account email address. Be sure to check your spam and junk folders if necessary.,Tue Nov 21 19:18:57 +0000 2017,
2323285,@Uber_Support I used to have ride pass but was never allowed to renew. Should I switch to the new Lyft ride pass in Atlanta or can I reup?,"@673153 We just got back to you via DM, Dan.",Mon Nov 13 14:09:11 +0000 2017,
746105,"Ugh @Uber_Support really needs to fix the problem of drivers calling to ask destination before pickup, then cancelling. Defeats the purpose.","@298363 Sorry to hear about the trouble, Justin. Can you please send a note our way via https://t.co/593jusCquh?",Wed Oct 11 13:53:57 +0000 2017,
346089,When the @Uber_Support ride ends being $20 more than the quoted price cause the driver suggested another route :(,@198371 So sorry about the trouble! Send us a note here: https://t.co/XijNMfvSmO and a member of our team will be in touch asap.,Sun Oct 08 02:59:43 +0000 2017,
1388514,"@Uber_Support hi, last night I waited nearly 15mins for my uber. He then cancelled and it has cost me £5!!!",@443032 We're here to help! Please send us a note via https://t.co/w7r2O6dMbU so we can assist.,Sat Oct 28 10:11:44 +0000 2017,
2217800,"@Uber_Support 13/10 for an Uber go, fare upfront was 32, got charged 283 INR. I complained thrice. Itna to hot ladkia bhi ignore nahi karti",@647944 Happy to check the status for you. Please DM us your account email and we'll connect further. Thanks!,Thu Oct 19 15:11:36 +0000 2017,
2733001,Is there a petition I can start to let @115873 drivers drop off at arrivals in @116147 cause holy crap this traffic is insane.,@766062 Hi there! Happy to help. Please reach out to https://t.co/FF2YGTGjuA so we can get in touch.,Mon Nov 20 16:03:15 +0000 2017,
566246,@Uber_Support Hi my bank account was charged 2 times for the same trip. One for 14.16 and one for 14.04. I need this resolved as I travel I am also a driver.,@252734 Here to help! Send us a note here; https://t.co/zJ6aIZinzb and our team will be able to assist!,Sun Dec 03 01:14:27 +0000 2017,
637582,"@Uber_Support Parents traveld thru uber.When the trip was over-Being a non-cash payment(paytm) driver said he has trip call n hence pay me the amount which you paid earlier.My father being aged paid him by cash.On contacting customer support I a,m not given satisfactory answer-1",@271175 Hi Radhika! We see your outreach and a member of our team will be following up via email as soon as possible. We appreciate your patience.,Tue Nov 21 13:08:59 +0000 2017,
2705812,@Uber_Support Uber in Miami beach is terrible. Says 5 min wait time.Confirm. Then says 8 min. Then 2 min. Then back to 8 min. Bad service.,"@356352 Here to help! Send us a note here, https://t.co/e8HVorX5rh and our team will follow up.",Sun Nov 19 23:19:35 +0000 2017,
482406,"So Uber cancels my ride while I’m outside in the cold waiting for it and THEN has the nerve to charge me a cancellation fee and with no ways to disputes the charge OK. @115873 that’s why your stock is going down, do better.",@229728 We're here to help! Please send us a note via https://t.co/JyzdtQmyxT so we can connect.,Fri Dec 01 14:06:32 +0000 2017,
76182,@Uber_Support Yes i replied,"@133047 We just got back to you via DM, Bharath.",Thu Nov 30 14:30:06 +0000 2017,
2261924,"Dear @115873, I’m having trouble with your app right now! 😡😡😡😡😡 https://t.co/lG2stfLkyF",@304745 Sorry to hear about the trouble! Please send us a message at https://t.co/41EELWKjnd with the details and we'll follow up.,Sat Nov 11 02:09:36 +0000 2017,
1751631,Last 2 @115873 have been out of gas and have to stop WTF? May be time for a switch.,@527753 Sorry to hear about the trouble! Send us a note with the trip details at https://t.co/PUzEzl9cmR and we can connect on this.,Tue Nov 07 18:19:22 +0000 2017,
486891,"@Uber_Support I have been charged 54,500 rupiahs by @115873 on my credit card while I’m not using uber, and there is no charge in email. hey uber please explain this immediately !!!!!!!!",@230851 Sorry about the trouble! Please send us a note here: https://t.co/kGIXas5Cxg so one of our team can take a look into this issue for you.,Fri Dec 01 15:47:05 +0000 2017,
2529551,@Uber_Support hi. I left something in the cab. How can I message my driver? He asked me to message him my number?,@720151 Here to help! Get in contact with your driver via https://t.co/Sy2fWIhhC2.,Mon Oct 30 09:05:35 +0000 2017,
2596578,@115877 ordered a drink tonight with my meal. Wasn’t delivered. Just submitted feedback through the app.,@735191 We're here to help! Send us a DM with your email address so we can follow up.,Fri Nov 17 03:46:44 +0000 2017,
504222,@235548 @235549 @235550 @145585 @4018 @115873 It’s happened to me twice this week! It’s so infuriating and the drivers just say “make a complaint on the app” https://t.co/BwLGTjsoKb,@235547 We're here to help! Please send us a note via https://t.co/y4EDPcVZOI so we can connect.,Fri Dec 01 20:33:04 +0000 2017,
1368502,"So, you know when @115873 charge you if you cancel.... shouldn’t their drivers get charged for cancelling on you minutes before pick up 🤔🤔",@149117 We're so sorry for the trouble. Send us a note via https://t.co/h840Iouehc so we can assist.,Fri Oct 27 22:22:10 +0000 2017,
2713279,So I was charged $75.00 for moisture on a car. I need a refund for that specific ride. @115873 https://t.co/ZL7KzP0hHi,@761715 We'll be happy to take a closer look. Send us a note via https://t.co/a6RfeBkKmr so our team can connect.,Mon Nov 20 03:04:50 +0000 2017,
76224,@Uber_Support Nothing is done stop copy paste of msg.@133052 @118341,"@133051 Hey, Geetanjli. Please check the Help section of your app for our latest response. Let us know if you have any other questions or concerns.",Tue Nov 28 19:03:25 +0000 2017,
459114,@Uber_Support I can’t log into my account and none of the options on the site are helping... is there a way I can contact someone? Thank you!,"@224039 At this moment, we don't offer phone support for these issues. Send us a note here; https://t.co/epjfBJjd4q and our team will be able to assist!",Fri Dec 01 00:49:56 +0000 2017,
402670,@Uber_Support no response till now,"@195391 Hello, Arjun. Our team has followed up with you via email regarding this matter.",Mon Oct 09 18:15:21 +0000 2017,
321801,"@Uber_Support Help, getting an error while requesting Uber. Reinstalling the app did not help. What to do next?",@192662 Let's look into this - DM us the email address connected with your profile so our team can assist you further.,Sat Oct 07 13:09:46 +0000 2017,
2665736,@115873 why have I been charged $44 30 times and I I didn’t take one uber at $44?,@751042 Here to help. Send us a note at https://t.co/dInR3racif so our team can connect.,Sun Nov 19 08:29:09 +0000 2017,
2454621,"@Uber_Support I sent a note, but I need more help",@703159 We're here to help! Send us a DM with your email address and more details so we can follow up.,Wed Nov 15 03:47:11 +0000 2017,
1221065,@115877 why’s ya app not working,@406515 We're here to help. Can you please send us a DM with your email address and more info so we can connect?,Wed Oct 25 15:07:21 +0000 2017,
2907317,@Uber_Support nobody helped me https://t.co/xGqwxhLoOk,@805025 Hello there! Please send us a DM with your email address so we can connect.,Tue Nov 28 23:05:33 +0000 2017,
1577582,@Uber_Support sorry I did not receive any email recently. __email__,@485920 Hi! Our team works to respond to each individual inquiry. We see your outreach and a member of our team will be following up to assist you.,Fri Oct 20 11:45:22 +0000 2017,
2882288,"@Uber_Support Hello, I ordered from you yesterday and my order never turned up even though it said it was delivered. I've contacted you through the app and haven't heard anything back",@206405 We're here to help! Send us a DM with your email address so we can connect.,Tue Nov 28 09:34:02 +0000 2017,
728830,@119983 My ride still hasn't started and neither is the driver taking calls?? What is up with the @115873 service? https://t.co/4Qa2HqbIhG,@294582 Here to help! Please send us a note at https://t.co/FDTXFthjTD and we'll be happy to look into this for you.,Wed Oct 11 08:17:30 +0000 2017,
758495,@Uber_Support Reaching you guys is really terrible. I feel you guys are as emotionless as your app... If you need human compassion for the public hire me!,@151417 We're going to follow up via DM again shortly!,Mon Oct 16 14:42:32 +0000 2017,
917110,Yo @115873 this is so rude and he end up cancel the trip cause idk the location he told me when i put my exact location before booking tf https://t.co/4sIga1L1r8,"@40539 Here to help! Send us a note here; https://t.co/TmWmJyGFaK, and our team will follow up.",Sat Oct 21 09:43:15 +0000 2017,
2229710,Swear @115873 need an option where people can type their problems out and submit it 🙄 the options never match my issues,@650717 So sorry about the trouble! Please send us a DM with your email address and more details so we can connect.,Fri Nov 10 16:07:26 +0000 2017,
2684410,@Uber_Support sent my email address please check and assist,@582797 We followed up with you via DM.,Tue Oct 31 16:49:12 +0000 2017,
2513163,@Uber_Support your app wouldn't let me request a ride and use my $15 off code I had to pay full price. Help,@547548 Here to help! Contact us here; https://t.co/lqVgKo4ZO3 so we can take a closer look.,Mon Oct 30 06:47:07 +0000 2017,
2603224,Hi @115873 I've received multiple welcome messages to my phone with access codes. It's not me. Looks like either a very wrong system failure or a hack. Can you help?,"@736668 Here to help! Follow up here; https://t.co/kGIXas5Cxg, and our team will connect right away.",Sun Nov 26 20:59:54 +0000 2017,
818273,"@Uber_Support Restarted my mobile &amp; got the same message. I just took a NYC cab, perhaps it’s time to just try @115879 already","@314900 Hi Audra, please reach out with the details at https://t.co/PWVkQvrcL1 so we can help.",Thu Oct 12 22:47:59 +0000 2017,
2213347,Dear @Uber_Support please tell your driver that they cannot call you before picking you up AFTER excepting your trip and tell you I cannot make it after making you waiting 20 minutes for them to arrive.,@646851 Here to help! Can you please contact us via https://t.co/e8HVorX5rh so our team can assist?,Fri Nov 10 04:57:34 +0000 2017,
1905845,So happy that I get to pay a $5 booking fee to have food delivered to me via @115877 and @McDonalds only to have a third of my order missing.,@567900 Here to help! Send us a note via https://t.co/ZFaWy0Lkdu and we'll be in touch.,Thu Nov 30 19:47:29 +0000 2017,
1391598,"@Uber_Support Nah man that’s the USA, give me Australia",@443656 Happy to help! Type in your address to see the local restaurants available to you.,Sat Oct 28 12:26:30 +0000 2017,
536949,No one has contacted me yet about my complaint @Uber_Support. Reminder - being called a knob and a time waster by your driver because I wouldn’t wander streets in dark icy conditions by myself at night when he knew exactly where I was and wouldn’t come to restaurant.,"@244450 Hi, Victoria. A member of our team has been in touch via email, please check your inbox and follow up there directly.",Sat Dec 02 09:28:34 +0000 2017,
244665,@Uber_Support Doesn’t look like the “appropriate team” has followed up @115873,"@174117 We did, Thomas! If she has any other questions or concerns, have her check the Help tab of her Uber app, or email inbox for this message.",Thu Oct 05 11:16:10 +0000 2017,
2123759,@Uber_Support STOP BOT chat and give relevant resolution.. I am going to report this to consumer court.,@625587 Happy to take a closer look! Send us a DM with your email address so we can follow up.,Thu Nov 09 02:47:56 +0000 2017,
1891646,S/o @115877 and their new fees every couple months 🙄,"@561913 Hey, Keith. If you have an issue with your order, we're happy to take a look into that. You can DM your account email and details anytime.",Sun Oct 22 20:40:07 +0000 2017,
1608443,@Uber_Support Still reviewing ?,@493922 Sorry for the delay! Requests are responded to in the order received and we’ll follow up as soon as we can. Thank you.,Sun Nov 05 10:40:59 +0000 2017,
2864065,"I hate it when @115873 says ""we couldn't connect"" and then sends a driver on way after I've already found another mode of transport.",@234739 Here to help! Follow up here; https://t.co/u3MyknJaaN and our team will connect right away.,Mon Nov 27 23:27:54 +0000 2017,
1805655,@Uber_Support When I first tried to book there wasn't any surge pricing..,@542538 We can take a look! Send us a note via https://t.co/fS660rQ8NQ so our team can get in touch.,Sun Oct 29 00:38:01 +0000 2017,
1562938,Why won’t @115877 show my nearest McDonald’s and let me order breakfast 😭😭😭😭😭,@482689 We're here to help! Send us a DM with your email address so we can connect.,Sat Nov 04 10:11:53 +0000 2017,
1293845,Hey @115873 just waited for 30 mins for a car that never showed and charged me. I need to be refunded ASAP,@422567 Oh no! Please send us a note at https://t.co/lyqXfbVdYK and we'll be happy to look into this for you.,Thu Oct 26 21:13:58 +0000 2017,
1076405,@Uber_Support still not working,@298561 We've been in touch via DM!,Sat Oct 14 23:37:21 +0000 2017,
2587464,@137317 @115877 @Uber_Support,"@210295 We're here to help! Send us a note here, https://t.co/ZFaWy0Lkdu and our team will be in touch.",Mon Oct 30 17:28:35 +0000 2017,
2459243,@Uber_Support I'm not getting any requests.,"@704283 Happy to help! We have received your in-app and our team will respond as soon as possible, please keep an eye out for our reply.",Wed Nov 15 03:34:09 +0000 2017,
74872,@Uber_Support I will not send any note call me or check my account details and resolve! Simple @115873,"@132753 Hi Sushmita. We understand that you would like to speak on the phone. Though we do not currently provide phone support right now, we’ll be happy to work with you. For us to look further into your request, send a note to https://t.co/zUe0dj6yoX so we can follow up.",Mon Nov 27 18:13:35 +0000 2017,
2221452,@Uber_Support Why my Uber app is not processing any other payment method than cash transaction?,"@648813 Happy to help! Send us a note here, https://t.co/yqIhbGRNqi, and our team will follow up.",Fri Nov 10 12:01:25 +0000 2017,
1379966,@115873 Drivers in Las Vegas want to report a MAJOR hack in your system that the greenlight hub refuses to help with. How to contact the HQ?,@705429 Hi there! Please reach out to https://t.co/zUe0dj6yoX and fill out the 4 boxes at the bottom so we can get in touch.,Sun Oct 29 18:19:26 +0000 2017,
1817692,"@Uber_Support hey my account got blocked today, after a query with your staff. Not sure what's happened..? Can u help","@545993 We can take a closer look at this, Paolo. If you could please DM us with the email address linked to your Uber account, we can connect.",Mon Oct 16 04:58:07 +0000 2017,
444515,@Uber_Support and my current promo still doesn't work whch is why this bullshit has started in the first place and which is why I STILL can't use the promo I was given. So no help with that either besides the bullshit you are putting me through. Support my ass.. I'll be taking regular cabs,"@219997 We're very sorry to hear about the trouble, We've found your request. It's definitely in there and someone from our team will get back to you as soon as possible.",Thu Nov 23 04:37:26 +0000 2017,
91647,@Uber_Support was charged double the fare in cash. Reported to Uber with no help from them. https://t.co/m4sfvno4qg,"@135874 Hi, Abhinav. Our team has followed up with you via email regarding your concern. If you have further questions, please reply to the email thread and we'll be sure to follow up with you.",Thu Nov 30 14:53:41 +0000 2017,
2546170,@115873 Left me in lurch!!! Booked taxi in advance for international airport!! The driver didn't pick the phone even after 6 calls!! No option given to me but to cancel...!! And now charged small fee for drivers time!!!,@723689 Here to help. Kindly send a note at https://t.co/e8HVorX5rh so we can connect,Thu Nov 30 21:53:27 +0000 2017,
1425777,"@Uber_Support all apps except @uber_support transfers automatically to new device. No more uber, it seems. Way too difficult to reset from a phone.",@451238 We're here to help. Can you please send us a DM with your email address so we can look into this?,Sun Nov 26 01:19:11 +0000 2017,
1118089,@Uber_Support Driver Name was Krishan (Cab No: 7774),"@383818 Hey, Imran. Please send us a message via the previously provided link and a member of our team will be in touch as soon as possible.",Tue Oct 24 04:56:34 +0000 2017,
1620844,"That awkward moment when the @115873 driver pulls away while your entire family has the doors open about to get in. Hey @115879 , sup?","@496729 Here to help! Send us a note here, https://t.co/e8HVorX5rh and our team will follow up.",Sat Nov 04 03:01:18 +0000 2017,
2402538,@115873 your driver cheated me 11 ryal,@691199 Sorry for the trouble! Send us a note via https://t.co/fS660rQ8NQ so we can connect right away.,Tue Nov 14 13:48:17 +0000 2017,
711206,My bizarre encounter with an @115873 driver today! Btw she is still circling my neighborhood. https://t.co/4TscoIh7zJ,@290087 Here to help! Can you please contact us via https://t.co/fS660rQ8NQ so our team can connect?,Tue Oct 10 21:34:49 +0000 2017,
1350686,@Uber_Support My problem ia not a cancellation fee. It is a no show at 11pm and rude behaviour,"@434952 So sorry, Monideepa! Our team's constantly working to improve your experience, we couldn't do it without hearing from our riders first hand.",Fri Oct 27 17:54:27 +0000 2017,
2927388,Hi I’m eating the smell of my taxi driver.’s air freshener what is my prize @115873,"@809901 Sorry for the trouble! Send us a note here, https://t.co/0F63dna8nx, and our team will be in touch.",Wed Nov 29 04:25:28 +0000 2017,
616401,@Uber_Support how do I get started I'm not getting a reply,@266280 We're currently reviewing your email and will be in touch shortly. We appreciate your patience!,Mon Oct 23 20:54:49 +0000 2017,
2680951,Landed in Chennai airport... Both @1143 app and @115873 has miserably failed. Useless tech. Scalability issue?? https://t.co/QeQ9s1MUvA,@754237 So sorry about the trouble! Please send us a DM with your email address and phone number so we can connect.,Tue Oct 31 15:43:25 +0000 2017,
2255875,"Hey, @115877 are you actually down in Toronto right now due to “severe weather”? It’s just cold out, no snow or anything. https://t.co/uAT6Trcxwx",@657037 We're so sorry about that! Please DM us your email address so we can further assist.,Fri Nov 10 23:52:22 +0000 2017,
165884,@Uber_Support 6174649622 just give me my money that i worked for and so i can finish getting that ouke oder out my car for the sake of my children that i have to drive to school and etc and my elderly nieghbors i drive to appointments and etc. I need my $$ today not later!,@154519 It seems a member of our team has reached out to you. Please check your email and follow up with them there.,Fri Nov 24 20:23:27 +0000 2017,
853233,Dear @1582 why the hell i am charged 42/- from my previous ride when I've been paying full amount for all my rides. Disappointing.,@322698 Here to help! Send us a note at https://t.co/1xM0TILvAI so our team can connect.,Mon Oct 09 14:29:36 +0000 2017,
2117945,@Uber_Support There’s been zero follow up and multiple threads with the same automated message,@603392 Go ahead and check your app! We've reached out to you via in-app support which you can respond to directly for further details.,Wed Nov 08 14:25:09 +0000 2017,
939826,@Uber_Support could you reply. Cause i have a huge ass problem with y’all shitty ass shit.,@342793 We have followed up via DM.,Fri Oct 13 20:51:30 +0000 2017,
2475043,@Uber_Support Guys you are simply not hearing me. My son left his phone in an uber. He accessed his account via his laptop to make contact with the driver. His last transaction on his accouny is july 2017. He cant see last night's trip on hus account.,@707576 Please DM us the account holder's email address and phone number and we'll follow up with him directly. Thanks! https://t.co/sd7yH5jmbJ,Wed Nov 15 16:15:32 +0000 2017,
662863,"How do you not know where the main entrance of the Children’s Hospital is? Goddamnit, why do I even fuck with @115873? I hate it so much 🖕🏽 (cc: @Uber_Support)",@277926 We're sorry to hear this was your experience. Contact us via https://t.co/e8HVorX5rh and we'll be in touch.,Thu Nov 23 01:49:30 +0000 2017,
563470,@Uber_Support I have already done that and i had an email saying the charge will stand. The driver didn’t even show up at the location I requested. I didn’t move from that spot #joke,@251932 Here to help! Please DM us your email address so we can further assist.,Sat Dec 02 23:29:46 +0000 2017,
1164007,@Uber_Support __email__ thanks,"@201507 Hi, Tom. It's suggested to remove this information from public-facing Tweets. Please DM us and we'll be happy to further assist!",Sun Oct 15 19:55:38 +0000 2017,
467591,"@Uber_Support Sent a note, 40 minutes later....still no contact...",@226301 Happy to take a closer look! Send us a DM with your email address so we can follow up.,Fri Dec 01 06:09:57 +0000 2017,
1399408,@Uber_Support my taxi never turned up to my location point and charged me a cancellation fee. Not happy.,@445399 Sorry about that! Please send us a note at https://t.co/QsI1vsvcif and we'll be happy to look into this for you.,Sat Oct 28 16:31:23 +0000 2017,
2485933,@Uber_Support The trip doesn’t show in my recent trips. Attaching screenshots for further reference. The driver refused to answer my calls despite calling multiple times after the drop location was communicated to him. The least he could’ve done was to cancel it. :/. https://t.co/P7SMb0YzXn,@710097 Happy to help! Send us a DM with your email address and our team will follow up.,Wed Nov 15 15:48:24 +0000 2017,
1011541,@Uber_Support Was promised for a reversal on 12Oct. Haven’t received anything yet. Kindly help.,"@123083 We're happy to take a look, Darshil! Please DM us the email address linked to your account so we can follow up.",Sun Oct 22 17:03:55 +0000 2017,
1766443,@Uber_Support please explain d concept of wait charges. If I get in cab d moment it arrives and then get stuck in traffic do i get charged? https://t.co/0y7xOchXJR,@531203 Happy to clarify - please check out https://t.co/LgTOhyidVy for additional details regarding wait time charges.,Tue Oct 17 20:28:56 +0000 2017,
787952,@115877 get it together! Miss an item in my order then charge me delivery fee again to bring the missing item?!,"@307944 That doesn't sound right, Anthony. Send us a DM with your account email address and we'll be in touch.",Thu Oct 12 03:34:00 +0000 2017,
814979,@Uber_Support Sent a DM. Atleast tell me how you have charged 205 for 4km!!,@314082 Happy to help - our team has received your information and will be following up with you shortly.,Fri Oct 13 11:13:28 +0000 2017,
1306842,@116276 I urgently need to your executive complaints people. I have tried to communicate a grave problem using the help section on Uber app..,@425389 Sorry to hear that you're having an issue. Please DM us with details on the issue you're having.,Fri Oct 27 02:58:41 +0000 2017,
1596206,@115877 u are the worst service disgsgursinf die!,@490396 That's not what we like to hear. Please send us a note via https://t.co/Hav1JwFfkX and we'll be in touch.,Sat Nov 04 22:01:48 +0000 2017,
330214,"@Uber_Support I have submitted my complaint, see a screenshot for reference, pl help on priority basis, am a regular customer who has been fleeced https://t.co/kEgPoAf3ja",@194614 Happy to help - our team has received your information and is looking into this further. We'll be following up with you shortly.,Wed Oct 11 12:25:33 +0000 2017,
2680771,@Uber_Support A farce .. that is what ubersupport is.... 6 months of emails and I still am stuck,@754201 We've responded to your DM.,Mon Nov 13 06:50:29 +0000 2017,
2117955,"@Uber_Support I have a pending, rather large, charge on my credit card for a ride for an amount that I did not authorize. It doesn't show up on my @115873 account side at all. I've reached out for help on your side but would like to speak over the phone.",@624215 Here to help! Send us a (direct message) DM with your email address so we can assist.,Wed Nov 08 14:25:28 +0000 2017,
377509,@153185 @Uber_Support When I get home customer service is going to get an earful. My 2nd driver was pissed for me.,@205582 We want to help! Please visit https://t.co/z8NNR56eyf for further assistance.,Mon Oct 09 03:40:01 +0000 2017,
2221336,@Uber_Support your website is not working! I need my invoices! What can I do???,@648783 Here to help! Send us a note via https://t.co/1ZhWn0IZsw so we can help.,Fri Nov 10 11:52:10 +0000 2017,
2104671,@Uber_Support i can't re-open my account. Email assistance doesn't work and it answer to me in portoguese (I'm italian!!) help me!!! my account mobile number is +393478453083 and my email is __email__ !,"@621289 We absolutely want to follow up right away, Marco. Send us a note here; https://t.co/Md7v036OoC and our team will be able to assist!",Wed Nov 08 12:19:33 +0000 2017,
22597,"@Uber_Support This looks good on paper, but is otherwise useless. You’re never really there to help &amp; this message is automated.",@120935 We're here to help! Send us a DM (Direct message) with your email address so we can assist.,Wed Nov 01 18:49:36 +0000 2017,
2518395,@115873 y’all got me stranded at work because you guys didn’t return original charge from this morning!!! 😡😡😡,@717368 We can take a look! Send us a note via https://t.co/xMxswVLBKT so we can help.,Thu Nov 16 00:07:22 +0000 2017,
1532266,@115873 @Uber_Support you should have an option to choose a car driven by a NON SMOKER 🚫🚬😷 #cantbreathe,@475286 We appreciate your feedback and suggestion. Kindly send a note here: https://t.co/QDn91HzZV0 so we can connect.,Fri Nov 03 20:34:34 +0000 2017,
728364,@Uber_Support I've already done that and have heard nothing! I need to buy a new pair of glasses ASAP if I'm not going to get mine back!,"@215731 Thanks for following up, Natalia. Please DM us the email address linked to your Uber account so we can look into this for you.",Wed Oct 11 10:08:01 +0000 2017,
680767,@Uber_Support I gave the request there...still no action taken,@282446 We can take a look! Send us a DM with your email address so we can follow up.,Thu Nov 23 12:16:39 +0000 2017,
870409,Eventually had to cancel the 4th ride and got charged of Rs.47 @115873 revert this asap,@326666 Here to help! Please send us a note at https://t.co/lyqXfbVdYK and we'll be happy to look into this for you.,Fri Oct 13 15:30:39 +0000 2017,
2414587,"@115877 hi, I'm trying to get some Krispy donuts and it is not appearing on my list of restaurants. Please send help, and donuts!! 😭😩","@694044 Happy to clarify, Sean. We've been overwhelmed by demand! Supply is limited, but please keep trying.",Tue Nov 14 14:37:27 +0000 2017,
2896666,@115873 @Uber_Support @119983 How can you charge me fee when the cab driver hasn't moved on your app for more than 10 mins? What about my time? I tried calling the driver 10 times. Connected just once. https://t.co/lm5pt7u4dx,@802617 Here to help! Send us a note here; https://t.co/h840Iouehc and our team will be able to help.,Tue Nov 28 16:28:55 +0000 2017,
2572157,@115877 one of your cycle couriers going through York tonight with no lights. Training/safety policy needed?,@729379 We can definitely take a look! Send us a DM with your email address so we can connect.,Thu Nov 16 19:47:30 +0000 2017,
2352456,Hey @Uber_Support please fix the location bug from the #app. The #car location remains back versus actual #location. https://t.co/shFqvVHIEp,@679820 Here to help! Send us a note via https://t.co/u3MyknJaaN so our team can connect.,Mon Nov 13 17:58:40 +0000 2017,
141535,@115873 Please someone review Trip ID 6b60fe8d-c394-4dd8-8486-6b61e909ca39 and see the serious issues Uber needs to improve in the 180 days of Change. Thanks.,@147931 Here to help. Please confirm your email address or phone number through direct message so we can assist you further.,Fri Nov 24 12:03:19 +0000 2017,
724055,@115873 I hope to hear back on my complaint about this..,@293400 Happy to further assist you. Can you please send us a direct message with your email address and additional details regarding your concern?,Tue Oct 10 22:43:01 +0000 2017,
1573133,"If the company is afraid to put up a customer helpline for passengers, stop your bloody service then!! @Uber_Support @115873 #ubersucks",@484910 Here to help. Send us a note at https://t.co/zUe0dj6yoX so our team can connect.,Sat Nov 04 14:07:52 +0000 2017,
2194147,@115873 is the most frustrating company I've ever worked for. Never heard any other driver say a positive thing either. They steal your money and employ people with no cs math or recognition run you around. #NewsOneNow #BusinessIntelligence #boss,@514352 Go ahead and check your app! We've reached out to you via in-app support which you can respond to directly for further details.,Thu Nov 09 20:15:46 +0000 2017,
95736,@Uber_Support @115873 Uber is cheating its customers by charging more than double than the actual projected fare. Today Uber charged Rs.100/ more for a ride,"@136420 Sorry for the trouble! Send us a note here, https://t.co/1xM0TILvAI and our team will be in touch.",Thu Nov 30 16:03:19 +0000 2017,
2908523,"@115873 your Uber Events people suck. You charged $2500 instead of $250 on a deposit, then after you refunded the amount you sent multiple codes instead of just once universal code, and you've constantly had me cancel and resubmit for a new event. Get it together.",@805295 Here to help! Send us a note here; https://t.co/t6jnm3ULFw and our team will be able to assist.,Tue Nov 28 20:38:21 +0000 2017,
1599273,@491126 @115877 WV??,@491125 Here to help! You can see our hours and delivery area at https://t.co/P4mEOOIdr4,Sun Nov 05 03:54:59 +0000 2017,
2811204,"@Uber_Support I just checked my email, no one has reached out to me 😕",@783938 Sorry to hear about the troubles. A member of our team has reached out via email again. Be sure to check both your inbox and spam folders for our message. Please continue to follow up with that open thread to help prevent any miscommunication.,Wed Nov 22 08:12:15 +0000 2017,
566241,@Uber_Support It appears the problem may be with confirming my email not the promo with @115877 it says i havnt when i got a confirmation saying i did,@252733 Here to help! Send us a DM with your email address so we can connect right away.,Sun Dec 03 01:15:37 +0000 2017,
2864050,"@Uber_Support I'm trying to schedule a car on 11/29 from Tumwater, WA to Seattle-Tacoma Airport but keep getting an error. :( Can you help please?",@795547 Happy to help. Please send us a DM of the email address connected to your account so we can further assist.,Mon Nov 27 23:28:08 +0000 2017,
2088124,"Ordered @115877 an hour ago with a 25 min wait, still not received food 👎🏻","@617398 That doesn't sound right, Alara. Please send us a note at https://t.co/uqkboJBiJd and a member of our team will follow up.",Thu Oct 19 01:16:45 +0000 2017,
2812953,@115873 I got charged an ABSURD cleaning fee for being the most peaceful rider. This is a total scam!! And @Uber_Support sides with the driver who submitted pics of his OWN DIRTY CAR already dirty b4 I got on!! Absolutely ridiculous &amp; happening to everyone https://t.co/c6jri7IVcQ,@784334 We're sorry to hear about that! Send us a note here:https://t.co/a6RfeBkKmr so our team can assist.,Mon Nov 27 01:39:18 +0000 2017,
1426226,@Uber_Support Pls help in resetting the account. Thanks in Advance.,@451331 We can definitely take a closer look! Contact us here: https://t.co/Md7v036OoC so we can help.,Thu Nov 02 04:34:39 +0000 2017,
1198321,@115873 this 3rd uber pool has picked up 2 other ppl already. ur algorithm sucks uber,@401548 We'll take a look! Send us a note via https://t.co/QDn91HzZV0 and fill out the 4 boxes at the bottom so our team can connect.,Wed Oct 25 03:50:21 +0000 2017,
2323232,@Uber_Support My account is on __email__. Please reimburse any deductions! https://t.co/Kqf1icxPZT,"@673139 We'll be more than happy to review this for you, Aditi. Please head on over to https://t.co/e8HVorX5rh so we can follow up with you directly. Thank you.",Mon Nov 13 15:26:06 +0000 2017,
1508098,@115873 Hey! So after my last Uber ride I have gone down in rating despite being friendly and polite 😔 Please can you tell me why?,@470028 We're here to help! Please visit for more info; https://t.co/kWptmPiR2h.,Fri Nov 03 13:46:56 +0000 2017,
2686092,@115873 @Uber_Support the second trip I had today and they say the app still doesn’t prompt them on how to tip! Still up to the same shit!,"@119225 Hi, we have followed up with your DM.",Tue Oct 31 16:59:55 +0000 2017,
2449656,I hate when @115873 drivers give attitude because my route happens to have some traffic. My rating will suffer because they don’t want to do their jobs. Smh,@702086 Here to help! Send us a note here; https://t.co/bGVPYLIm9f and our team will be able to assist!,Wed Nov 15 02:33:12 +0000 2017,
2449765,@Uber_Support I left my phone in my Uber ride so I cant verify to get into my uber account,@702117 Here to help! Find out more about contacting your driver here; https://t.co/rOtqyWzf0B.,Sun Oct 29 15:57:59 +0000 2017,
1761505,"Just caught @115877 delivery guy filling up his box with our post, lots of parcels for the whole block, Fable Apartments EC1V 1AP. Thief!!",@530076 That's completely unacceptable. Send us a DM with your email address so we can follow up ASAP.,Tue Nov 07 20:18:41 +0000 2017,
1971844,@Uber_Support Have reported the issue in the help section long back. They are unresponsive. See the second screenshot.,@584074 Here to help! Send us a DM (direct message) with your email address so we can assist.,Sun Nov 26 10:25:03 +0000 2017,
1728040,@115873 why did my credit card get charged for 2 uber rides when I didn't take an uber?,@522539 We're sorry to hear this was your experience. Contact us via https://t.co/dInR3racif and we'll be in touch.,Tue Oct 17 19:10:01 +0000 2017,
2162639,"@115873 i lost some books, the driver has them, but won’t return my calls? Can I hold him reliable for damages/theft?",@635003 Here to help! Send us a note here; https://t.co/oY5vj3NqP3 and our team will be able to assist!,Thu Nov 09 07:02:26 +0000 2017,
1755327,@Uber_Support your uber driver hasnt ended my ride. it has been over 8 minutes and im at my location that i need to be.,@528620 Sorry to hear about that! Please send us a note here; https://t.co/WFtPA6RjWt and our team will get in touch.,Tue Nov 07 19:17:38 +0000 2017,
1242313,@115877 Is there a magic number of times I need to unsubscribe from your stupid spam? I've done it 3 times now and you still send me ads.,@411425 We're here to help! Send us a DM with your email address so we can follow up.,Wed Oct 25 22:51:01 +0000 2017,
743962,@Uber_Support I am coming on my 100th rideaversary. Is there a bonus I will receive?,@297885 We have followed up via DM.,Fri Oct 06 23:03:43 +0000 2017,
1611081,"@Uber_Support This is what I’m getting, can’t see help for this situ in the link. https://t.co/MxQMrt8fA0","@494505 Hi Andy, we're here to help! Send us a DM with your email address so we can connect.",Sun Nov 05 11:36:41 +0000 2017,
310849,"@Uber_Support I checked all of that. I was able to get the credits, but I can't schedule a ride using them or a card","@190233 Let's take a closer look, Suu! Please reach out at https://t.co/41EELWKjnd and we'll follow up.",Sat Oct 07 02:37:53 +0000 2017,
2241676,Woah wtf. Why did ubereats just charge me full for a meal I got a discount on??,@653582 We're here to help! Please send us a note via https://t.co/h3vAjBLlBH so we can assist further.,Fri Nov 10 20:15:25 +0000 2017,
19747,"@Uber_Support I can’t login into my account and the tech support isn’t helping me either, any suggestions???",@802975 Here to help! Send us a note via https://t.co/Md7v036OoC so our team can get in touch.,Tue Nov 28 17:03:14 +0000 2017,
1532262,If you want a meal tonight use @153233 or @421483 Stay Away From @115877 Unless you Want to Pay Double to Starve. #shitservice,@153232 We were able to follow up with you via in-app support. Please get back to us there if you have any questions.,Fri Nov 03 20:36:12 +0000 2017,
639815,.@115873 - how can I change a review? I fat fingered a 1* rating due to being left handed and your less-than-ideal app design. #SorryMichael,"@271763 Here to help! For more info on how to change ratings, visit https://t.co/M1RhRwgiRE",Wed Nov 22 20:19:00 +0000 2017,
2774505,@Uber_Support I have a promotion code but never get an option to apply the code for a drive. Till date I have never been able to use a code. I have informed this several times but still no luck. Trying to use a code now still do not get option to update the code #Uber #Bangalore,@775398 Hi there! Please reach out to https://t.co/zUe0dj6yoX and fill out the boxes at the bottom so we can get in touch.,Tue Nov 21 14:34:54 +0000 2017,
1572388,@115873 an Uber Eats gift card I used looks to not have been applied to my account. Where can I get some help with this issue?,@484727 We're here to help! Send us a DM with your email address so we can assist.,Sat Nov 04 13:52:43 +0000 2017,
2145841,"Just had a dude threaten to murder me bc he tried to cut me off and almost hit me lmao, its okay tho bc he is an @115873 driver and i got his liscense plate, lmao do i try to get this fool fired",@630827 We absolutely want to follow up right away. Please send us a DM with your email address so we can connect.,Wed Nov 08 23:35:24 +0000 2017,
324710,"@Uber_Support First ride for 8 pm, bkd 6pm, but driver called at 6pm itself.Fare of 78 was charged. Pl refund 78. I am now in Uber #8766.","@193357 Hello, Geeta. We've followed up with you via DM regarding this matter.",Sat Oct 07 15:08:27 +0000 2017,
249545,@115877 is a good concept until there’s missing “key” parts of your order 😡,@175308 Sorry to hear about the trouble! Please DM us your Uber account email address and order details so we can sort this out.,Thu Oct 05 16:28:57 +0000 2017,
912930,"@Uber_Support i hv sent an e mail, please check yr inbox or u pls send me the e mail id","@336800 Let's take a look! Please share your email address in DM, so we can follow up. https://t.co/sd7yH5jmbJ",Fri Oct 13 17:35:12 +0000 2017,
794139,"@Uber_Support someone signed up for an Uber account using my email address, and now I get all of their trip emails. How do I make it stop?","@309357 Here to help, Tristan. Send us a note at https://t.co/TsUMCmplvi and a member of our team will follow up asap.",Sun Oct 08 03:29:42 +0000 2017,
834486,@Uber_Support You guys still havent responded to my complaint. I want my money back,@318709 Sorry to hear about the trouble. Please reply to us in-app or by e-mail to continue communication on this. We're happy to help!,Sat Oct 14 05:33:59 +0000 2017,
2807436,@Uber_Support I have two profiles now on Uber due to signing up for Uber eats using my email. My original Uber profile with phone number did not have an email so it comes up as a different profile . Can you please help me merge them ?,"@782973 Here to help! Send us a note at https://t.co/NcKEnQDmxQ (I have a different question about UberEATS) so our team can connect right away. If you'd like, you can also DM us with your email address and additional information regarding your concern so we can assist.",Mon Nov 27 00:54:13 +0000 2017,
2505138,"@Uber_Support You guys inexplicably deleted my 5-year-old, ~5.0-rated account this morning and the in-app support is useless. Can a human being please fix this problem? Thanks",@714374 So sorry about the trouble! Please send us a DM with your email address so we can connect.,Wed Nov 15 21:29:47 +0000 2017,
576164,@Uber_Support massive fraud on my account - how can I stop this?,@255577 Here to help! Send us a note via https://t.co/aJtaJUwNEK to assist you further.,Sun Dec 03 08:39:34 +0000 2017,
536935,"@Uber_Support yesterday I had availed the cab service for around 40km under go option &amp; cab was WagonR i have charged Rs.670 nearby(₹8.40 per Km), can I know why even u charged toll but there is no toll charges between my destination.",@244447 Sorry to hear that. Please send us a note here; https://t.co/1xM0TILvAI and our team will get in touch to assist.,Sat Dec 02 13:36:06 +0000 2017,
925396,So I was rejected from this rude @115873 driver because I had 3 other friends with me and he was mad we weren't headed to the airport- https://t.co/lNYQf6QB3q,@339605 Let's look into that! Send us a note at https://t.co/e8HVorX5rh so our team can connect.,Sat Oct 21 14:09:35 +0000 2017,
1211242,When your @115873 driver shows up with 2 passengers.(not a pool). Maybe he's @115879 ing too? 😂,@404291 That doesn't sound right. Sign in and visit us at https://t.co/z8NNR56eyf so our team can look into this.,Wed Oct 25 11:53:28 +0000 2017,
557152,@Uber_Support Thank you. I just DM you. Please get in touch with me ASAP!!!! Thanking you. #Uber #London #UberHelp,"@250093 Hello, Julie! Thanks for your patience. Please check your DM for our reply.",Sat Dec 02 21:21:10 +0000 2017,
1660949,Already wrote to you there. Not only did I miss my train and first meeting in Philly but also had to pay a $19 change fee for tickets @115873 https://t.co/OvMVGuZNiY,@405881 We apologize for the trouble! Send us a DM with your email address and we'll follow up.,Wed Oct 25 14:55:27 +0000 2017,
1166955,@115877 @Uber_Support Help meeeee. I want my money back I’m heartbroken and hangry 💔😩,"@394481 Let us look into this, Caitlin. Could you please send us a DM so we can connect?",Sun Oct 15 17:27:51 +0000 2017,
2762181,@Uber_Support Are you sure about which trip I am talking about? You never asked for details.,@772764 Here to help. We have escalated your most recent inquiry to the appropriate team who will be following up as soon as possible.,Tue Nov 21 07:38:17 +0000 2017,
2872835,@Uber_Support What is a dm,@797618 Please send us a direct message via the following link https://t.co/sd7yH5jmbJ,Tue Nov 28 03:58:04 +0000 2017,
2642831,@11970 Came to Boston. Something needs to be done. I should not have been charged to walk alone at night in the city to meet my driver,@745740 Let's look into that! Send us a note at https://t.co/e8HVorX5rh so our team can connect.,Tue Oct 31 01:44:52 +0000 2017,
662920,@115873 @Uber_Support @119983 @116288 does this help system really work? Not even acknowledged? #apathetic #pathetic https://t.co/lYz5tTvOqy,@277943 It seems a member of our team has reached out to you. Please check your email and follow up with them there.,Sat Nov 25 06:57:36 +0000 2017,
1961567,@115873 Make it 5. WTF?!,"@581726 Sorry to hear about the trouble, Luan! Go ahead and send us a note at https://t.co/QsI1vsvcif if you were wrongly charged for cancellation.",Mon Oct 30 23:12:24 +0000 2017,
635838,@Uber_Support you are not replying in DM I WANT TO TAKE RIDE,@270777 We've received your DM and a member of our team has reached out. Please review your messages for our response.,Sat Nov 18 11:59:08 +0000 2017,
2777701,@115873 will the ride pass ever be offered in SF again? #twomonthsistoolong #ridepass #uberridepass 🙏🏻😩,@776035 Hi there! Please visit; https://t.co/3h8wdQ4EJK for more info. Please let us know if you have any other questions or concerns.,Tue Nov 21 15:37:26 +0000 2017,
2186039,@115873 why do you hire drivers that have NO idea about the city they drive in or how to get around?,@640199 Here to help! Send us a note via https://t.co/fS660rQ8NQ so our team can connect.,Thu Nov 09 17:19:57 +0000 2017,
2706932,@115873 really disgusting you are charging wrong amnt...despite of initial promise...pls chk @Uber_Support,@134370 We see your outreach and a member of our team will be following up via email as soon as possible. We appreciate your patience.,Sun Nov 19 23:39:57 +0000 2017,
2441939,@Uber_Support No one responded to me in DM. Could you please check?,"@696290 Hi, Javed. Any applicable updates will be through in-app support. You can also view support messages via your account email. We appreciate your patience and understanding thus far.",Wed Nov 15 17:49:44 +0000 2017,
1136797,"@Uber_Support I did, straight after it happened","@387799 We haven't received a DM from you, Sakima. Feel free to DM us anytime. Thanks.",Sat Oct 28 18:12:43 +0000 2017,
1703160,@Uber_Support No @115873 u robbed me of £150 in the uk WTF would I?,"@166241 Let's take a look at what's going on here, Rio. Please head on over to https://t.co/dInR3racif so we can further connect.",Mon Nov 06 21:41:10 +0000 2017,
1395768,"@115873 women shouldn't drive in Florida. I'm already late as it is, now I'm late af. Schedule a ride for 10AM &amp; picked up 10 mins later.. 😡","@444573 Sorry for the trouble! Send us a note here, https://t.co/fS660rQ8NQ, and our team will be in touch.",Sat Oct 28 14:28:09 +0000 2017,
2141105,"@Uber_Support hello I wanted to know for uber eats in NYC, is there a hourly wage included ?","@629625 Here to help! To learn more, please visit this link; https://t.co/TcfpXeqlL7",Wed Nov 08 21:56:50 +0000 2017,
588847,Crazy things happened to me between 11:30AM and 2:30PM and it’s @115873 @4018 ‘s fault.,"@256459 We have followed up via DM, Tobi.",Sun Dec 03 13:33:09 +0000 2017,
2447592,@115873 @Uber_Support you guys need to stop allowing former pHilly taxi drivers drive for uber. Back to the same old denying rides cause it’s out of their way crap.... please ban this guy @701610 https://t.co/9aaWQ3C83u,"@701609 Sorry for the trouble! Send us a note here, https://t.co/iOszeeHZhQ, and our team will be in touch.",Wed Nov 15 02:01:11 +0000 2017,
1092390,@115873 why is the cost of my trip different in the app receipt and my bank charge?,@377779 We'll be happy to take a closer look. Send us a note via https://t.co/ue84RGNpRP so our team can connect.,Sun Oct 15 04:17:40 +0000 2017,
2774494,Unreliable behavior of cab driver. Cab driver cancelled the trip without any prior reasons. And when I tried to cancel from my side. APP stated of charging for cancellation. Which was cancelled by your driver. #Cab #Guwahati #UBER @115873 @Uber_Support https://t.co/kNdxxHgflG,@775396 We're sorry to hear this was your experience. Please send us a note at https://t.co/QsI1vsvcif and our team will be in touch.,Tue Nov 21 14:35:29 +0000 2017,
2575382,@115877 it’s been over an hour-order “delayed” and support hasn’t answered phone in 30 minutes,@730291 Sorry to hear this was your experience! Please send us a note at https://t.co/jP6giifgNM so our team can connect right away.,Thu Nov 16 21:07:33 +0000 2017,
2600649,@736154 @115873 how do I write to them like on the app?,"@343455 Thanks for reaching out, Chuck. You can reach us directly in the help section of your app or by signing in at https://t.co/K9QeDZ409D.",Tue Nov 07 01:29:13 +0000 2017,
219985,@Uber_Support I booked with a driver that never showed and did not answer me and you guys charged me a cancellation fee. Refund please?,@168462 Oh no! Thanks for bringing this to our attention. DM us your account email along with details for assistance.,Thu Oct 05 02:41:19 +0000 2017,
557208,@115877 yout service is shocking - saying a 30 min delivery time and you keep shifting the delivery slot. Over an hour now #boycottuber,@130954 Here to help. Send us a note at https://t.co/aZ6Ktyb1LN so our team can connect.,Sat Dec 02 20:53:27 +0000 2017,
488677,"@115873 @Uber_Support I waited a month for #ridepass, I received a notification email and clicked it immediately and none were available. This is a terrible experience. Why did it happen?","@231365 Due to high demand, the purchasing process for Ride Passes has changed, Martin. Emails are sent to riders with the chance to purchase. If they're showing unavailable, they're currently sold out, and you will not be able to purchase a ride pass for the month.",Fri Dec 01 15:57:44 +0000 2017,
482383,I believe @115873 should elevate hospitality by giving a credit every time the driver cancels. It happens with some frequency with no effect other than burning the clients’ time.,@229723 We always appreciate feedback! Please reach out directly so we can further connect; https://t.co/LlerXNH4PG,Fri Dec 01 12:48:18 +0000 2017,
2690952,Day 2 - @115873 still has been holding my $100+ hostage for rides I didn't take. Waiting for my refund and dealing with inadequate customer service. #SundayFunday,@756492 We see your outreach and a member of our team will be following up via email as soon as possible. We appreciate your patience.,Sun Nov 19 15:53:50 +0000 2017,
2777680,@Uber_Support @116276 @11716 @115873. PLEASE YOU ARE REALLY MAKING THIS SO HARD FOR ME!!!! https://t.co/Rg4UvjdXeL,@271774 Hey Sara. Please send us the email address connected with your profile so our team can look into this further.,Tue Nov 21 15:43:33 +0000 2017,
735774,"@Uber_Support FYI place I ord frm called at 10:12p almost 4hrs later, for what? My complaint to @115877 abt burnt food? Can’t imagine for anything else. https://t.co/6Qlt8fFAXC","@296009 Sorry again to hear about this, Christina. Please send us a note at the link provided for further assistance.",Sun Oct 29 05:48:44 +0000 2017,
2811198,@Uber_Support my food delivery said it was delivered but never arrived? raging.,@783937 Here to help. Send us a note at https://t.co/nFTc4OVhVn so our team can connect.,Wed Nov 22 07:51:17 +0000 2017,
2533297,"@Uber_Support I have and I have not had any response, and it’s been over 5 hours. Can someone please contact me.",@720901 We have located your support inquiry. We will follow up once an update is available. We appreciate your patience.,Mon Oct 30 15:31:34 +0000 2017,
2779390,@115873 Again your two drivers didn't came for pickup &amp; made excuses &amp; canceled the ride. Shameless service by you!! Whts ur custmr care no?,@776331 We're here to help. Please reach out to us at https://t.co/h840Iouehc with additional details so we can connect.,Tue Nov 21 16:24:19 +0000 2017,
483921,@Uber_Support on Nov 28 you added a token charge of ₹1 to my card which you still haven't refunded. When are you going to do that?,"@164853 We've followed up within your Direct Messages, Partha!",Fri Dec 01 13:31:56 +0000 2017,
521805,@115877 fuck you,"@240482 Hi there! We're here to help. Let us know if you have any specific questions, or visit our help site at https://t.co/iATniAbeos for more info.",Sat Dec 02 03:26:43 +0000 2017,
2754840,@115873 deodorant should be a requirement for your drivers I literally had to get out of my car and walk it was THAT BAD! #stinkydriver,@771078 We're sorry to hear this was your experience. Contact us via https://t.co/aBEgvdNWQN and we'll be in touch.,Mon Nov 20 21:10:48 +0000 2017,
1788649,@Uber_Support had ride pass w/ auto renewal.We got a message stating that there was a prcssing error on ur end got a $10 credit/no ride pass,"@325715 We'd be happy to look into this for you, Johnny. Please DM us your Uber account email address so we can connect. https://t.co/sd7yH5jmbJ",Thu Oct 12 13:36:06 +0000 2017,
2632335,"@115873 u have a serious problem with MCO, pick up instructions &amp; this driver. Pls contact me https://t.co/zSIxXpJBI5","@132771 Hi there, we're here to help! Please send us a note here; https://t.co/593jusCquh so our team can assist.",Sun Nov 26 21:53:16 +0000 2017,
344665,"@Uber_Support what are your contingencies, regarding service during Lake effect storms in the Great Lake region?",@197992 We have followed up through your DM. Please follow up.,Sun Oct 08 00:46:32 +0000 2017,
605284,@116276 We appreciate your good work Mr. Data but I have a disabled account I would please like your team to work it out for me since it's been 3 weeks since I tried Uber help for solutions. Thank you https://t.co/3SbOBE4iOn,@263863 Sorry to hear about the trouble! We see that you've submitted a response and a member of our team will follow up with you as soon as possible. Thanks for your patience while we look into this.,Fri Nov 17 12:32:00 +0000 2017,
2831118,"@115873 @119720 The DC market is getting hit with hundreds of ghost requests and cancellations fyi, may want to review all accounts that have done so this am.",@599699 Here to help! Send us a note via https://t.co/ZKt0NHVs3P and we'll be in touch.,Mon Nov 27 13:18:32 +0000 2017,
2762187,Terrible first experience with @115877. Picked it for 20-30 min delivery here I am 49 mins later still without my order 🤦🏼‍♀️🤦🏼‍♀️,@772766 Here to help! Please visit https://t.co/OfU5UzgGiI for more info.,Tue Nov 21 06:58:46 +0000 2017,
1381219,"Almost just died in my @115873 ride, then he proceeded to go 40 mph the rest of the way #wtf #drivertrainiganyone","@441487 We're here to help! Send us a note here, https://t.co/yfZfahBCoB and so our team will assist.",Sat Oct 28 05:17:20 +0000 2017,
2208073,Absolutely appalling service from @115877 tonight. Been charged for food that I did not receive. Stay clear of this awful company and use Deliveroo instead who actually value their customers. 😡😡😡😡,@645524 We're sorry to hear this. Can you please send us a DM with your email address so we can look into this?,Fri Nov 10 00:39:02 +0000 2017,
2475028,:I’m Confused Like @115873 Don’t Tell Their Drivers Where Their Customers Are Going? This The 2nd Time A Driver Canceled At The Last Minute Now I’m Late For Work! 🤬,@707574 Here to help! Send us a note at https://t.co/e8HVorX5rh so our team can connect.,Wed Nov 15 13:32:22 +0000 2017,
2725123,@Uber_Support I got only 1 mail 6 days before amd I responded with details but no response till now . I even reverted twice. I already provided snapshots Atleast tell me the problem whuch is taking to much time to resolve,"@721995 Our team has been in touch via email, Ulta. Please be sure to follow up with us via that thread.",Mon Nov 20 13:54:30 +0000 2017,
2414592,@115877 ordered Krispy Kreme and you cancelled my order. Sort it out mate,"@694046 If you can’t get your free Original Glazed Dozen box, it probably means supply has ran out. Sorry.",Tue Nov 14 14:37:35 +0000 2017,
1715379,@115873 From past 1 week Routes in Uberpool are becoming pathetic day by day😤😡,@519503 Here to help! Please send us a DM with your email address and more info regarding your concern so we can assist.,Tue Nov 07 03:26:33 +0000 2017,
260765,@115873 you locked me out of my account and it is such a convoluted process to get back in. I'm using @115879 from now on bye.,@178084 Here to help! Follow up here; https://t.co/Md7v036OoC and our team will connect right away.,Thu Oct 05 00:17:02 +0000 2017,
2409575,@115877 @148768 i'm confused.... is a page that refuses to load (when claiming people can get free donuts) supposed to make me want to use UberEats instead of @2350?,"@692833 Sorry for the inconvenience, Tom! We're working hard to get Krispy Kreme to as many people as possible, keep trying.",Tue Nov 14 14:07:59 +0000 2017,
2359028,"@Uber_Support Thanks, I've just sent you a DM",@681302 We've been in touch via your DM. Please check your inbox for updates! Thanks.,Mon Nov 13 20:17:13 +0000 2017,
1832244,Why can't I cash out @Uber_Support @141483,@178145 Send us a note at https://t.co/S3MfNVJl8Q and a member of our team will follow up soon.,Wed Oct 18 04:55:21 +0000 2017,
1157043,@Uber_Support The support finally answered after being on hold for 28 mins...I hope I am not still charged for my order. You should be able to cancel within the app if the support line is so slow.,@392183 We're sorry to hear this. Can you please send us a DM of your email address so we can look into this?,Sat Nov 25 19:08:44 +0000 2017,
2130207,@115877 @Uber_Support I didn’t even get to use it wtf https://t.co/BaaRlrnrX8,@626996 Here to help! Send us a note here; https://t.co/h3vAjBLlBH and our team will be able to assist!,Wed Nov 08 19:15:37 +0000 2017,
1259762,"Yeah, I’m definitely going to miss my flight.... my @115873 got pulled over 😑 @SouthwestAir",@415160 We take this very seriously. Please send us a DM with your email address so we can connect ASAP.,Thu Oct 26 09:24:18 +0000 2017,
1717693,When your husband has to tell the @115873 driver to stop texting whist driving @ 80mph on the M25 #uberlondon #notsurenow,@520113 We take this very seriously. Please contact us via https://t.co/IeSxT5cVHC so our team can further assist.,Sat Oct 28 22:53:50 +0000 2017,
352201,@Uber_Support help! Trying to use whilst abroad and keep getting told my payment method (2 types) are invalid and to verify my email (which,"@199766 Sorry to hear about the troubles, Julianne. Please send us a note at https://t.co/hr88X1ZGuG so we can look into this for you.",Sun Oct 08 12:29:22 +0000 2017,
1450179,"@Uber_Support Someone has my credit card info and is charging a bunch of expensive rides! Please help, asap!",@456515 We're here to help! Send us a note via https://t.co/dInR3racif so our team can assist.,Thu Nov 02 16:49:39 +0000 2017,
225900,@115873 I've been charged for trip that I didn't take. Here is the screen shot. How can I take 2 trips at the same time?Mailed but no response https://t.co/VeNCnDPJHi,@169932 Happy to take a closer look. Can you send us a DM with your email address with additional info so we can follow up?,Thu Oct 05 06:11:50 +0000 2017,
2933998,"@Uber_Support Help! Regardless of pick up location, payment method, or other factors, I consistently get the same error. Please see the attached picture, which is a screenshot showing the error that I received. Thank you. M: 425-224-5667. E: __email__ https://t.co/ynWLdOXpig","@811282 Thanks for following up, Kalani. Please send us a note at the link previously provided so we can give this the attention needed.",Wed Nov 29 09:27:25 +0000 2017,
2688252,@Uber_Support Hi I just scheduled a cab in the morning but at the end while booking msg appear popping we don't gurantee driving partner will come to pick up. Pls clarify I have flight to catch,"@755877 Happy to help! For more information on scheduling a ride, please visit us here; https://t.co/avOql7o416",Sun Nov 19 14:14:56 +0000 2017,
2008891,@115877 Why can’t I buy food? Keep getting an error,@200893 Happy to help. Can you DM us your email address associated with your Uber account so we can follow up?,Wed Oct 18 18:47:34 +0000 2017,
1682780,"@Uber_Support Need your help re: TOTALLY incorrect @115877 No food arrived, just drinks. Been over 24 hours and still no contact!!","@511537 Sorry for the delay, Louise. Our team is reviewing your email now and will be in touch. We appreciate your patience!",Mon Nov 06 16:36:03 +0000 2017,
997256,@115877 @115873 @Uber_Support me and other drivers have this error message right now https://t.co/9swMXhLyzW,@249175 Here to help! Please send us a DM with your email address with details so we can follow up.,Tue Oct 24 21:16:41 +0000 2017,
1548896,then explain why UberEATS didn't fucking deliver my Buttermilk Crispy Tenders two nights in a row. https://t.co/GbgMOennMN,@479472 Here to help! Send us a note via https://t.co/nFTc4ODH3P so our team can connect.,Sat Nov 04 01:57:37 +0000 2017,
767187,Hey #Uber My wife left her phone in the car yesterday. The driver was supposed to bring the phone back tonight. He did not. Help.,"@303360 Here to further assist you, Justin! Send us a DM with your email address so we can follow up.",Sun Oct 29 05:50:21 +0000 2017,
1657382,@Uber_Support Didnt help because there is no option to schedule and I'm in a place where uber is new,@142986 Here to further assist you! Send us a DM with your email address so we can follow up.,Mon Nov 06 04:13:13 +0000 2017,
2221283,@Uber_Support I want to file a case against uber driver. Let me know if I need to share cab and driver details.. I want to escalate and get assured that the driver license gets expired soon,"@648768 Happy to help! Please send us specific details of your concern together with your email address, so we can better assist you.",Fri Nov 10 11:51:52 +0000 2017,
2060647,Come on @115877 you’re legit 1 minute outside of my house 😡 https://t.co/AVUrRS7dDX,@609450 Hi - we're working hard to expand our service area. Please stay tuned to our website or app for updates: https://t.co/glft9xre9b.,Sat Oct 07 16:15:47 +0000 2017,
1346537,"@115873 @318192 Your second driver came, took a longer route passing the exit on the freeway. I had to direct him back in the right direction still charged.",@434006 We're here to help! Send us a DM with your email address so we can connect.,Mon Oct 16 13:41:05 +0000 2017,
879410,"@115873 Hi, do you have a policy on cars having plates/signs on identifying them as a taxi, seems to be more common to get an unmarked taxi.",@328777 Please connect with us at https://t.co/qHI8xcWfiW and we'll be happy to follow up.,Fri Oct 13 14:26:46 +0000 2017,
1310656,"@119983 Hey Admin, ur driver has taken 200 Rs as parking charges. I have msg u via Uber App but very poor response from Ur side https://t.co/dxZtBTOqSI","@417383 Hi, Manjeet. We have replied to your in-app support inquiry on this issue, please check the ""Help"" section to see our message.",Thu Oct 26 07:47:45 +0000 2017,
2823449,@115877 For the user ID #7A4D0 we were delivered chicken fried rice combo instead of veg fried rice combo. It is totally unacceptable to be careless and make such errors in delivery to a pure vegetarian customer,@786720 Here to help. Send us a note at https://t.co/Tq0sPMsSdu so our team can connect.,Mon Nov 27 08:30:24 +0000 2017,
2413072,@148768 I am in central London and Krispy Kreme is not even appearing on the @115877 app.,@693695 Thanks for reaching out. We're experiencing exceptionally high traffic on the platform from all the users excited about his promotional offer. We appreciate your patience!,Tue Nov 14 14:32:57 +0000 2017,
2449763,"@Uber_Support very disappointed with my UberEATS order this morning! Half the order missing, cold and disgusting, and no way to contact!",@702116 We're here to help! Send us a note via https://t.co/EGiaYE5JMU so our team can assist.,Sun Oct 29 15:48:43 +0000 2017,
1736338,"@115873 ok, left phone in uber on way to JFK. Can't get confirmation code because... Phone in uber. What do we do?",@524212 We're here to help! Send us a DM (direct message) with your email address so we can connect.,Sun Nov 26 05:27:26 +0000 2017,
2652856,@Uber_Support are you guys goin to reply to me or not it’s a very serious issue to me,@748137 We can take a closer look! Please send us a DM of the email address connected to your account so we can further assist.,Sun Nov 19 06:48:58 +0000 2017,
2167234,@115873 some time before I booked a car. The driver canceled the trip. You are asking me to pay ₹47+ . Why should I pay ?,@635968 Here to help! Please send us a note at https://t.co/wW2bTlNcsR and we'll be happy to look into this for you.,Thu Nov 09 10:01:35 +0000 2017,
714312,@115873 2x 2day you have charged me uber x rates 4 pools. . Will not be booking again till you refund me. &amp; yes I've filed 2 complaints.,@290874 Happy to take a closer look! Send us a DM with your email address so we can follow up.,Tue Oct 10 23:26:00 +0000 2017,
1354249,@Uber_Support guys its been 5 days and no one contacted me yet please help me asap,@205145 We've sent a DM.,Mon Oct 16 13:23:55 +0000 2017,
2337005,@Uber_Support It has now been 2 months and 3 emails since I first contacted you saying that I could not access my account- this is insane.,@676166 Can you please send us a DM with the email on your account so we can take a look? We're happy to help.,Fri Oct 20 04:11:04 +0000 2017,
1985602,@Uber_Support Very bad. charged double for a ride and not refunding. usually takes 400 from blr airport to sahakarnagar and charged 800,@202008 Hi Pradeep! We see your outreach and a member of our team will be following up via email as soon as possible. We appreciate your patience.,Thu Nov 02 06:03:37 +0000 2017,
2574015,"Thanks @115877 for making me wait an hour and a half just to then cancel my order. @15213 what’s up, ready to get my business",@729938 We're here to help! Send us a DM with your email address and more details so we can follow up.,Thu Nov 16 20:29:26 +0000 2017,
2194041,"@630215 @115873 Uber charged me for my ride and someone else's ride. When I told the driver about this in their car, the other passenger noticed they were charged for both my ride and their's as well. I tried to contact Uber about this and they did absolutely nothing about it. :/",@278365 Happy to help and sorry to hear this. Can you DM us your email address associated with your Uber account so we can follow up?,Thu Nov 09 21:24:47 +0000 2017,
987841,@115873 charged us 15 quid for a 5 minute journey. It was on surge but very quiet in town. bro did the same journey at the same time for £3.,@354057 Sorry to hear that! Send us a note here: https://t.co/1xM0TILvAI so we can connect.,Sun Oct 22 12:09:33 +0000 2017,
1124920,"@Uber_Support sent this through outlining the situation, is this enough? https://t.co/Nd4IQupSMW","@385252 Thanks for following up, we respond to inquiries in the order received. A member of our team will reach out to you via ""Help"" in the app.",Sat Oct 14 14:29:37 +0000 2017,
1176448,@115873 my driver's been driving the opposite direction for 15 mins but I still have to pay £4 to cancel??,"@396728 Here to help! Send us a note here, https://t.co/e8HVorX5rh, and our team will follow up.",Wed Oct 25 00:13:31 +0000 2017,
306699,Fucking @115873 waited 5 mins they cancelled on me then charged!!,@189221 We're sorry to hear about this. Please send us a note via https://t.co/e8HVorX5rh so we can assist.,Fri Oct 06 23:10:15 +0000 2017,
73694,@Uber_Support Why would you allow the source and destination to be same? I think the customer should be flagged if such selection is made.,@132483 Hi there! Please reach out to https://t.co/QDn91HzZV0 and fill out the boxes at the bottom so we can get in touch.,Thu Nov 30 10:38:51 +0000 2017,
2572134,When your @115877 deliverer is on a bike and you know there’s no way he’s getting there in the time they give you😑🙈 #Hungry #LateLunch,"@203244 Sorry for the trouble! Send us a note here, https://t.co/aZ6Ktyb1LN, and our team will be in touch.",Thu Nov 16 19:45:30 +0000 2017,
2557496,cmon @115877 my #FirstWorldProblems are weighing heavy upon my psyche #helpabitchout https://t.co/n05RzW6n7y,@550623 We're working hard to expand our service area! Stay tuned to our website for updates: https://t.co/Mf9vzZ0uru,Thu Nov 16 16:20:08 +0000 2017,
1029020,"Uhhhh @115873 and @Uber_Support, why did I just get this sent to me? https://t.co/fLGwvpbme5","@363477 Hi there, Phil! That doesn't seem quite right to us. Send a note via https://t.co/J1AzB6DDDr + the details so we can look into this for you.",Sun Oct 22 16:02:31 +0000 2017,
2947608,@Uber_Support Why is Uber assessing a 35% fee (10% more than other cities)? Why isn't this fee posted anywhere? HB 100 states that fare calculations are supposed to be posted. That fee is part of the calculation.,@814110 We can definitely take a closer look! Please send us a DM with your email address so we can follow up.,Wed Nov 29 15:57:34 +0000 2017,
1584700,@115873 hey I’m in an Uber and it’s saying the driver never picked me up - I️ want to make sure he gets paid!,@487631 Hi there! Please reach out to https://t.co/zUe0dj6yoX and fill out the 4 boxes at the bottom so we can get in touch.,Sat Nov 04 20:45:25 +0000 2017,
2120392,@Uber_Support My driver is searching the web while driving. #NOTOK https://t.co/HNQwS5GAxx,@624797 We're so sorry this was your experience. Please send us a note here; https://t.co/IeSxT5cVHC so our team can take a closer look.,Wed Nov 08 14:58:05 +0000 2017,
2533953,@Uber_Support Waiting for your reply,"@721042 Hey, Pradeep. Our support team has responded to your inquiry. Please check there for an update.",Mon Oct 30 13:12:04 +0000 2017,
2711958,@Uber_Support I got charged with a wait fee despite that it was the driver who got lost in Brooklyn and had us wait while we where exactly by the pin. He even called and apologized. Can´t be right?,"@720397 Sorry for the trouble! Send us a note here, https://t.co/WJq5jsdLlf and our team will be in touch.",Mon Nov 20 02:26:50 +0000 2017,
960752,"Oi @115873 you have been 6 mins away for 20 minutes, the driver isn’t moving and you tell me it’ll cost me £4.25 cancel, you fucking disgrace",@347994 Sorry to hear about that! Can you please contact us via https://t.co/h840Iouehc so our team can connect.,Sun Oct 22 00:02:00 +0000 2017,
445725,@Uber_Support Okay seems like it wasn't a cancellation fee - then why am I charged? For sign-up? That's a lot for a sign-up. I need my money back. Thanks.,@220551 We're here to help! Send us a DM with your email address so we can connect.,Wed Nov 22 10:08:49 +0000 2017,
1585221,"Yo @Uber_Support I was charged $80.00 for a trip I didn’t even take. I’ve attempted to reach out via DM, no response. Contact me ASAP",@487755 Apologies for our delayed response. We've responded to your DM.,Tue Oct 17 04:14:45 +0000 2017,
91598,@115873 how do i request an uber with a car seat in london? Is this even possible,"@135864 Hi there Tatianna! Car seats are currently only available in select locations. However, you're always welcome to bring your own car seat along for the ride.",Thu Nov 30 14:53:40 +0000 2017,
1240267,"Thanks @115873 , your gps took me to a closed street and now I have my first 4 star review as a driver. 😒 I’m no longer the highest rated driver in Vegas...",@410923 Sorry to hear about that! Find out more here; https://t.co/W5JLYCBKdB,Fri Nov 03 18:56:53 +0000 2017,
1232401,@115873 #UberIndia ur app completely failed today. Gave me a bad experience to start the day and the week,@409038 We can definitely take a closer look! Contact us here; https://t.co/QDn91Hiowq so we can help.,Mon Oct 16 01:22:24 +0000 2017,
1146147,"@115873 first Im in one of your cars that smells like a porapotty, the same drive cancels my ride - he's @ pickup &amp; we get caught by train",@389773 That's definitely not okay! Please send us a note via https://t.co/SjsQQ8ofRq so we can connect.,Tue Oct 24 12:49:49 +0000 2017,
443094,@Uber_Support no human reposnding there...no point writing messgs there @116276 @3564 amit can u pls look into this .. how the customer service is being managed by uber is simply terrible...,@220004 Here to help. After reviewing the trip in question we have gone ahead and refunded the toll. Please allow 3- business days for the refund to reflect on your account. If you have any other questions or concerns please feel free to reach back out.,Wed Nov 22 10:22:57 +0000 2017,
2458773,@Uber_Support @115873 I don’t want a credit to my account. I want a refund,@704176 Our team is reviewing your email and will be in touch. We appreciate your patience!,Sun Nov 26 18:44:57 +0000 2017,
2715213,"47 min on the phone with @Uber_Support , aft 4 back and forth msgs, still no resolution. Do I get paid for 1 hour of my time trying to get paid for their app's glitch? #badcustomerservice https://t.co/04urOulc8H",@762206 We're so sorry about that! Please send us a DM with your email address with details so we can connect.,Mon Nov 20 05:19:23 +0000 2017,
2261974,I was going to spend exactly 20 (bc ocd) but I don’t fully know how to use Uber eats and accidentally pressed Oder when trying to find the way to edit my cart,@658562 Here to help! Send us a DM with your email address so we can assist.,Sat Nov 11 01:34:44 +0000 2017,
1239944,@Uber_Support I also would like to understand where/how do I use my free rides. I referred a few people.,@410832 We've been in touch via DM!,Thu Oct 19 22:08:39 +0000 2017,
1351785,@Uber_Support @50233 @435229 @50234 @9835 @50235 DMed. Will you do anything other than investigate? Deactivate this guy. Now.,@435227 We've followed up via DM so please check your inbox.,Sat Nov 04 04:12:47 +0000 2017,
2574047,@Uber_Support The driver cancelled my trip because of his inability to find his way to the pick-up point. I unfairly and unduly got to pay fees for that. How do I proceed to be reimbursed?,"@729948 We're here to help! Send us a note here, https://t.co/h840Iouehc and our team will be in touch.",Thu Nov 16 20:03:31 +0000 2017,
219995,"@Uber_Support Left sunglasses in and uber, driver gave to the person who rode after me, any chance I can get these back?",@168466 Oh no! Thanks for bringing this to our attention. DM us your account email along with details for assistance.,Wed Oct 04 23:23:26 +0000 2017,
820710,How do I contact an @115873 customer care representative through email or phone to get some @Uber_Support,"@315488 Hi! Please DM us with further details and the email linked to your account. With that info, we'll get a closer look.",Thu Oct 12 17:51:04 +0000 2017,
1955862,@Uber_Support I can’t select the trip because it only allows me to chose trips I’ve taken rather than hers and she’s the one with the missing phone,"@580485 Hi, Nancy. Please have the account holder select the trip in which she lost her phone via that same link.",Mon Oct 30 16:56:59 +0000 2017,
2206501,@Uber_Support why is it such a hassle to change payments?,@645148 Happy to further assist you. Send us a DM with your email address so we can assist.,Thu Nov 09 23:01:41 +0000 2017,
1492912,@Uber_Support I'm from Waterloo can I Uber in Toronto?,@466689 We're here to help. We just sent you a DM.,Mon Oct 16 18:36:41 +0000 2017,
2412732,@115877 @148768 but why accept my order to cancel it though? Why get my hopes up to smash them back down? https://t.co/YhDBejeCay,@693601 We're working hard to get Krispy Kreme to as many people as possible! Keep trying.,Tue Nov 14 14:33:01 +0000 2017,
2976718,@115873 @115873 my driver last night also asked me to move to sit in the front seat next to him. While we were driving. he wanted to stop the car. Wtf,@820950 We're sorry to hear this was your experience. Contact us via https://t.co/yfZfahBCoB and we'll be in touch.,Thu Nov 30 03:08:29 +0000 2017,
2162654,"@Uber_Support This doesn’t answer my question, i had it on auto renew, so what happened?","@144390 Hi there! For more information on this, click here; https://t.co/1fyML2Nor6. Feel free to reach out with any further questions.",Thu Nov 09 06:45:39 +0000 2017,
1555638,@Uber_Support Take an action.... why did the car came 20+ minuets late &amp; why couldn’t I cancel the ride? This is not acceptable.,@325710 Hello there! It seems a member of our team has reached out to you. Please check your email and follow up with them there.,Sat Nov 04 11:48:58 +0000 2017,
2807415,@115873 why can't i email you with an issue that is NOT listed on your https://t.co/kIGOJu0xHP site? I got charge for a cancellation fee for a ride that I did not order (my wife ordered our Uber on her phone) . No option to connect or contact you on your web site,@782969 Sorry for the trouble! Contact us via https://t.co/JyzdtQmyxT so we can connect right away.,Mon Nov 27 01:12:13 +0000 2017,
1379953,@Uber_Support That I know... But y should... Read my tweet again,"@441240 Hi, Yogesh. Send us a DM with your account email address + trip details and we'll be in touch.",Sat Oct 28 04:47:48 +0000 2017,
2438659,"@Uber_Support I forget my phone in the taxi and taxi driver phone is coming switched off. Taxi driver number is 8355872955, please help",@699480 Here to help. Kindly send a note here: https://t.co/oY5vj3NqP3 so we can connect.,Tue Nov 14 21:48:18 +0000 2017,
2652967,Pitiful response from @115873 Regarding a potentially dangerous driver who I believe intended to assault me. #unacceptable #uber https://t.co/dI9Rm57RYF,@748175 We're here to help! Send us a DM with your email address so we can connect.,Sun Nov 19 05:30:02 +0000 2017,
185299,@Uber_Support can you confirm the fact that you own that email address and that you sent that email?,@159576 We cannot confirm that we emailed you from https://t.co/tgtIfpUAR4. Will you please DM us with the details of what the email contains?,Tue Oct 24 21:15:38 +0000 2017,
568877,@115877 Ok. I submitted a help ticket. The worst part is I have no dinner and my wife is getting hangry. What are the chances that i get an on time delivery if I reorder? This is my first time using UberEATS.,@253469 Sorry to hear about that! Send us a DM (direct message) with your email address so we can follow up.,Sun Dec 03 02:47:00 +0000 2017,
415797,"@Uber_Support Hi thank you for the prompt reply Why Uber cant check my Uber account, I complained in the App already and they have my email",@214162 Thanks for following up. So we can look into this for you please DM us the email address linked to your Uber account.,Tue Oct 10 02:54:42 +0000 2017,
1805832,Worst customer service @119720. Emailed them 3 times and get generic replies every time that don't address my issue.,"@542593 Let's get another pair of eyes on your support request, Hannah. Please send us a DM with your Uber account email address and phone number.",Sun Oct 15 14:52:03 +0000 2017,
1783853,My boyfriend now has to have surgery because of an idiot Uber driver who caused his motorcycle accident and fled the scene 💔,"@214989 Hey Linda, we are very sorry to hear this. We have responded to you through DM given the nature of this issue. Please follow up there.",Wed Oct 11 06:15:13 +0000 2017,
812255,Ordered ubereats and I'm delivery time was originally 1:34 and is now at 2:06... wtf,@313552 Sorry to hear about this! Send us a DM with your email address so we can connect.,Sun Oct 08 08:52:06 +0000 2017,
704640,@115873 for some reason my uber app isn't letting me type in a promo code for my first free ride 😡,@288396 Hi there! Please reach out to https://t.co/zUe0dj6yoX and fill out the 4 boxes at the bottom so we can get in touch.,Thu Nov 23 18:52:46 +0000 2017,
2067956,@115873 why is it when your drivers get lost cuz they dont know where theyre going I get charged more for a ride might want to look into that,@611538 Here to help! Send us a note here: https://t.co/y4EDPcVZOI and our team will be in touch.,Thu Oct 19 01:26:41 +0000 2017,
723355,". @115873 what's happening with the app? Can't update my phone number. Getting the ""whoops wait a few minutes"" msg for like half hour now...",@293216 Here to help! Send us a note via https://t.co/u3MyknJaaN so we can follow up.,Wed Oct 11 03:07:48 +0000 2017,
220034,"@Uber_Support I have done all of that, the problem is still persisting.",@168481 Let's take another look. Please send us a DM with the email linked to your account and we'll follow up.,Thu Oct 05 02:06:58 +0000 2017,
1654306,"Ugh, cold food from @115877. Ruined the @14485 meal... devastated 😑😑😑 Just a lazy 50 minutes from pick up to delivery","@504914 We're sorry to hear about the trouble, Adam! Please DM us the email linked with your Uber account &amp; the order details so we can review.",Fri Oct 06 10:11:02 +0000 2017,
1175613,@Uber_Support I was charged for a Uber that the driver cancelled and I would like a refund.,@396542 Here to help. Kindly send a note here: https://t.co/JyzdtQmyxT so we can connect.,Tue Oct 24 20:49:03 +0000 2017,
1268467,@Uber_Support I am in Buenos Aires and I lost my phone in a Uber. I tríed to contact the driver but he didnt repply me. Aja can I do? Thanks,@417011 Here to help! Send us a note here; https://t.co/rOtqyWzf0B and our team will be able to help.,Thu Oct 26 12:55:10 +0000 2017,
2717491,"@Uber_Support I did it couple of times (and did it now too), but your support treats me like 5yr old - ""to delete card, please use the icon on the right.."". You get it that I am not able to do that right?",@762736 Our team is currently reviewing your email and will follow up. Thanks!,Mon Nov 20 07:08:38 +0000 2017,
2892518,@Uber_Support I have a very important item I believe I have lost in an uber last night and cannot get in touch with anyone,@801760 Hi Amber! We see your outreach and a member of our team will be following up via email as soon as possible. We appreciate your patience.,Tue Nov 28 15:18:08 +0000 2017,
2774460,@Uber_Support I sent the dm thank you,@775388 Sorry for the confusion! Kindly send us a note via https://t.co/tv4psVy8sr so our team can assist.,Tue Nov 21 15:00:51 +0000 2017,
1541182,@477629 I have actually been hacked and had money stolen today. My @115873 account was hacked :(,@121296 Will you please DM us with your email address associated with your account? We'll look into it.,Fri Nov 03 22:04:33 +0000 2017,
2418761,I can’t access my uber account and also I can not reset it. Didn’t get any help from Uber team so far.Very disappointed @115873 @Uber_Support,@577065 We're here to help! Send us a DM with your email address so we can follow up.,Sun Oct 29 11:37:25 +0000 2017,
1390356,@115873 No customer care .........😖😖😖,@443396 We'll be happy to take a closer look. Send us a note via https://t.co/mSBDsMUeID so our team can connect.,Sat Oct 28 11:21:00 +0000 2017,
2495223,@115877 can i get silverwear too next time? https://t.co/IbAPvzrgeO,@712157 Here to help! Send us a note here; https://t.co/EGiaYE5JMU so we can assist.,Mon Oct 30 00:17:52 +0000 2017,
2510939,"@Uber_Support Thx for quick reply. However, can't sign in as 2-factor authentication code goes to phone--which I don't have. Plz email __email__","@715711 Hey, Michael. A member of our team has been in touch via email, so please check your inbox and follow up there directly.",Mon Oct 30 05:07:26 +0000 2017,
2714208,@Uber_Support I just send you guys a PM,@761946 We'd be happy to assist you with this! Please DM us the email associated with your account and we'll follow up.,Mon Nov 20 03:30:09 +0000 2017,
1513451,"@115873 I just had a scheduled Uber that not only didn't show up, I got charged the full fare. How do i report and get a refund? #pissed 😤",@471188 Here to help. Kindly send a note here: https://t.co/e8HVorX5rh so we can connect.,Fri Nov 03 17:57:38 +0000 2017,
2199301,Ripped off by @115873 three times w/ fraudulent transactions raised the complaint and completely brushed off by their so called ‘help’ dept. No wonder @TfL says they are not fit for purpose. Shocking customer service,"@643254 We're happy to connect, Adam. Please DM us the email you reached out from and we'll be in touch shortly.",Thu Nov 09 18:54:56 +0000 2017,
1805535,"@Uber_Support Can you PM me and i will give you her email, so you can look at her conversation w customer support and contact her that way. Thx","@542500 We'd be happy to take a look. Please DM us her information, from there we will be able to follow up with her directly.",Wed Oct 18 01:49:03 +0000 2017,
185275,@Uber_Support Thanks. You can check the trip logs plus I have screenshot to give as proof,@159571 A member of our team responded to your in-app support inquiry. Please follow up with us there if you have any additional questions.,Tue Oct 24 18:31:37 +0000 2017,
345319,@115873 plz can you sort your Leeds drivers out! They keep cancelling for no reason # rude,"@198168 Sorry for the trouble! Send us a note here, https://t.co/FDTXFthjTD, and our team will be in touch.",Sun Oct 08 02:37:01 +0000 2017,
620307,I’m content in stating that @115873 has the worst customer experience when it comes to reporting one’s safety and concerns for security. I’ve gotten a canned answer reply twice regarding my complaint about Saturday’s ride.,@267228 We're here to help! Send us a DM with your email address and more details so we can follow up.,Wed Nov 22 16:58:40 +0000 2017,
1159231,@115873 thanks For leaving my mom stuck at the airport because of your Rude ass drivers. Never again will you get my money. #deleteuber https://t.co/QVIPtfIOTL,@392702 We're sorry to hear this was your experience. Contact us via https://t.co/VkPe1DH0dK and we'll be in touch.,Sun Oct 15 18:36:57 +0000 2017,
1395763,@Uber_Support Did I pay you just delivery money? Was it not you who placed my full order with restaurant? Please get full resolution it's an order..thx =),"@444572 Hi, Saad. We've followed up via DM.",Sat Oct 28 14:03:49 +0000 2017,
544544,Always mint when @115873 are 2 mins away then cancel. Obviously the surge goes up and they want a few more pennies.,@246525 Sorry about that! Please send us a note at https://t.co/QsI1vsvcif and we'll be happy to look into this for you.,Sat Dec 02 16:28:04 +0000 2017,
2237861,"@Uber_Support Done, thank you!",@652582 Hi there! We're currently reviewing your email and will be in touch shortly. We appreciate your patience!,Fri Nov 10 17:55:35 +0000 2017,
654481,How can @115873 cite increased demand to ramp up fares when the map shows a dozen cars within 200 yards.... #fucksurgeprice,@275688 We're sorry to hear this. Can you please send us a DM of your email address so we can look into this?,Wed Nov 22 22:18:55 +0000 2017,
1482487,@115873 5 of 3 ;) support and the no-support line. If they caref someone wouldnlook at my situation and get me on the road to supprt my family,"@464231 Here to help, Berry! Send us a note at https://t.co/oWepx7qsiO so our team can connect.",Fri Nov 03 02:10:05 +0000 2017,
177050,"@Uber_Support Thanks, the problem is that is my wife's phone and she forgot her password :( son with my user I can't access her trip.","@157672 Due to our privacy policy, we're not able to address these concerns over social. Please have the account holder (or the person you're writing in for) contact us at https://t.co/balq3Eyso6 so we can assist them further. Please let us know if you have any other questions.",Sat Nov 25 01:01:20 +0000 2017,
645178,Dear @115873 your driver refused to pickup and refuse to cancel on his side. I can’t use the app. I can send you the text and driver id to you,@273142 We can take a look! Send us a note via https://t.co/fS660rQ8NQ so our team can get in touch.,Thu Oct 05 03:38:05 +0000 2017,
1496087,Why is it so difficult for @115873 drivers to pick you up at your drop pin when you’re entire road is empty,@467357 Here to help! Send us a note via https://t.co/e8HVorX5rh so our team can get in touch.,Fri Nov 03 11:43:04 +0000 2017,
694999,So funny when your journey is estimated 12-16£ and your charged £40 by @Uber_Support and they refuse to do anything about it😂😂😂🖕 https://t.co/IGkpsrB21Z,@285744 We've been in touch via DM!,Thu Oct 05 20:40:32 +0000 2017,
604295,@Uber_Support The link that you have provided to me is not the trip am talking about.. can you please provide me the link to the trip that was canceled?,@263661 Thanks for following up! Please send us a DM with your email address so we can assist further.,Mon Nov 13 20:24:38 +0000 2017,
2420362,Nice Scam! @115877 @148768 #UberEATS https://t.co/koEBCBcLmv,"@695275 We’re sorry to hear that. Please try and re-order again. If you would like us to look into it, send a note through the ""Help"" section in the UberEATS app.",Tue Nov 14 14:51:34 +0000 2017,
1049159,@Uber_Support So I just sent my 5th message. What else you got?,@367967 We're sorry to hear this was your experience. Send us a DM with your email address so we can follow up.,Sat Nov 25 17:56:46 +0000 2017,
1574483,"@115873 , @Uber_Support All my payment methods were blocked by your system generated decision, while I am using that properly. Pls look into",@485232 We can take a look on these. Kindly send a note here: https://t.co/OhfgxSAY58 so we can connect.,Sat Nov 04 14:32:26 +0000 2017,
1266716,@115873 your customer service is becoming pathetic day by day. I had reported one issue through the app almost a week back but no response,@416597 So sorry about the trouble! Please send us a DM with your email address and more details so we can connect.,Mon Oct 16 06:12:17 +0000 2017,
802051,"@115873 @Uber_Support think my mate has left bag in uber cab, can't get hold of the driver, her house key in her bag, any advice? Help!",@311123 Here to help. Please visit https://t.co/Sy2fWIhhC2 for further assistance.,Sun Oct 08 09:46:45 +0000 2017,
346772,"when ur @115877 driver goes to the wrong street so i help him over the phone, he gets mad and hangs up, blocks me and i never got my food😭",@198569 We just reached out via DM!,Sun Oct 08 00:37:45 +0000 2017,
1551830,WHY IS UBER POOL SO GOD AWFUL? WHY DO I️ KEEP USING IT? SO MANY QUESTIONS @115873,@480192 We're here to help! Send us a DM with your email address so we can assist.,Sat Nov 04 03:41:08 +0000 2017,
1448124,"@115873 Also threatens me with account ""deactivation"". If you are going to threaten me, at least give me the opportunity to defend myself.",@456050 We apologize for the trouble! Send us a DM with your email address and we'll connect.,Thu Nov 02 16:14:32 +0000 2017,
1737165,@Uber_Support I had 2 rides today n both drivers denied me 2 pay with Paytm n pay them cash. I was denied Paytm 10%cashback. @132444,"@524413 Here to help! Send us a note here, https://t.co/fS660rQ8NQ, and our team will follow up.",Tue Nov 07 09:35:13 +0000 2017,
1986780,"@Uber_Support I need to be contacted within the hour, I'm a school teacher this is rediculous",@454063 Requests are responded to in the order they are received. A member of our team will follow up with you soon. Thanks for your patience!,Thu Nov 02 11:48:30 +0000 2017,
1464419,Hey @115873 can your drivers obey traffic rules so I don’t miss my flight 🤬😡🤬@Uber_Support,"@459914 We apologize for the situation you are experiencing, kindly send a note here: https://t.co/IeSxT5cVHC so we can connect.",Thu Nov 02 18:58:53 +0000 2017,
311673,"Hey @Uber_Support, how can I report a hit and run from one of your drivers if I don't have an account with your company?","@190427 Oh no! We hope everyone is OK. Please DM us your email address, phone number, and any details you may have about the partner.",Sat Oct 07 02:44:38 +0000 2017,
2539070,"@Uber_Support Dear Sir I traveled on 25/10/17 at Lucknow at around 8.23 PM but payment is still not deducted and I am not able to book further rides since then, Please help. My email- __email__ and mob 8005489829",@722103 Here to help! Please send us a note via https://t.co/76zx6Rm1i6 so we can connect.,Thu Nov 16 09:29:14 +0000 2017,
348572,Yo @115873 my friend had to order me an order bc YALL wont let me sign into my account... look at the amount of times I tried T’s &amp; G’s https://t.co/FoRzrTa54U,"@198975 Hello Samuil, here to help. Send us a note at https://t.co/Md7v036OoC so our team can connect.",Sun Oct 08 06:55:37 +0000 2017,
2033272,@Uber_Support I followed the link in your previous tweet and detailed my concerns but the form apparently regarding being over charged and the response i got was i was charged the appropriate amount,@529660 Sorry to hear about this! Send a DM with your account e-mail and any other necessary details about your issue. We'll look into it for you.,Wed Nov 08 05:31:22 +0000 2017,
1671330,@Uber_Support just checked out your Uber Pass offer. A suggestion would be to allow usage in other cities as well. It's good for travellers,"@345341 We always appreciate feedback, Freddy. Please reach out directly so we can further connect; https://t.co/LlerXNH4PG.",Mon Nov 06 12:57:07 +0000 2017,
974514,Thank you @115873 for wasting my time. My ride never came.,@351103 So sorry to hear that! Can you please contact us via https://t.co/e8HVorX5rh so our team can connect.,Sun Oct 22 03:33:51 +0000 2017,
2953000,@115873 your driver Ernest refused to end my trip after I got to my destination. And picked up another rider afterwards. On my trip! Refund me https://t.co/r0riucZ2sw,@815339 Hi there! We see your outreach via in-app. It seems a member of our team is currently reviewing your query and we'll follow shortly. We appreciate your patience.,Wed Nov 29 17:54:23 +0000 2017,
677037,"@115873 i can send you my address where i'm staying for him to return it though no problems, happy to pay the fee. Please let me know ASAP!",@281513 So sorry about the trouble! Please send us a DM with your email address and more details so we can connect.,Thu Nov 23 06:03:28 +0000 2017,
2394256,"Hey everyone, be sure to check your @115873 receipts. Coming home from Seattle, the driver cheated us on the fare. @115873 did nothing about it.","@689293 Hi, Joanna! Here to help. Kindly send us a note at; https://t.co/1xM0TILvAI so our team can assist.",Sun Nov 26 17:28:53 +0000 2017,
486914,I’ve now been waiting in the cold for 20 minutes and been cancelled on by 2 @115873 cars in a row #ubersucks,@230858 Here to help. Send us a note at https://t.co/e8HVorX5rh so our team can connect.,Wed Nov 29 23:57:18 +0000 2017,
2206391,How do you pick up someone with a gas tank on empty? My @115873 driver had stopped at a gas station and not only that all these round about stops before heading to my destination. #PissedOff😡,@529463 We're sorry to hear about the trouble! Please contact us via https://t.co/fBBjumhuHB so our team can connect.,Thu Nov 09 23:43:25 +0000 2017,
2420938,When you try get free doughnuts and they cancel your order after spending 30 minutes on @115877 😒.. @148768 thanks for teasing me.,"@695436 We're sorry to hear that! We're working hard to sort a technical issue caused by high demand. Please doughnut worry, there will still be plenty of time to order. If you're not immediately connected, do try again.",Tue Nov 14 14:39:47 +0000 2017,
1645194,Baby uber got me riding in a van and the driver face timing !!! Halp! cc: @115873 @Uber_Support @66734,@128333 We're sorry to hear this was your experience. Contact us via https://t.co/IeSxT5cVHC and we'll be in touch.,Mon Nov 06 01:18:53 +0000 2017,
1549519,"The @115877 driver said that @116273 ran out of something &amp; the gave me some coupons. Thinking ok, maybe this is why I have a bowl. Nope!",@237672 Here to help! Send us a note here https://t.co/rpgpQWLRtD so we can further assist.,Sat Nov 04 02:24:18 +0000 2017,
1811691,". @144886 he literally did not even drive with me in his car, still got charged. This is not okay and your website is not helpful","@544299 Definitely not OK, Abeer! You shouldn't have to pay for that. Please send us a DM with your information so we can adjust the charge for you.",Sun Oct 15 00:20:57 +0000 2017,
2402516,I have the stupidest @Uber_Support driver ever 5 minute journey has now taken me £20 I want a refund,@415273 Here to help! Send us a note via https://t.co/fS660rQ8NQ so our team can get in touch.,Tue Nov 14 13:52:19 +0000 2017,
1617815,"@115873 @Uber_Support what kind of service is this? Already waited more than 15min, still showing 13min away https://t.co/Nv4t1ph1bz",@496047 We're sorry to hear this was your experience. Contact us via https://t.co/593jusCquh and we'll be in touch.,Sat Nov 25 13:19:48 +0000 2017,
1789863,@115873 ur service is nonsense even after raising my concerns u still block me for d drivers mistake not show up,@537662 Sorry for the trouble! Please send us a DM with your email address and phone number so we can connect.,Sun Nov 26 06:56:29 +0000 2017,
2928653,@Uber_Support The cabs number is TS09UB3350 and the drivers name is Shobhan Babu.,@810211 Sorry to hear about this. Please send us a note here https://t.co/mUI74jyaJw so we can connect.,Wed Nov 29 05:08:27 +0000 2017,
861427,@115877 @115873 how can I report this horrible driver. He only had one star he shouldn’t even be working for you guys wtf,@324538 Sorry to hear about the trouble! Please visit https://t.co/hVMgTsth35 so we can sort this out.,Fri Oct 20 17:22:20 +0000 2017,
410131,"@Uber_Support Submitted a tkt thru app, UberPool stopped showing up on my app for 3 weeks now. Haven't heard back, please help!","@212828 We have reached out through your DM, please follow up.",Mon Oct 09 21:25:11 +0000 2017,
1307721,No one ever use uber eats they suck missing a bigmac two large fries and 4 drinks for a 62$ order from mcdonalds like fuck off lol,@425588 We're sorry to hear this was your experience. Contact us via https://t.co/ILV7P28gPt and we'll be in touch.,Fri Oct 27 02:17:15 +0000 2017,
2592307,Hi @115873 - how can I use that £10 thing that you get when you first sign up on the app? I'd love to use it as that's why I got the app. Thanks!,@734157 Check out https://t.co/CSw3jYhCzc to learn more.,Fri Nov 17 02:05:52 +0000 2017,
8583,"@Uber_Support just got kicked out of this guy’s car because he didn’t want to drive me home. Insult to injury, you charge me $7. #uberfail https://t.co/pJZuJmyyEj",@117512 We take this very seriously. Please send us a DM with your email address so we can connect ASAP.,Tue Oct 31 23:22:24 +0000 2017,
1084047,@Uber_Support Receiving support but they keep telling me to use wilson.greg3@gmail and ur system says uber doesn't allow this address need help escalated,@375713 We've located your support inquiry and will be responding shortly.,Mon Oct 23 18:46:26 +0000 2017,
380620,Paid 900 to go to noida from west delhi when it actually showed 350. @Uber_Support @115873,@206287 Happy to help. Please send us a note at https://t.co/wW2bTlNcsR for further assistance.,Mon Oct 09 07:26:28 +0000 2017,
1595554,@Uber_Support here we go again. Someone who left the cue to go to the bathroom is still in the queue? airport Queue at XNA is a scam &amp; joke,@129720 Oh no! Thanks for bringing this to our attention. DM us your account email along with details for assistance.,Sat Nov 04 21:08:45 +0000 2017,
219999,@Uber_Support driver jrk9523 decided to cancel my Uber after waiting 10 min past the estimate because I would not tell him the destination. https://t.co/zu88idL53y,@168468 Oh no! Thanks for bringing this to our attention. DM us your account email along with details for assistance.,Wed Oct 04 23:19:15 +0000 2017,
